[0m13:45:05.706613 [debug] [MainThread]: Sending event: {'category': 'dbt', 'action': 'invocation', 'label': 'start', 'context': [<snowplow_tracker.self_describing_json.SelfDescribingJson object at 0x108e002f0>, <snowplow_tracker.self_describing_json.SelfDescribingJson object at 0x10a33aad0>, <snowplow_tracker.self_describing_json.SelfDescribingJson object at 0x10a33ac10>]}


============================== 13:45:05.720805 | d7d80189-bbd2-46db-9c2d-06fbaa280fd9 ==============================
[0m13:45:05.720805 [info ] [MainThread]: Running with dbt=1.12.0-b2
[0m13:45:05.721223 [debug] [MainThread]: running dbt with arguments {'target_path': 'None', 'profiles_dir': '/Users/nformenton/Dev/funding-rate-analytics/dbt', 'use_colors': 'True', 'quiet': 'False', 'log_format': 'default', 'send_anonymous_usage_stats': 'True', 'warn_error_options': 'WarnErrorOptionsV2(error=[], warn=[], silence=[])', 'write_json': 'True', 'invocation_command': 'dbt debug', 'maximum_seed_size_mib': '1', 'no_print': 'None', 'partial_parse': 'True', 'introspect': 'True', 'printer_width': '80', 'empty': 'None', 'fail_fast': 'False', 'version_check': 'True', 'debug': 'False', 'cache_selected_only': 'False', 'use_experimental_parser': 'False', 'warn_error': 'None', 'static_parser': 'True', 'indirect_selection': 'eager', 'log_cache_events': 'False', 'log_path': '/Users/nformenton/Dev/funding-rate-analytics/dbt/logs'}
[0m13:45:05.755301 [info ] [MainThread]: dbt version: 1.12.0-b2
[0m13:45:05.756121 [info ] [MainThread]: python version: 3.14.6
[0m13:45:05.756573 [info ] [MainThread]: python path: /opt/homebrew/opt/python@3.14/bin/python3.14
[0m13:45:05.756987 [info ] [MainThread]: os info: macOS-26.5.1-arm64-arm-64bit-Mach-O
[0m13:45:05.863100 [info ] [MainThread]: Using profiles dir at /Users/nformenton/Dev/funding-rate-analytics/dbt
[0m13:45:05.863503 [info ] [MainThread]: Using profiles.yml file at /Users/nformenton/Dev/funding-rate-analytics/dbt/profiles.yml
[0m13:45:05.863931 [info ] [MainThread]: Using dbt_project.yml file at /Users/nformenton/Dev/funding-rate-analytics/dbt/dbt_project.yml
[0m13:45:05.864981 [info ] [MainThread]: adapter type: postgres
[0m13:45:05.865341 [info ] [MainThread]: adapter version: 1.10.0
[0m13:45:06.012967 [info ] [MainThread]: Configuration:
[0m13:45:06.016703 [info ] [MainThread]:   profiles.yml file [[32mOK found and valid[0m]
[0m13:45:06.018096 [info ] [MainThread]:   dbt_project.yml file [[32mOK found and valid[0m]
[0m13:45:06.019537 [info ] [MainThread]: Required dependencies:
[0m13:45:06.027498 [debug] [MainThread]: Executing "git --help"
[0m13:45:06.531320 [debug] [MainThread]: STDOUT: "b"usage: git [-v | --version] [-h | --help] [-C <path>] [-c <name>=<value>]\n           [--exec-path[=<path>]] [--html-path] [--man-path] [--info-path]\n           [-p | --paginate | -P | --no-pager] [--no-replace-objects] [--no-lazy-fetch]\n           [--no-optional-locks] [--no-advice] [--bare] [--git-dir=<path>]\n           [--work-tree=<path>] [--namespace=<name>] [--config-env=<name>=<envvar>]\n           <command> [<args>]\n\nThese are common Git commands used in various situations:\n\nstart a working area (see also: git help tutorial)\n   clone      Clone a repository into a new directory\n   init       Create an empty Git repository or reinitialize an existing one\n\nwork on the current change (see also: git help everyday)\n   add        Add file contents to the index\n   mv         Move or rename a file, a directory, or a symlink\n   restore    Restore working tree files\n   rm         Remove files from the working tree and from the index\n\nexamine the history and state (see also: git help revisions)\n   bisect     Use binary search to find the commit that introduced a bug\n   diff       Show changes between commits, commit and working tree, etc\n   grep       Print lines matching a pattern\n   log        Show commit logs\n   show       Show various types of objects\n   status     Show the working tree status\n\ngrow, mark and tweak your common history\n   backfill   Download missing objects in a partial clone\n   branch     List, create, or delete branches\n   commit     Record changes to the repository\n   merge      Join two or more development histories together\n   rebase     Reapply commits on top of another base tip\n   reset      Reset current HEAD to the specified state\n   switch     Switch branches\n   tag        Create, list, delete or verify a tag object signed with GPG\n\ncollaborate (see also: git help workflows)\n   fetch      Download objects and refs from another repository\n   pull       Fetch from and integrate with another repository or a local branch\n   push       Update remote refs along with associated objects\n\n'git help -a' and 'git help -g' list available subcommands and some\nconcept guides. See 'git help <command>' or 'git help <concept>'\nto read about a specific subcommand or concept.\nSee 'git help git' for an overview of the system.\n""
[0m13:45:06.625453 [debug] [MainThread]: STDERR: "b''"
[0m13:45:06.639955 [info ] [MainThread]:  - git [[32mOK found[0m]

[0m13:45:06.658551 [info ] [MainThread]: Connection:
[0m13:45:06.720871 [info ] [MainThread]:   host: localhost
[0m13:45:06.722576 [info ] [MainThread]:   port: 5432
[0m13:45:06.723823 [info ] [MainThread]:   user: postgres
[0m13:45:06.724467 [info ] [MainThread]:   database: funding_rates
[0m13:45:06.725280 [info ] [MainThread]:   schema: staging
[0m13:45:06.725860 [info ] [MainThread]:   connect_timeout: 10
[0m13:45:06.726830 [info ] [MainThread]:   role: None
[0m13:45:06.727622 [info ] [MainThread]:   search_path: None
[0m13:45:06.728524 [info ] [MainThread]:   keepalives_idle: 0
[0m13:45:06.728919 [info ] [MainThread]:   sslmode: None
[0m13:45:06.729611 [info ] [MainThread]:   sslcert: None
[0m13:45:06.730103 [info ] [MainThread]:   sslkey: None
[0m13:45:06.730634 [info ] [MainThread]:   sslrootcert: None
[0m13:45:06.731264 [info ] [MainThread]:   application_name: dbt
[0m13:45:06.731732 [info ] [MainThread]:   retries: 1
[0m13:45:06.784714 [info ] [MainThread]: Registered adapter: postgres=1.10.0
[0m13:45:07.306163 [debug] [MainThread]: Acquiring new postgres connection 'debug'
[0m13:45:07.576459 [debug] [MainThread]: Using postgres connection "debug"
[0m13:45:07.577004 [debug] [MainThread]: On debug: select 1 as id
[0m13:45:07.577226 [debug] [MainThread]: Opening a new connection, currently in state init
[0m13:45:07.746121 [debug] [MainThread]: SQL status: SELECT 1 in 0.169 seconds
[0m13:45:07.747660 [debug] [MainThread]: On debug: Close
[0m13:45:07.748156 [info ] [MainThread]:   Connection test: [[32mOK connection ok[0m]

[0m13:45:07.748468 [info ] [MainThread]: [32mAll checks passed![0m
[0m13:45:07.756402 [debug] [MainThread]: Resource report: {"command_name": "debug", "command_success": true, "command_wall_clock_time": 2.356015, "process_in_blocks": "0", "process_kernel_time": 0.622308, "process_mem_max_rss": "125992960", "process_out_blocks": "0", "process_user_time": 1.640485}
[0m13:45:07.757178 [debug] [MainThread]: Command `dbt debug` succeeded at 13:45:07.757049 after 2.36 seconds
[0m13:45:07.757496 [debug] [MainThread]: Connection 'debug' was properly closed.
[0m13:45:07.758080 [debug] [MainThread]: Sending event: {'category': 'dbt', 'action': 'invocation', 'label': 'end', 'context': [<snowplow_tracker.self_describing_json.SelfDescribingJson object at 0x10a43efd0>, <snowplow_tracker.self_describing_json.SelfDescribingJson object at 0x10b1e2c30>, <snowplow_tracker.self_describing_json.SelfDescribingJson object at 0x10b1ae7a0>]}
[0m13:45:07.759284 [debug] [MainThread]: Flushing usage events
[0m13:45:08.503013 [debug] [MainThread]: An error was encountered while trying to flush usage events
[0m13:46:08.511305 [debug] [MainThread]: Sending event: {'category': 'dbt', 'action': 'invocation', 'label': 'start', 'context': [<snowplow_tracker.self_describing_json.SelfDescribingJson object at 0x1098542f0>, <snowplow_tracker.self_describing_json.SelfDescribingJson object at 0x10ad8ead0>, <snowplow_tracker.self_describing_json.SelfDescribingJson object at 0x10ad8ec10>]}


============================== 13:46:08.517251 | bf2e8be7-e27d-43e9-9928-297df3aa99d6 ==============================
[0m13:46:08.517251 [info ] [MainThread]: Running with dbt=1.12.0-b2
[0m13:46:08.517738 [debug] [MainThread]: running dbt with arguments {'printer_width': '80', 'empty': 'None', 'write_json': 'True', 'log_path': '/Users/nformenton/Dev/funding-rate-analytics/dbt/logs', 'debug': 'False', 'quiet': 'False', 'target_path': 'None', 'introspect': 'True', 'static_parser': 'True', 'warn_error': 'None', 'use_experimental_parser': 'False', 'log_cache_events': 'False', 'send_anonymous_usage_stats': 'True', 'profiles_dir': '/Users/nformenton/Dev/funding-rate-analytics/dbt', 'use_colors': 'True', 'cache_selected_only': 'False', 'log_format': 'default', 'partial_parse': 'True', 'warn_error_options': 'WarnErrorOptionsV2(error=[], warn=[], silence=[])', 'version_check': 'True', 'maximum_seed_size_mib': '1', 'invocation_command': 'dbt debug', 'fail_fast': 'False', 'no_print': 'None', 'indirect_selection': 'eager'}
[0m13:46:08.537394 [info ] [MainThread]: dbt version: 1.12.0-b2
[0m13:46:08.537935 [info ] [MainThread]: python version: 3.14.6
[0m13:46:08.538271 [info ] [MainThread]: python path: /opt/homebrew/opt/python@3.14/bin/python3.14
[0m13:46:08.538484 [info ] [MainThread]: os info: macOS-26.5.1-arm64-arm-64bit-Mach-O
[0m13:46:08.596664 [info ] [MainThread]: Using profiles dir at /Users/nformenton/Dev/funding-rate-analytics/dbt
[0m13:46:08.596997 [info ] [MainThread]: Using profiles.yml file at /Users/nformenton/Dev/funding-rate-analytics/dbt/profiles.yml
[0m13:46:08.597166 [info ] [MainThread]: Using dbt_project.yml file at /Users/nformenton/Dev/funding-rate-analytics/dbt/dbt_project.yml
[0m13:46:08.597880 [info ] [MainThread]: adapter type: postgres
[0m13:46:08.598084 [info ] [MainThread]: adapter version: 1.10.0
[0m13:46:08.661073 [info ] [MainThread]: Configuration:
[0m13:46:08.661410 [info ] [MainThread]:   profiles.yml file [[32mOK found and valid[0m]
[0m13:46:08.661585 [info ] [MainThread]:   dbt_project.yml file [[32mOK found and valid[0m]
[0m13:46:08.661783 [info ] [MainThread]: Required dependencies:
[0m13:46:08.662182 [debug] [MainThread]: Executing "git --help"
[0m13:46:08.717500 [debug] [MainThread]: STDOUT: "b"usage: git [-v | --version] [-h | --help] [-C <path>] [-c <name>=<value>]\n           [--exec-path[=<path>]] [--html-path] [--man-path] [--info-path]\n           [-p | --paginate | -P | --no-pager] [--no-replace-objects] [--no-lazy-fetch]\n           [--no-optional-locks] [--no-advice] [--bare] [--git-dir=<path>]\n           [--work-tree=<path>] [--namespace=<name>] [--config-env=<name>=<envvar>]\n           <command> [<args>]\n\nThese are common Git commands used in various situations:\n\nstart a working area (see also: git help tutorial)\n   clone      Clone a repository into a new directory\n   init       Create an empty Git repository or reinitialize an existing one\n\nwork on the current change (see also: git help everyday)\n   add        Add file contents to the index\n   mv         Move or rename a file, a directory, or a symlink\n   restore    Restore working tree files\n   rm         Remove files from the working tree and from the index\n\nexamine the history and state (see also: git help revisions)\n   bisect     Use binary search to find the commit that introduced a bug\n   diff       Show changes between commits, commit and working tree, etc\n   grep       Print lines matching a pattern\n   log        Show commit logs\n   show       Show various types of objects\n   status     Show the working tree status\n\ngrow, mark and tweak your common history\n   backfill   Download missing objects in a partial clone\n   branch     List, create, or delete branches\n   commit     Record changes to the repository\n   merge      Join two or more development histories together\n   rebase     Reapply commits on top of another base tip\n   reset      Reset current HEAD to the specified state\n   switch     Switch branches\n   tag        Create, list, delete or verify a tag object signed with GPG\n\ncollaborate (see also: git help workflows)\n   fetch      Download objects and refs from another repository\n   pull       Fetch from and integrate with another repository or a local branch\n   push       Update remote refs along with associated objects\n\n'git help -a' and 'git help -g' list available subcommands and some\nconcept guides. See 'git help <command>' or 'git help <concept>'\nto read about a specific subcommand or concept.\nSee 'git help git' for an overview of the system.\n""
[0m13:46:08.718501 [debug] [MainThread]: STDERR: "b''"
[0m13:46:08.718751 [info ] [MainThread]:  - git [[32mOK found[0m]

[0m13:46:08.718956 [info ] [MainThread]: Connection:
[0m13:46:08.719144 [info ] [MainThread]:   host: localhost
[0m13:46:08.719289 [info ] [MainThread]:   port: 5432
[0m13:46:08.719431 [info ] [MainThread]:   user: postgres
[0m13:46:08.719563 [info ] [MainThread]:   database: funding_rates
[0m13:46:08.719692 [info ] [MainThread]:   schema: staging
[0m13:46:08.719823 [info ] [MainThread]:   connect_timeout: 10
[0m13:46:08.719957 [info ] [MainThread]:   role: None
[0m13:46:08.720083 [info ] [MainThread]:   search_path: None
[0m13:46:08.720318 [info ] [MainThread]:   keepalives_idle: 0
[0m13:46:08.720623 [info ] [MainThread]:   sslmode: None
[0m13:46:08.720872 [info ] [MainThread]:   sslcert: None
[0m13:46:08.721062 [info ] [MainThread]:   sslkey: None
[0m13:46:08.721215 [info ] [MainThread]:   sslrootcert: None
[0m13:46:08.721344 [info ] [MainThread]:   application_name: dbt
[0m13:46:08.721471 [info ] [MainThread]:   retries: 1
[0m13:46:08.724981 [info ] [MainThread]: Registered adapter: postgres=1.10.0
[0m13:46:08.780032 [debug] [MainThread]: Acquiring new postgres connection 'debug'
[0m13:46:08.863911 [debug] [MainThread]: Using postgres connection "debug"
[0m13:46:08.864227 [debug] [MainThread]: On debug: select 1 as id
[0m13:46:08.864400 [debug] [MainThread]: Opening a new connection, currently in state init
[0m13:46:08.933879 [debug] [MainThread]: SQL status: SELECT 1 in 0.069 seconds
[0m13:46:08.934665 [debug] [MainThread]: On debug: Close
[0m13:46:08.934928 [info ] [MainThread]:   Connection test: [[32mOK connection ok[0m]

[0m13:46:08.935184 [info ] [MainThread]: [32mAll checks passed![0m
[0m13:46:08.938397 [debug] [MainThread]: Resource report: {"command_name": "debug", "command_success": true, "command_wall_clock_time": 0.5607265, "process_in_blocks": "0", "process_kernel_time": 0.473976, "process_mem_max_rss": "147718144", "process_out_blocks": "0", "process_user_time": 1.308113}
[0m13:46:08.938740 [debug] [MainThread]: Command `dbt debug` succeeded at 13:46:08.938671 after 0.56 seconds
[0m13:46:08.938932 [debug] [MainThread]: Connection 'debug' was properly closed.
[0m13:46:08.939334 [debug] [MainThread]: Sending event: {'category': 'dbt', 'action': 'invocation', 'label': 'end', 'context': [<snowplow_tracker.self_describing_json.SelfDescribingJson object at 0x10ae56fd0>, <snowplow_tracker.self_describing_json.SelfDescribingJson object at 0x10bc3ac30>, <snowplow_tracker.self_describing_json.SelfDescribingJson object at 0x10bc027a0>]}
[0m13:46:08.939667 [debug] [MainThread]: Flushing usage events
[0m13:46:09.850884 [debug] [MainThread]: An error was encountered while trying to flush usage events
[0m14:28:19.913763 [debug] [MainThread]: Sending event: {'category': 'dbt', 'action': 'invocation', 'label': 'start', 'context': [<snowplow_tracker.self_describing_json.SelfDescribingJson object at 0x10d0242f0>, <snowplow_tracker.self_describing_json.SelfDescribingJson object at 0x10e55ead0>, <snowplow_tracker.self_describing_json.SelfDescribingJson object at 0x10e55ec10>]}


============================== 14:28:19.917447 | 6680431c-c3f2-4f97-b021-b541219adacf ==============================
[0m14:28:19.917447 [info ] [MainThread]: Running with dbt=1.12.0-b2
[0m14:28:19.917782 [debug] [MainThread]: running dbt with arguments {'warn_error_options': 'WarnErrorOptionsV2(error=[], warn=[], silence=[])', 'empty': 'None', 'invocation_command': 'dbt debug --profiles-dir .', 'quiet': 'False', 'maximum_seed_size_mib': '1', 'cache_selected_only': 'False', 'use_colors': 'True', 'partial_parse': 'True', 'use_experimental_parser': 'False', 'version_check': 'True', 'printer_width': '80', 'introspect': 'True', 'static_parser': 'True', 'debug': 'False', 'indirect_selection': 'eager', 'profiles_dir': '.', 'write_json': 'True', 'log_path': '/Users/nformenton/Dev/funding-rate-analytics/dbt/logs', 'log_format': 'default', 'no_print': 'None', 'warn_error': 'None', 'fail_fast': 'False', 'log_cache_events': 'False', 'send_anonymous_usage_stats': 'True', 'target_path': 'None'}
[0m14:28:19.931470 [info ] [MainThread]: dbt version: 1.12.0-b2
[0m14:28:19.931644 [info ] [MainThread]: python version: 3.14.6
[0m14:28:19.931744 [info ] [MainThread]: python path: /opt/homebrew/opt/python@3.14/bin/python3.14
[0m14:28:19.931841 [info ] [MainThread]: os info: macOS-26.5.1-arm64-arm-64bit-Mach-O
[0m14:28:19.974635 [info ] [MainThread]: Using profiles dir at .
[0m14:28:19.974892 [info ] [MainThread]: Using profiles.yml file at ./profiles.yml
[0m14:28:19.975020 [info ] [MainThread]: Using dbt_project.yml file at /Users/nformenton/Dev/funding-rate-analytics/dbt/dbt_project.yml
[0m14:28:19.975744 [info ] [MainThread]: adapter type: postgres
[0m14:28:19.976248 [info ] [MainThread]: adapter version: 1.10.0
[0m14:28:20.020857 [info ] [MainThread]: Configuration:
[0m14:28:20.021099 [info ] [MainThread]:   profiles.yml file [[32mOK found and valid[0m]
[0m14:28:20.021223 [info ] [MainThread]:   dbt_project.yml file [[32mOK found and valid[0m]
[0m14:28:20.021332 [info ] [MainThread]: Required dependencies:
[0m14:28:20.021680 [debug] [MainThread]: Executing "git --help"
[0m14:28:20.041235 [debug] [MainThread]: STDOUT: "b"usage: git [-v | --version] [-h | --help] [-C <path>] [-c <name>=<value>]\n           [--exec-path[=<path>]] [--html-path] [--man-path] [--info-path]\n           [-p | --paginate | -P | --no-pager] [--no-replace-objects] [--no-lazy-fetch]\n           [--no-optional-locks] [--no-advice] [--bare] [--git-dir=<path>]\n           [--work-tree=<path>] [--namespace=<name>] [--config-env=<name>=<envvar>]\n           <command> [<args>]\n\nThese are common Git commands used in various situations:\n\nstart a working area (see also: git help tutorial)\n   clone      Clone a repository into a new directory\n   init       Create an empty Git repository or reinitialize an existing one\n\nwork on the current change (see also: git help everyday)\n   add        Add file contents to the index\n   mv         Move or rename a file, a directory, or a symlink\n   restore    Restore working tree files\n   rm         Remove files from the working tree and from the index\n\nexamine the history and state (see also: git help revisions)\n   bisect     Use binary search to find the commit that introduced a bug\n   diff       Show changes between commits, commit and working tree, etc\n   grep       Print lines matching a pattern\n   log        Show commit logs\n   show       Show various types of objects\n   status     Show the working tree status\n\ngrow, mark and tweak your common history\n   backfill   Download missing objects in a partial clone\n   branch     List, create, or delete branches\n   commit     Record changes to the repository\n   merge      Join two or more development histories together\n   rebase     Reapply commits on top of another base tip\n   reset      Reset current HEAD to the specified state\n   switch     Switch branches\n   tag        Create, list, delete or verify a tag object signed with GPG\n\ncollaborate (see also: git help workflows)\n   fetch      Download objects and refs from another repository\n   pull       Fetch from and integrate with another repository or a local branch\n   push       Update remote refs along with associated objects\n\n'git help -a' and 'git help -g' list available subcommands and some\nconcept guides. See 'git help <command>' or 'git help <concept>'\nto read about a specific subcommand or concept.\nSee 'git help git' for an overview of the system.\n""
[0m14:28:20.041664 [debug] [MainThread]: STDERR: "b''"
[0m14:28:20.041806 [info ] [MainThread]:  - git [[32mOK found[0m]

[0m14:28:20.041937 [info ] [MainThread]: Connection:
[0m14:28:20.042067 [info ] [MainThread]:   host: localhost
[0m14:28:20.042161 [info ] [MainThread]:   port: 5432
[0m14:28:20.042251 [info ] [MainThread]:   user: postgres
[0m14:28:20.042346 [info ] [MainThread]:   database: funding_rates
[0m14:28:20.042442 [info ] [MainThread]:   schema: staging
[0m14:28:20.042535 [info ] [MainThread]:   connect_timeout: 10
[0m14:28:20.042627 [info ] [MainThread]:   role: None
[0m14:28:20.042721 [info ] [MainThread]:   search_path: None
[0m14:28:20.042813 [info ] [MainThread]:   keepalives_idle: 0
[0m14:28:20.042907 [info ] [MainThread]:   sslmode: None
[0m14:28:20.043001 [info ] [MainThread]:   sslcert: None
[0m14:28:20.043095 [info ] [MainThread]:   sslkey: None
[0m14:28:20.043185 [info ] [MainThread]:   sslrootcert: None
[0m14:28:20.043279 [info ] [MainThread]:   application_name: dbt
[0m14:28:20.043369 [info ] [MainThread]:   retries: 1
[0m14:28:20.043683 [info ] [MainThread]: Registered adapter: postgres=1.10.0
[0m14:28:20.076539 [debug] [MainThread]: Acquiring new postgres connection 'debug'
[0m14:28:20.133341 [debug] [MainThread]: Using postgres connection "debug"
[0m14:28:20.133542 [debug] [MainThread]: On debug: select 1 as id
[0m14:28:20.133661 [debug] [MainThread]: Opening a new connection, currently in state init
[0m14:28:20.175385 [debug] [MainThread]: SQL status: SELECT 1 in 0.042 seconds
[0m14:28:20.175840 [debug] [MainThread]: On debug: Close
[0m14:28:20.175993 [info ] [MainThread]:   Connection test: [[32mOK connection ok[0m]

[0m14:28:20.176118 [info ] [MainThread]: [32mAll checks passed![0m
[0m14:28:20.178506 [debug] [MainThread]: Resource report: {"command_name": "debug", "command_success": true, "command_wall_clock_time": 0.35444966, "process_in_blocks": "0", "process_kernel_time": 0.186624, "process_mem_max_rss": "158859264", "process_out_blocks": "0", "process_user_time": 0.690307}
[0m14:28:20.178795 [debug] [MainThread]: Command `dbt debug` succeeded at 14:28:20.178747 after 0.35 seconds
[0m14:28:20.178930 [debug] [MainThread]: Connection 'debug' was properly closed.
[0m14:28:20.179084 [debug] [MainThread]: Sending event: {'category': 'dbt', 'action': 'invocation', 'label': 'end', 'context': [<snowplow_tracker.self_describing_json.SelfDescribingJson object at 0x10e626fd0>, <snowplow_tracker.self_describing_json.SelfDescribingJson object at 0x10f40ac30>, <snowplow_tracker.self_describing_json.SelfDescribingJson object at 0x10ee0a7a0>]}
[0m14:28:20.179245 [debug] [MainThread]: Flushing usage events
[0m14:28:20.984396 [debug] [MainThread]: An error was encountered while trying to flush usage events
[0m14:28:27.280734 [debug] [MainThread]: Sending event: {'category': 'dbt', 'action': 'invocation', 'label': 'start', 'context': [<snowplow_tracker.self_describing_json.SelfDescribingJson object at 0x10930c2f0>, <snowplow_tracker.self_describing_json.SelfDescribingJson object at 0x10a8ba710>, <snowplow_tracker.self_describing_json.SelfDescribingJson object at 0x10a8ba990>]}


============================== 14:28:27.283926 | c7f835e2-41e5-4c81-b3e5-577d7955b185 ==============================
[0m14:28:27.283926 [info ] [MainThread]: Running with dbt=1.12.0-b2
[0m14:28:27.284194 [debug] [MainThread]: running dbt with arguments {'log_cache_events': 'False', 'quiet': 'False', 'printer_width': '80', 'indirect_selection': 'eager', 'invocation_command': 'dbt run --select staging --profiles-dir .', 'debug': 'False', 'no_print': 'None', 'static_parser': 'True', 'target_path': 'None', 'empty': 'False', 'fail_fast': 'False', 'introspect': 'True', 'warn_error': 'None', 'cache_selected_only': 'False', 'partial_parse': 'True', 'version_check': 'True', 'profiles_dir': '.', 'maximum_seed_size_mib': '1', 'write_json': 'True', 'use_colors': 'True', 'warn_error_options': 'WarnErrorOptionsV2(error=[], warn=[], silence=[])', 'use_experimental_parser': 'False', 'log_path': '/Users/nformenton/Dev/funding-rate-analytics/dbt/logs', 'send_anonymous_usage_stats': 'True', 'log_format': 'default'}
[0m14:28:27.446135 [debug] [MainThread]: Sending event: {'category': 'dbt', 'action': 'project_id', 'label': 'c7f835e2-41e5-4c81-b3e5-577d7955b185', 'context': [<snowplow_tracker.self_describing_json.SelfDescribingJson object at 0x10a8663f0>]}
[0m14:28:27.469545 [debug] [MainThread]: Sending event: {'category': 'dbt', 'action': 'adapter_info', 'label': 'c7f835e2-41e5-4c81-b3e5-577d7955b185', 'context': [<snowplow_tracker.self_describing_json.SelfDescribingJson object at 0x109ac67a0>]}
[0m14:28:27.470600 [info ] [MainThread]: Registered adapter: postgres=1.10.0
[0m14:28:27.512417 [debug] [MainThread]: checksum: 4028e76001202c6d79cbd6497f04f8a5167c54a3cd8d4daed1786e25b5aa8f08, vars: {}, profile: funding_rate_analytics, target: dev, version: 1.12.0b2
[0m14:28:27.513607 [info ] [MainThread]: Unable to do partial parsing because saved manifest not found. Starting full parse.
[0m14:28:27.513839 [debug] [MainThread]: Sending event: {'category': 'dbt', 'action': 'partial_parser', 'label': 'c7f835e2-41e5-4c81-b3e5-577d7955b185', 'context': [<snowplow_tracker.self_describing_json.SelfDescribingJson object at 0x10a932550>]}
[0m14:28:28.045490 [warn ] [MainThread]: [[33mWARNING[0m][MissingArgumentsPropertyInGenericTestDeprecation]: Deprecated
functionality
Found top-level arguments to test `accepted_values` defined on
'stg_funding_events' in package 'funding_rate_analytics'
(models/staging/schema.yml). Arguments to generic tests should be nested under
the `arguments` property.
[0m14:28:28.045753 [debug] [MainThread]: Sending event: {'category': 'dbt', 'action': 'deprecation', 'label': 'c7f835e2-41e5-4c81-b3e5-577d7955b185', 'property_': 'warn', 'context': [<snowplow_tracker.self_describing_json.SelfDescribingJson object at 0x10b7987d0>]}
[0m14:28:28.058306 [warn ] [MainThread]: [[33mWARNING[0m]: Did not find matching node for patch with name 'mart_hourly_funding' in the 'models' section of file 'models/marts/schema.yml'
[0m14:28:28.059297 [warn ] [MainThread]: [[33mWARNING[0m]: Did not find matching node for patch with name 'mart_daily_funding' in the 'models' section of file 'models/marts/schema.yml'
[0m14:28:28.060338 [warn ] [MainThread]: [[33mWARNING[0m]: Did not find matching node for patch with name 'mart_venue_comparison' in the 'models' section of file 'models/marts/schema.yml'
[0m14:28:28.074016 [warn ] [MainThread]: [[33mWARNING[0m]: Test 'test.funding_rate_analytics.not_null_mart_hourly_funding_venue.92300b66b4' (models/marts/schema.yml) depends on a node named 'mart_hourly_funding' in package '' which was not found
[0m14:28:28.074223 [warn ] [MainThread]: [[33mWARNING[0m]: Test 'test.funding_rate_analytics.not_null_mart_hourly_funding_symbol.f2d6c0f007' (models/marts/schema.yml) depends on a node named 'mart_hourly_funding' in package '' which was not found
[0m14:28:28.074362 [warn ] [MainThread]: [[33mWARNING[0m]: Test 'test.funding_rate_analytics.not_null_mart_hourly_funding_asset_class.f869108288' (models/marts/schema.yml) depends on a node named 'mart_hourly_funding' in package '' which was not found
[0m14:28:28.074488 [warn ] [MainThread]: [[33mWARNING[0m]: Test 'test.funding_rate_analytics.accepted_values_mart_hourly_funding_asset_class__crypto__equity.a873e5f13c' (models/marts/schema.yml) depends on a node named 'mart_hourly_funding' in package '' which was not found
[0m14:28:28.074608 [warn ] [MainThread]: [[33mWARNING[0m]: Test 'test.funding_rate_analytics.not_null_mart_hourly_funding_hour_start.7ce62d12b4' (models/marts/schema.yml) depends on a node named 'mart_hourly_funding' in package '' which was not found
[0m14:28:28.074720 [warn ] [MainThread]: [[33mWARNING[0m]: Test 'test.funding_rate_analytics.unique_mart_hourly_funding__venue_symbol_hour_start_.e5924b5724' (models/marts/schema.yml) depends on a node named 'mart_hourly_funding' in package '' which was not found
[0m14:28:28.074833 [warn ] [MainThread]: [[33mWARNING[0m]: Test 'test.funding_rate_analytics.not_null_mart_daily_funding_venue.f8f49ef725' (models/marts/schema.yml) depends on a node named 'mart_daily_funding' in package '' which was not found
[0m14:28:28.074953 [warn ] [MainThread]: [[33mWARNING[0m]: Test 'test.funding_rate_analytics.not_null_mart_daily_funding_symbol.821abc9f29' (models/marts/schema.yml) depends on a node named 'mart_daily_funding' in package '' which was not found
[0m14:28:28.075065 [warn ] [MainThread]: [[33mWARNING[0m]: Test 'test.funding_rate_analytics.not_null_mart_daily_funding_asset_class.0ed59c2af1' (models/marts/schema.yml) depends on a node named 'mart_daily_funding' in package '' which was not found
[0m14:28:28.075178 [warn ] [MainThread]: [[33mWARNING[0m]: Test 'test.funding_rate_analytics.accepted_values_mart_daily_funding_asset_class__crypto__equity.aa8969997c' (models/marts/schema.yml) depends on a node named 'mart_daily_funding' in package '' which was not found
[0m14:28:28.075291 [warn ] [MainThread]: [[33mWARNING[0m]: Test 'test.funding_rate_analytics.not_null_mart_daily_funding_date.318940ad57' (models/marts/schema.yml) depends on a node named 'mart_daily_funding' in package '' which was not found
[0m14:28:28.075404 [warn ] [MainThread]: [[33mWARNING[0m]: Test 'test.funding_rate_analytics.unique_mart_daily_funding__venue_symbol_date_.906626ac5e' (models/marts/schema.yml) depends on a node named 'mart_daily_funding' in package '' which was not found
[0m14:28:28.075518 [warn ] [MainThread]: [[33mWARNING[0m]: Test 'test.funding_rate_analytics.not_null_mart_venue_comparison_date.397ed2a6de' (models/marts/schema.yml) depends on a node named 'mart_venue_comparison' in package '' which was not found
[0m14:28:28.075630 [warn ] [MainThread]: [[33mWARNING[0m]: Test 'test.funding_rate_analytics.not_null_mart_venue_comparison_symbol.11b35d98d7' (models/marts/schema.yml) depends on a node named 'mart_venue_comparison' in package '' which was not found
[0m14:28:28.075744 [warn ] [MainThread]: [[33mWARNING[0m]: Test 'test.funding_rate_analytics.not_null_mart_venue_comparison_asset_class.39c227269c' (models/marts/schema.yml) depends on a node named 'mart_venue_comparison' in package '' which was not found
[0m14:28:28.075862 [warn ] [MainThread]: [[33mWARNING[0m]: Test 'test.funding_rate_analytics.accepted_values_mart_venue_comparison_asset_class__crypto__equity.37675ad8cb' (models/marts/schema.yml) depends on a node named 'mart_venue_comparison' in package '' which was not found
[0m14:28:28.075980 [warn ] [MainThread]: [[33mWARNING[0m]: Test 'test.funding_rate_analytics.unique_mart_venue_comparison__date_symbol_.e262677384' (models/marts/schema.yml) depends on a node named 'mart_venue_comparison' in package '' which was not found
[0m14:28:28.108117 [warn ] [MainThread]: [[33mWARNING[0m]: Configuration paths exist in your dbt_project.yml file which do not apply to any resources.
There are 1 unused configuration paths:
- models.funding_rate_analytics.marts
[0m14:28:28.110353 [debug] [MainThread]: Sending event: {'category': 'dbt', 'action': 'load_project', 'label': 'c7f835e2-41e5-4c81-b3e5-577d7955b185', 'context': [<snowplow_tracker.self_describing_json.SelfDescribingJson object at 0x10bccedd0>]}
[0m14:28:28.145549 [debug] [MainThread]: Wrote artifact WritableManifest to /Users/nformenton/Dev/funding-rate-analytics/dbt/target/manifest.json
[0m14:28:28.147731 [debug] [MainThread]: Wrote artifact SemanticManifest to /Users/nformenton/Dev/funding-rate-analytics/dbt/target/semantic_manifest.json
[0m14:28:28.179708 [debug] [MainThread]: Wrote artifact OsiDocument to /Users/nformenton/Dev/funding-rate-analytics/dbt/target/osi_document.json
[0m14:28:28.195589 [debug] [MainThread]: Sending event: {'category': 'dbt', 'action': 'resource_counts', 'label': 'c7f835e2-41e5-4c81-b3e5-577d7955b185', 'context': [<snowplow_tracker.self_describing_json.SelfDescribingJson object at 0x10b9ea750>]}
[0m14:28:28.195840 [info ] [MainThread]: Found 1 model, 7 data tests, 475 macros
[0m14:28:28.195984 [debug] [MainThread]: Sending event: {'category': 'dbt', 'action': 'runnable_timing', 'label': 'c7f835e2-41e5-4c81-b3e5-577d7955b185', 'context': [<snowplow_tracker.self_describing_json.SelfDescribingJson object at 0x10bf76990>]}
[0m14:28:28.196768 [info ] [MainThread]: 
[0m14:28:28.196931 [info ] [MainThread]: Concurrency: 4 threads (target='dev')
[0m14:28:28.197044 [info ] [MainThread]: 
[0m14:28:28.197260 [debug] [MainThread]: Acquiring new postgres connection 'master'
[0m14:28:28.197662 [debug] [ThreadPool]: Acquiring new postgres connection 'list_funding_rates'
[0m14:28:28.268941 [debug] [ThreadPool]: Using postgres connection "list_funding_rates"
[0m14:28:28.269135 [debug] [ThreadPool]: On list_funding_rates: /* {"app": "dbt", "dbt_version": "1.12.0b2", "profile_name": "funding_rate_analytics", "target_name": "dev", "connection_name": "list_funding_rates"} */

    select distinct nspname from pg_namespace
  
[0m14:28:28.269255 [debug] [ThreadPool]: Opening a new connection, currently in state init
[0m14:28:28.296757 [debug] [ThreadPool]: SQL status: SELECT 7 in 0.027 seconds
[0m14:28:28.297423 [debug] [ThreadPool]: On list_funding_rates: Close
[0m14:28:28.297826 [debug] [ThreadPool]: Re-using an available connection from the pool (formerly list_funding_rates, now create_funding_rates_staging_staging)
[0m14:28:28.298018 [debug] [ThreadPool]: Creating schema "database: "funding_rates"
schema: "staging_staging"
"
[0m14:28:28.300262 [debug] [ThreadPool]: Using postgres connection "create_funding_rates_staging_staging"
[0m14:28:28.300415 [debug] [ThreadPool]: On create_funding_rates_staging_staging: /* {"app": "dbt", "dbt_version": "1.12.0b2", "profile_name": "funding_rate_analytics", "target_name": "dev", "connection_name": "create_funding_rates_staging_staging"} */
create schema if not exists "staging_staging"
[0m14:28:28.300533 [debug] [ThreadPool]: Opening a new connection, currently in state closed
[0m14:28:28.311422 [debug] [ThreadPool]: SQL status: CREATE SCHEMA in 0.011 seconds
[0m14:28:28.311852 [debug] [ThreadPool]: On create_funding_rates_staging_staging: COMMIT
[0m14:28:28.311975 [debug] [ThreadPool]: Using postgres connection "create_funding_rates_staging_staging"
[0m14:28:28.312078 [debug] [ThreadPool]: On create_funding_rates_staging_staging: COMMIT
[0m14:28:28.314002 [debug] [ThreadPool]: SQL status: COMMIT in 0.002 seconds
[0m14:28:28.314118 [debug] [ThreadPool]: On create_funding_rates_staging_staging: Close
[0m14:28:28.315166 [debug] [ThreadPool]: Re-using an available connection from the pool (formerly create_funding_rates_staging_staging, now list_funding_rates_staging_staging)
[0m14:28:28.317596 [debug] [ThreadPool]: Using postgres connection "list_funding_rates_staging_staging"
[0m14:28:28.317743 [debug] [ThreadPool]: On list_funding_rates_staging_staging: /* {"app": "dbt", "dbt_version": "1.12.0b2", "profile_name": "funding_rate_analytics", "target_name": "dev", "connection_name": "list_funding_rates_staging_staging"} */
select
      'funding_rates' as database,
      tablename as name,
      schemaname as schema,
      'table' as type
    from pg_tables
    where schemaname ilike 'staging_staging'
    union all
    select
      'funding_rates' as database,
      viewname as name,
      schemaname as schema,
      'view' as type
    from pg_views
    where schemaname ilike 'staging_staging'
    union all
    select
      'funding_rates' as database,
      matviewname as name,
      schemaname as schema,
      'materialized_view' as type
    from pg_matviews
    where schemaname ilike 'staging_staging'
  
[0m14:28:28.318248 [debug] [ThreadPool]: Opening a new connection, currently in state closed
[0m14:28:28.332672 [debug] [ThreadPool]: SQL status: SELECT 0 in 0.014 seconds
[0m14:28:28.333118 [debug] [ThreadPool]: On list_funding_rates_staging_staging: ROLLBACK
[0m14:28:28.333710 [debug] [ThreadPool]: On list_funding_rates_staging_staging: Close
[0m14:28:28.335618 [debug] [MainThread]: Using postgres connection "master"
[0m14:28:28.335875 [debug] [MainThread]: On master: /* {"app": "dbt", "dbt_version": "1.12.0b2", "profile_name": "funding_rate_analytics", "target_name": "dev", "connection_name": "master"} */
select distinct
        dependent_namespace.nspname as dependent_schema,
        dependent_class.relname as dependent_name,
        referenced_namespace.nspname as referenced_schema,
        referenced_class.relname as referenced_name

    -- Query for views: views are entries in pg_class with an entry in pg_rewrite, but we avoid
    -- a seq scan on pg_rewrite by leveraging the fact there is an "internal" row in pg_depend for
    -- the view...
    from pg_class as dependent_class
    join pg_namespace as dependent_namespace on dependent_namespace.oid = dependent_class.relnamespace
    join pg_depend as dependent_depend on dependent_depend.refobjid = dependent_class.oid
        and dependent_depend.classid = 'pg_rewrite'::regclass
        and dependent_depend.refclassid = 'pg_class'::regclass
        and dependent_depend.deptype = 'i'

    -- ... and via pg_depend (that has a row per column, hence the need for "distinct" above, and
    -- making sure to exclude the internal row to avoid a view appearing to depend on itself)...
    join pg_depend as joining_depend on joining_depend.objid = dependent_depend.objid
        and joining_depend.classid = 'pg_rewrite'::regclass
        and joining_depend.refclassid = 'pg_class'::regclass
        and joining_depend.refobjid != dependent_depend.refobjid

    -- ... we can find the tables they query from in pg_class, but excluding system tables. Note we
    -- don't need need to exclude _dependent_ system tables, because they only query from other
    -- system tables, and so are automatically excluded by excluding _referenced_ system tables
    join pg_class as referenced_class on referenced_class.oid = joining_depend.refobjid
    join pg_namespace as referenced_namespace on referenced_namespace.oid = referenced_class.relnamespace
        and referenced_namespace.nspname != 'information_schema'
        and referenced_namespace.nspname not like 'pg\_%'

    order by
        dependent_schema, dependent_name, referenced_schema, referenced_name;
[0m14:28:28.336048 [debug] [MainThread]: Opening a new connection, currently in state init
[0m14:28:28.347610 [debug] [MainThread]: SQL status: SELECT 4 in 0.011 seconds
[0m14:28:28.348384 [debug] [MainThread]: Sending event: {'category': 'dbt', 'action': 'runnable_timing', 'label': 'c7f835e2-41e5-4c81-b3e5-577d7955b185', 'context': [<snowplow_tracker.self_describing_json.SelfDescribingJson object at 0x10bc943c0>]}
[0m14:28:28.348652 [debug] [MainThread]: On master: ROLLBACK
[0m14:28:28.349248 [debug] [MainThread]: On master: COMMIT
[0m14:28:28.349378 [debug] [MainThread]: Using postgres connection "master"
[0m14:28:28.349491 [debug] [MainThread]: On master: COMMIT
[0m14:28:28.350375 [debug] [MainThread]: SQL status: COMMIT in 0.001 seconds
[0m14:28:28.350547 [debug] [MainThread]: On master: Close
[0m14:28:28.355697 [debug] [Thread-1 (]: Began running node model.funding_rate_analytics.stg_funding_events
[0m14:28:28.356202 [info ] [Thread-1 (]: 1 of 1 START sql view model staging_staging.stg_funding_events ................. [RUN]
[0m14:28:28.356456 [debug] [Thread-1 (]: Re-using an available connection from the pool (formerly list_funding_rates_staging_staging, now model.funding_rate_analytics.stg_funding_events)
[0m14:28:28.356605 [debug] [Thread-1 (]: Began compiling node model.funding_rate_analytics.stg_funding_events
[0m14:28:28.362676 [debug] [Thread-1 (]: Writing injected SQL for node "model.funding_rate_analytics.stg_funding_events"
[0m14:28:28.363303 [debug] [Thread-1 (]: Began executing node model.funding_rate_analytics.stg_funding_events
[0m14:28:28.379222 [debug] [Thread-1 (]: Writing runtime sql for node "model.funding_rate_analytics.stg_funding_events"
[0m14:28:28.379841 [debug] [Thread-1 (]: Using postgres connection "model.funding_rate_analytics.stg_funding_events"
[0m14:28:28.380035 [debug] [Thread-1 (]: On model.funding_rate_analytics.stg_funding_events: /* {"app": "dbt", "dbt_version": "1.12.0b2", "profile_name": "funding_rate_analytics", "target_name": "dev", "node_id": "model.funding_rate_analytics.stg_funding_events"} */

  create view "funding_rates"."staging_staging"."stg_funding_events__dbt_tmp"
    
    
  as (
    -- Binance: 8h, decimal rate
SELECT
    'binance' AS venue,
    symbol,
    CASE WHEN symbol IN ('BTCUSDT','ETHUSDT','SOLUSDT') THEN 'crypto' ELSE 'equity' END AS asset_class,
    ts AS interval_start,
    8 AS interval_hours,
    funding_rate AS funding_rate_raw,
    funding_rate * 3 * 365 * 100 AS funding_rate_annualized_pct,
    mark_price,
    index_price,
    CASE WHEN index_price > 0 THEN (mark_price - index_price) / index_price * 10000 ELSE NULL END AS premium_bps,
    NOW() AS _loaded_at
FROM raw.funding_binance

UNION ALL

-- Hyperliquid: hourly, decimal rate
SELECT
    'hyperliquid' AS venue,
    coin AS symbol,
    'crypto' AS asset_class,
    ts AS interval_start,
    1 AS interval_hours,
    funding_rate AS funding_rate_raw,
    funding_rate * 24 * 365 * 100 AS funding_rate_annualized_pct,
    mark_price,
    NULL AS index_price,
    NULL AS premium_bps,
    NOW() AS _loaded_at
FROM raw.funding_hyperliquid

UNION ALL

-- Deribit: 8h, percentage interest
SELECT
    'deribit' AS venue,
    REPLACE(instrument_name, '-PERPETUAL', '') || 'USDT' AS symbol,
    'crypto' AS asset_class,
    ts AS interval_start,
    8 AS interval_hours,
    interest_8h AS funding_rate_raw,
    interest_8h / 100 * 3 * 365 AS funding_rate_annualized_pct,
    mark_price,
    index_price,
    CASE WHEN index_price > 0 THEN (mark_price - index_price) / index_price * 10000 ELSE NULL END AS premium_bps,
    NOW() AS _loaded_at
FROM raw.funding_deribit

UNION ALL

-- Equity perps: variable intervals
SELECT
    venue,
    symbol,
    'equity' AS asset_class,
    ts AS interval_start,
    funding_interval_hours,
    funding_rate AS funding_rate_raw,
    CASE
        WHEN funding_interval_hours > 0
        THEN funding_rate * (24.0 / funding_interval_hours) * 365 * 100
        ELSE NULL
    END AS funding_rate_annualized_pct,
    mark_price,
    index_price,
    CASE WHEN index_price > 0 THEN (mark_price - index_price) / index_price * 10000 ELSE NULL END AS premium_bps,
    NOW() AS _loaded_at
FROM raw.funding_equity_perps
  );
[0m14:28:28.380216 [debug] [Thread-1 (]: Opening a new connection, currently in state closed
[0m14:28:28.394080 [debug] [Thread-1 (]: SQL status: CREATE VIEW in 0.014 seconds
[0m14:28:28.397867 [debug] [Thread-1 (]: Using postgres connection "model.funding_rate_analytics.stg_funding_events"
[0m14:28:28.398134 [debug] [Thread-1 (]: On model.funding_rate_analytics.stg_funding_events: /* {"app": "dbt", "dbt_version": "1.12.0b2", "profile_name": "funding_rate_analytics", "target_name": "dev", "node_id": "model.funding_rate_analytics.stg_funding_events"} */
alter table "funding_rates"."staging_staging"."stg_funding_events__dbt_tmp" rename to "stg_funding_events"
[0m14:28:28.399095 [debug] [Thread-1 (]: SQL status: ALTER TABLE in 0.001 seconds
[0m14:28:28.405678 [debug] [Thread-1 (]: On model.funding_rate_analytics.stg_funding_events: COMMIT
[0m14:28:28.405868 [debug] [Thread-1 (]: Using postgres connection "model.funding_rate_analytics.stg_funding_events"
[0m14:28:28.405998 [debug] [Thread-1 (]: On model.funding_rate_analytics.stg_funding_events: COMMIT
[0m14:28:28.407209 [debug] [Thread-1 (]: SQL status: COMMIT in 0.001 seconds
[0m14:28:28.409359 [debug] [Thread-1 (]: Applying DROP to: "funding_rates"."staging_staging"."stg_funding_events__dbt_backup"
[0m14:28:28.411192 [debug] [Thread-1 (]: Using postgres connection "model.funding_rate_analytics.stg_funding_events"
[0m14:28:28.411339 [debug] [Thread-1 (]: On model.funding_rate_analytics.stg_funding_events: /* {"app": "dbt", "dbt_version": "1.12.0b2", "profile_name": "funding_rate_analytics", "target_name": "dev", "node_id": "model.funding_rate_analytics.stg_funding_events"} */
drop view if exists "funding_rates"."staging_staging"."stg_funding_events__dbt_backup" cascade
[0m14:28:28.411930 [debug] [Thread-1 (]: SQL status: DROP VIEW in 0.000 seconds
[0m14:28:28.412901 [debug] [Thread-1 (]: On model.funding_rate_analytics.stg_funding_events: Close
[0m14:28:28.414490 [debug] [Thread-1 (]: Sending event: {'category': 'dbt', 'action': 'run_model', 'label': 'c7f835e2-41e5-4c81-b3e5-577d7955b185', 'context': [<snowplow_tracker.self_describing_json.SelfDescribingJson object at 0x10c445090>]}
[0m14:28:28.414861 [info ] [Thread-1 (]: 1 of 1 OK created sql view model staging_staging.stg_funding_events ............ [[32mCREATE VIEW[0m in 0.06s]
[0m14:28:28.415113 [debug] [Thread-1 (]: Finished running node model.funding_rate_analytics.stg_funding_events
[0m14:28:28.415827 [debug] [MainThread]: On master: COMMIT
[0m14:28:28.415987 [debug] [MainThread]: Using postgres connection "master"
[0m14:28:28.416102 [debug] [MainThread]: On master: COMMIT
[0m14:28:28.416207 [debug] [MainThread]: Opening a new connection, currently in state closed
[0m14:28:28.422284 [debug] [MainThread]: SQL status: COMMIT in 0.006 seconds
[0m14:28:28.422500 [debug] [MainThread]: On master: Close
[0m14:28:28.422694 [debug] [MainThread]: Connection 'master' was properly closed.
[0m14:28:28.422813 [debug] [MainThread]: Connection 'model.funding_rate_analytics.stg_funding_events' was properly closed.
[0m14:28:28.422938 [info ] [MainThread]: 
[0m14:28:28.423066 [info ] [MainThread]: Finished running 1 view model in 0 hours 0 minutes and 0.23 seconds (0.23s).
[0m14:28:28.423355 [debug] [MainThread]: Command end result
[0m14:28:28.435724 [debug] [MainThread]: Wrote artifact WritableManifest to /Users/nformenton/Dev/funding-rate-analytics/dbt/target/manifest.json
[0m14:28:28.437901 [debug] [MainThread]: Wrote artifact SemanticManifest to /Users/nformenton/Dev/funding-rate-analytics/dbt/target/semantic_manifest.json
[0m14:28:28.439419 [debug] [MainThread]: Wrote artifact OsiDocument to /Users/nformenton/Dev/funding-rate-analytics/dbt/target/osi_document.json
[0m14:28:28.442317 [debug] [MainThread]: Wrote artifact RunExecutionResult to /Users/nformenton/Dev/funding-rate-analytics/dbt/target/run_results.json
[0m14:28:28.442445 [info ] [MainThread]: 
[0m14:28:28.442602 [info ] [MainThread]: [32mCompleted successfully[0m
[0m14:28:28.442716 [info ] [MainThread]: 
[0m14:28:28.442844 [info ] [MainThread]: Done. PASS=1 WARN=0 ERROR=0 SKIP=0 NO-OP=0 REUSED=0 TOTAL=1
[0m14:28:28.443057 [warn ] [MainThread]: [[33mWARNING[0m][DeprecationsSummary]: Deprecated functionality
Summary of encountered deprecations:
- MissingArgumentsPropertyInGenericTestDeprecation: 5 occurrences
To see all deprecation instances instead of just the first occurrence of each,
run command again with the `--show-all-deprecations` flag. You may also need to
run with `--no-partial-parse` as some deprecations are only encountered during
parsing.
[0m14:28:28.446972 [debug] [MainThread]: Resource report: {"command_name": "run", "command_success": true, "command_wall_clock_time": 1.212311, "process_in_blocks": "0", "process_kernel_time": 0.228643, "process_mem_max_rss": "176717824", "process_out_blocks": "0", "process_user_time": 1.361338}
[0m14:28:28.447172 [debug] [MainThread]: Command `dbt run` succeeded at 14:28:28.447141 after 1.21 seconds
[0m14:28:28.447325 [debug] [MainThread]: Sending event: {'category': 'dbt', 'action': 'invocation', 'label': 'end', 'context': [<snowplow_tracker.self_describing_json.SelfDescribingJson object at 0x10bc781d0>, <snowplow_tracker.self_describing_json.SelfDescribingJson object at 0x10bb1afd0>, <snowplow_tracker.self_describing_json.SelfDescribingJson object at 0x10a8df8c0>]}
[0m14:28:28.447463 [debug] [MainThread]: Flushing usage events
[0m14:28:29.019617 [debug] [MainThread]: An error was encountered while trying to flush usage events
[0m14:28:42.789774 [debug] [MainThread]: Sending event: {'category': 'dbt', 'action': 'invocation', 'label': 'start', 'context': [<snowplow_tracker.self_describing_json.SelfDescribingJson object at 0x10afb82f0>, <snowplow_tracker.self_describing_json.SelfDescribingJson object at 0x10c562710>, <snowplow_tracker.self_describing_json.SelfDescribingJson object at 0x10c562990>]}


============================== 14:28:42.792761 | f0f78c7a-f3d6-4b80-9590-6944a4afc4f0 ==============================
[0m14:28:42.792761 [info ] [MainThread]: Running with dbt=1.12.0-b2
[0m14:28:42.793051 [debug] [MainThread]: running dbt with arguments {'introspect': 'True', 'debug': 'False', 'printer_width': '80', 'profiles_dir': '.', 'warn_error': 'None', 'invocation_command': 'dbt test --select staging --profiles-dir .', 'target_path': 'None', 'quiet': 'False', 'use_colors': 'True', 'indirect_selection': 'eager', 'fail_fast': 'False', 'send_anonymous_usage_stats': 'True', 'log_path': '/Users/nformenton/Dev/funding-rate-analytics/dbt/logs', 'version_check': 'True', 'cache_selected_only': 'False', 'no_print': 'None', 'partial_parse': 'True', 'write_json': 'True', 'maximum_seed_size_mib': '1', 'use_experimental_parser': 'False', 'empty': 'None', 'static_parser': 'True', 'log_cache_events': 'False', 'warn_error_options': 'WarnErrorOptionsV2(error=[], warn=[], silence=[])', 'log_format': 'default'}
[0m14:28:42.889331 [debug] [MainThread]: Sending event: {'category': 'dbt', 'action': 'project_id', 'label': 'f0f78c7a-f3d6-4b80-9590-6944a4afc4f0', 'context': [<snowplow_tracker.self_describing_json.SelfDescribingJson object at 0x10c5123f0>]}
[0m14:28:42.913170 [debug] [MainThread]: Sending event: {'category': 'dbt', 'action': 'adapter_info', 'label': 'f0f78c7a-f3d6-4b80-9590-6944a4afc4f0', 'context': [<snowplow_tracker.self_describing_json.SelfDescribingJson object at 0x10b7727a0>]}
[0m14:28:42.914145 [info ] [MainThread]: Registered adapter: postgres=1.10.0
[0m14:28:42.952183 [debug] [MainThread]: checksum: 4028e76001202c6d79cbd6497f04f8a5167c54a3cd8d4daed1786e25b5aa8f08, vars: {}, profile: funding_rate_analytics, target: dev, version: 1.12.0b2
[0m14:28:43.054881 [debug] [MainThread]: Partial parsing enabled: 0 files deleted, 0 files added, 0 files changed.
[0m14:28:43.055289 [debug] [MainThread]: Nothing changed, skipping partial parsing.
[0m14:28:43.055655 [debug] [MainThread]: Partial parsing enabled, no changes found, skipping parsing
[0m14:28:43.059125 [warn ] [MainThread]: [[33mWARNING[0m]: Configuration paths exist in your dbt_project.yml file which do not apply to any resources.
There are 1 unused configuration paths:
- models.funding_rate_analytics.marts
[0m14:28:43.078459 [debug] [MainThread]: Sending event: {'category': 'dbt', 'action': 'load_project', 'label': 'f0f78c7a-f3d6-4b80-9590-6944a4afc4f0', 'context': [<snowplow_tracker.self_describing_json.SelfDescribingJson object at 0x10d6a6350>]}
[0m14:28:43.115176 [debug] [MainThread]: Wrote artifact WritableManifest to /Users/nformenton/Dev/funding-rate-analytics/dbt/target/manifest.json
[0m14:28:43.117549 [debug] [MainThread]: Wrote artifact SemanticManifest to /Users/nformenton/Dev/funding-rate-analytics/dbt/target/semantic_manifest.json
[0m14:28:43.136128 [debug] [MainThread]: Wrote artifact OsiDocument to /Users/nformenton/Dev/funding-rate-analytics/dbt/target/osi_document.json
[0m14:28:43.152116 [debug] [MainThread]: Sending event: {'category': 'dbt', 'action': 'resource_counts', 'label': 'f0f78c7a-f3d6-4b80-9590-6944a4afc4f0', 'context': [<snowplow_tracker.self_describing_json.SelfDescribingJson object at 0x10d82e6c0>]}
[0m14:28:43.152401 [info ] [MainThread]: Found 1 model, 7 data tests, 475 macros
[0m14:28:43.152554 [debug] [MainThread]: Sending event: {'category': 'dbt', 'action': 'runnable_timing', 'label': 'f0f78c7a-f3d6-4b80-9590-6944a4afc4f0', 'context': [<snowplow_tracker.self_describing_json.SelfDescribingJson object at 0x10d893770>]}
[0m14:28:43.153425 [info ] [MainThread]: 
[0m14:28:43.153571 [info ] [MainThread]: Concurrency: 4 threads (target='dev')
[0m14:28:43.153677 [info ] [MainThread]: 
[0m14:28:43.153902 [debug] [MainThread]: Acquiring new postgres connection 'master'
[0m14:28:43.154323 [debug] [ThreadPool]: Acquiring new postgres connection 'list_funding_rates_staging_staging'
[0m14:28:43.226848 [debug] [ThreadPool]: Using postgres connection "list_funding_rates_staging_staging"
[0m14:28:43.227117 [debug] [ThreadPool]: On list_funding_rates_staging_staging: /* {"app": "dbt", "dbt_version": "1.12.0b2", "profile_name": "funding_rate_analytics", "target_name": "dev", "connection_name": "list_funding_rates_staging_staging"} */
select
      'funding_rates' as database,
      tablename as name,
      schemaname as schema,
      'table' as type
    from pg_tables
    where schemaname ilike 'staging_staging'
    union all
    select
      'funding_rates' as database,
      viewname as name,
      schemaname as schema,
      'view' as type
    from pg_views
    where schemaname ilike 'staging_staging'
    union all
    select
      'funding_rates' as database,
      matviewname as name,
      schemaname as schema,
      'materialized_view' as type
    from pg_matviews
    where schemaname ilike 'staging_staging'
  
[0m14:28:43.227338 [debug] [ThreadPool]: Opening a new connection, currently in state init
[0m14:28:43.272710 [debug] [ThreadPool]: SQL status: SELECT 1 in 0.045 seconds
[0m14:28:43.273428 [debug] [ThreadPool]: On list_funding_rates_staging_staging: ROLLBACK
[0m14:28:43.274753 [debug] [ThreadPool]: On list_funding_rates_staging_staging: Close
[0m14:28:43.276626 [debug] [MainThread]: Using postgres connection "master"
[0m14:28:43.276782 [debug] [MainThread]: On master: /* {"app": "dbt", "dbt_version": "1.12.0b2", "profile_name": "funding_rate_analytics", "target_name": "dev", "connection_name": "master"} */
select distinct
        dependent_namespace.nspname as dependent_schema,
        dependent_class.relname as dependent_name,
        referenced_namespace.nspname as referenced_schema,
        referenced_class.relname as referenced_name

    -- Query for views: views are entries in pg_class with an entry in pg_rewrite, but we avoid
    -- a seq scan on pg_rewrite by leveraging the fact there is an "internal" row in pg_depend for
    -- the view...
    from pg_class as dependent_class
    join pg_namespace as dependent_namespace on dependent_namespace.oid = dependent_class.relnamespace
    join pg_depend as dependent_depend on dependent_depend.refobjid = dependent_class.oid
        and dependent_depend.classid = 'pg_rewrite'::regclass
        and dependent_depend.refclassid = 'pg_class'::regclass
        and dependent_depend.deptype = 'i'

    -- ... and via pg_depend (that has a row per column, hence the need for "distinct" above, and
    -- making sure to exclude the internal row to avoid a view appearing to depend on itself)...
    join pg_depend as joining_depend on joining_depend.objid = dependent_depend.objid
        and joining_depend.classid = 'pg_rewrite'::regclass
        and joining_depend.refclassid = 'pg_class'::regclass
        and joining_depend.refobjid != dependent_depend.refobjid

    -- ... we can find the tables they query from in pg_class, but excluding system tables. Note we
    -- don't need need to exclude _dependent_ system tables, because they only query from other
    -- system tables, and so are automatically excluded by excluding _referenced_ system tables
    join pg_class as referenced_class on referenced_class.oid = joining_depend.refobjid
    join pg_namespace as referenced_namespace on referenced_namespace.oid = referenced_class.relnamespace
        and referenced_namespace.nspname != 'information_schema'
        and referenced_namespace.nspname not like 'pg\_%'

    order by
        dependent_schema, dependent_name, referenced_schema, referenced_name;
[0m14:28:43.276942 [debug] [MainThread]: Opening a new connection, currently in state init
[0m14:28:43.291152 [debug] [MainThread]: SQL status: SELECT 8 in 0.014 seconds
[0m14:28:43.291926 [debug] [MainThread]: Sending event: {'category': 'dbt', 'action': 'runnable_timing', 'label': 'f0f78c7a-f3d6-4b80-9590-6944a4afc4f0', 'context': [<snowplow_tracker.self_describing_json.SelfDescribingJson object at 0x10dafa410>]}
[0m14:28:43.292162 [debug] [MainThread]: On master: ROLLBACK
[0m14:28:43.292839 [debug] [MainThread]: On master: COMMIT
[0m14:28:43.292953 [debug] [MainThread]: Using postgres connection "master"
[0m14:28:43.293056 [debug] [MainThread]: On master: COMMIT
[0m14:28:43.293844 [debug] [MainThread]: SQL status: COMMIT in 0.001 seconds
[0m14:28:43.293992 [debug] [MainThread]: On master: Close
[0m14:28:43.296473 [debug] [Thread-1 (]: Began running node test.funding_rate_analytics.accepted_range_stg_funding_events_funding_rate_annualized_pct__True__500___500.b010873d5a
[0m14:28:43.296688 [debug] [Thread-2 (]: Began running node test.funding_rate_analytics.accepted_values_stg_funding_events_asset_class__crypto__equity.8c0e938519
[0m14:28:43.296861 [debug] [Thread-4 (]: Began running node test.funding_rate_analytics.not_null_stg_funding_events_funding_rate_annualized_pct.89653db3eb
[0m14:28:43.297327 [info ] [Thread-2 (]: 2 of 7 START test accepted_values_stg_funding_events_asset_class__crypto__equity  [RUN]
[0m14:28:43.297733 [debug] [Thread-2 (]: Acquiring new postgres connection 'test.funding_rate_analytics.accepted_values_stg_funding_events_asset_class__crypto__equity.8c0e938519'
[0m14:28:43.297939 [debug] [Thread-2 (]: Began compiling node test.funding_rate_analytics.accepted_values_stg_funding_events_asset_class__crypto__equity.8c0e938519
[0m14:28:43.297150 [info ] [Thread-1 (]: 1 of 7 START test accepted_range_stg_funding_events_funding_rate_annualized_pct__True__500___500  [RUN]
[0m14:28:43.297476 [info ] [Thread-4 (]: 4 of 7 START test not_null_stg_funding_events_funding_rate_annualized_pct ...... [RUN]
[0m14:28:43.297000 [debug] [Thread-3 (]: Began running node test.funding_rate_analytics.not_null_stg_funding_events_asset_class.102539e1bd
[0m14:28:43.306049 [debug] [Thread-2 (]: Writing injected SQL for node "test.funding_rate_analytics.accepted_values_stg_funding_events_asset_class__crypto__equity.8c0e938519"
[0m14:28:43.306312 [debug] [Thread-1 (]: Re-using an available connection from the pool (formerly list_funding_rates_staging_staging, now test.funding_rate_analytics.accepted_range_stg_funding_events_funding_rate_annualized_pct__True__500___500.b010873d5a)
[0m14:28:43.306894 [debug] [Thread-1 (]: Began compiling node test.funding_rate_analytics.accepted_range_stg_funding_events_funding_rate_annualized_pct__True__500___500.b010873d5a
[0m14:28:43.306704 [info ] [Thread-3 (]: 3 of 7 START test not_null_stg_funding_events_asset_class ...................... [RUN]
[0m14:28:43.306540 [debug] [Thread-4 (]: Acquiring new postgres connection 'test.funding_rate_analytics.not_null_stg_funding_events_funding_rate_annualized_pct.89653db3eb'
[0m14:28:43.308603 [debug] [Thread-4 (]: Began compiling node test.funding_rate_analytics.not_null_stg_funding_events_funding_rate_annualized_pct.89653db3eb
[0m14:28:43.311665 [debug] [Thread-4 (]: Writing injected SQL for node "test.funding_rate_analytics.not_null_stg_funding_events_funding_rate_annualized_pct.89653db3eb"
[0m14:28:43.308430 [debug] [Thread-3 (]: Acquiring new postgres connection 'test.funding_rate_analytics.not_null_stg_funding_events_asset_class.102539e1bd'
[0m14:28:43.311878 [debug] [Thread-3 (]: Began compiling node test.funding_rate_analytics.not_null_stg_funding_events_asset_class.102539e1bd
[0m14:28:43.313303 [debug] [Thread-3 (]: Writing injected SQL for node "test.funding_rate_analytics.not_null_stg_funding_events_asset_class.102539e1bd"
[0m14:28:43.313818 [debug] [Thread-2 (]: Began executing node test.funding_rate_analytics.accepted_values_stg_funding_events_asset_class__crypto__equity.8c0e938519
[0m14:28:43.320126 [debug] [Thread-4 (]: Began executing node test.funding_rate_analytics.not_null_stg_funding_events_funding_rate_annualized_pct.89653db3eb
[0m14:28:43.322315 [debug] [Thread-4 (]: Writing runtime sql for node "test.funding_rate_analytics.not_null_stg_funding_events_funding_rate_annualized_pct.89653db3eb"
[0m14:28:43.321299 [debug] [Thread-2 (]: Writing runtime sql for node "test.funding_rate_analytics.accepted_values_stg_funding_events_asset_class__crypto__equity.8c0e938519"
[0m14:28:43.322602 [debug] [Thread-3 (]: Began executing node test.funding_rate_analytics.not_null_stg_funding_events_asset_class.102539e1bd
[0m14:28:43.323410 [debug] [Thread-3 (]: Writing runtime sql for node "test.funding_rate_analytics.not_null_stg_funding_events_asset_class.102539e1bd"
[0m14:28:43.323673 [debug] [Thread-4 (]: Using postgres connection "test.funding_rate_analytics.not_null_stg_funding_events_funding_rate_annualized_pct.89653db3eb"
[0m14:28:43.324123 [debug] [Thread-4 (]: On test.funding_rate_analytics.not_null_stg_funding_events_funding_rate_annualized_pct.89653db3eb: /* {"app": "dbt", "dbt_version": "1.12.0b2", "profile_name": "funding_rate_analytics", "target_name": "dev", "node_id": "test.funding_rate_analytics.not_null_stg_funding_events_funding_rate_annualized_pct.89653db3eb"} */

    
    select
      count(*) as failures,
      count(*) != 0 as should_warn,
      count(*) != 0 as should_error
    from (
      
    
  
    
    



select funding_rate_annualized_pct
from "funding_rates"."staging_staging"."stg_funding_events"
where funding_rate_annualized_pct is null



  
  
      
    ) dbt_internal_test
[0m14:28:43.324298 [debug] [Thread-4 (]: Opening a new connection, currently in state init
[0m14:28:43.323843 [debug] [Thread-2 (]: Using postgres connection "test.funding_rate_analytics.accepted_values_stg_funding_events_asset_class__crypto__equity.8c0e938519"
[0m14:28:43.324502 [debug] [Thread-2 (]: On test.funding_rate_analytics.accepted_values_stg_funding_events_asset_class__crypto__equity.8c0e938519: /* {"app": "dbt", "dbt_version": "1.12.0b2", "profile_name": "funding_rate_analytics", "target_name": "dev", "node_id": "test.funding_rate_analytics.accepted_values_stg_funding_events_asset_class__crypto__equity.8c0e938519"} */

    
    select
      count(*) as failures,
      count(*) != 0 as should_warn,
      count(*) != 0 as should_error
    from (
      
    
  
    
    

with all_values as (

    select
        asset_class as value_field,
        count(*) as n_records

    from "funding_rates"."staging_staging"."stg_funding_events"
    group by asset_class

)

select *
from all_values
where value_field not in (
    'crypto','equity'
)



  
  
      
    ) dbt_internal_test
[0m14:28:43.324794 [debug] [Thread-2 (]: Opening a new connection, currently in state init
[0m14:28:43.324663 [debug] [Thread-3 (]: Using postgres connection "test.funding_rate_analytics.not_null_stg_funding_events_asset_class.102539e1bd"
[0m14:28:43.324981 [debug] [Thread-3 (]: On test.funding_rate_analytics.not_null_stg_funding_events_asset_class.102539e1bd: /* {"app": "dbt", "dbt_version": "1.12.0b2", "profile_name": "funding_rate_analytics", "target_name": "dev", "node_id": "test.funding_rate_analytics.not_null_stg_funding_events_asset_class.102539e1bd"} */

    
    select
      count(*) as failures,
      count(*) != 0 as should_warn,
      count(*) != 0 as should_error
    from (
      
    
  
    
    



select asset_class
from "funding_rates"."staging_staging"."stg_funding_events"
where asset_class is null



  
  
      
    ) dbt_internal_test
[0m14:28:43.325122 [debug] [Thread-3 (]: Opening a new connection, currently in state init
[0m14:28:43.330007 [debug] [Thread-1 (]: Compilation Error in test accepted_range_stg_funding_events_funding_rate_annualized_pct__True__500___500 (models/staging/schema.yml)
  'test_accepted_range' is undefined. This can happen when calling a macro that does not exist. Check for typos and/or install package dependencies with "dbt deps".
[0m14:28:43.330245 [error] [Thread-1 (]: 1 of 7 ERROR accepted_range_stg_funding_events_funding_rate_annualized_pct__True__500___500  [[31mERROR[0m in 0.02s]
[0m14:28:43.330463 [debug] [Thread-1 (]: Finished running node test.funding_rate_analytics.accepted_range_stg_funding_events_funding_rate_annualized_pct__True__500___500.b010873d5a
[0m14:28:43.330626 [debug] [Thread-1 (]: Began running node test.funding_rate_analytics.not_null_stg_funding_events_interval_start.571c9ad96b
[0m14:28:43.330820 [debug] [Thread-7 (]: Marking all children of 'test.funding_rate_analytics.accepted_range_stg_funding_events_funding_rate_annualized_pct__True__500___500.b010873d5a' to be skipped because of status 'error'.  Reason: Compilation Error in test accepted_range_stg_funding_events_funding_rate_annualized_pct__True__500___500 (models/staging/schema.yml)
  'test_accepted_range' is undefined. This can happen when calling a macro that does not exist. Check for typos and/or install package dependencies with "dbt deps"..
[0m14:28:43.330979 [info ] [Thread-1 (]: 5 of 7 START test not_null_stg_funding_events_interval_start ................... [RUN]
[0m14:28:43.331662 [debug] [Thread-1 (]: Re-using an available connection from the pool (formerly test.funding_rate_analytics.accepted_range_stg_funding_events_funding_rate_annualized_pct__True__500___500.b010873d5a, now test.funding_rate_analytics.not_null_stg_funding_events_interval_start.571c9ad96b)
[0m14:28:43.331834 [debug] [Thread-1 (]: Began compiling node test.funding_rate_analytics.not_null_stg_funding_events_interval_start.571c9ad96b
[0m14:28:43.333624 [debug] [Thread-1 (]: Writing injected SQL for node "test.funding_rate_analytics.not_null_stg_funding_events_interval_start.571c9ad96b"
[0m14:28:43.338486 [debug] [Thread-1 (]: Began executing node test.funding_rate_analytics.not_null_stg_funding_events_interval_start.571c9ad96b
[0m14:28:43.339924 [debug] [Thread-1 (]: Writing runtime sql for node "test.funding_rate_analytics.not_null_stg_funding_events_interval_start.571c9ad96b"
[0m14:28:43.340276 [debug] [Thread-1 (]: Using postgres connection "test.funding_rate_analytics.not_null_stg_funding_events_interval_start.571c9ad96b"
[0m14:28:43.340430 [debug] [Thread-1 (]: On test.funding_rate_analytics.not_null_stg_funding_events_interval_start.571c9ad96b: /* {"app": "dbt", "dbt_version": "1.12.0b2", "profile_name": "funding_rate_analytics", "target_name": "dev", "node_id": "test.funding_rate_analytics.not_null_stg_funding_events_interval_start.571c9ad96b"} */

    
    select
      count(*) as failures,
      count(*) != 0 as should_warn,
      count(*) != 0 as should_error
    from (
      
    
  
    
    



select interval_start
from "funding_rates"."staging_staging"."stg_funding_events"
where interval_start is null



  
  
      
    ) dbt_internal_test
[0m14:28:43.340567 [debug] [Thread-1 (]: Opening a new connection, currently in state closed
[0m14:28:43.347864 [debug] [Thread-2 (]: SQL status: SELECT 1 in 0.023 seconds
[0m14:28:43.356219 [debug] [Thread-2 (]: On test.funding_rate_analytics.accepted_values_stg_funding_events_asset_class__crypto__equity.8c0e938519: ROLLBACK
[0m14:28:43.356479 [debug] [Thread-3 (]: SQL status: SELECT 1 in 0.031 seconds
[0m14:28:43.357369 [debug] [Thread-3 (]: On test.funding_rate_analytics.not_null_stg_funding_events_asset_class.102539e1bd: ROLLBACK
[0m14:28:43.357537 [debug] [Thread-2 (]: On test.funding_rate_analytics.accepted_values_stg_funding_events_asset_class__crypto__equity.8c0e938519: Close
[0m14:28:43.357857 [info ] [Thread-2 (]: 2 of 7 PASS accepted_values_stg_funding_events_asset_class__crypto__equity ..... [[32mPASS[0m in 0.06s]
[0m14:28:43.358112 [debug] [Thread-2 (]: Finished running node test.funding_rate_analytics.accepted_values_stg_funding_events_asset_class__crypto__equity.8c0e938519
[0m14:28:43.358496 [debug] [Thread-2 (]: Began running node test.funding_rate_analytics.not_null_stg_funding_events_symbol.979ec2bdf0
[0m14:28:43.358635 [info ] [Thread-2 (]: 6 of 7 START test not_null_stg_funding_events_symbol ........................... [RUN]
[0m14:28:43.358839 [debug] [Thread-2 (]: Re-using an available connection from the pool (formerly test.funding_rate_analytics.accepted_values_stg_funding_events_asset_class__crypto__equity.8c0e938519, now test.funding_rate_analytics.not_null_stg_funding_events_symbol.979ec2bdf0)
[0m14:28:43.359003 [debug] [Thread-2 (]: Began compiling node test.funding_rate_analytics.not_null_stg_funding_events_symbol.979ec2bdf0
[0m14:28:43.360979 [debug] [Thread-2 (]: Writing injected SQL for node "test.funding_rate_analytics.not_null_stg_funding_events_symbol.979ec2bdf0"
[0m14:28:43.358305 [debug] [Thread-3 (]: On test.funding_rate_analytics.not_null_stg_funding_events_asset_class.102539e1bd: Close
[0m14:28:43.361269 [info ] [Thread-3 (]: 3 of 7 PASS not_null_stg_funding_events_asset_class ............................ [[32mPASS[0m in 0.05s]
[0m14:28:43.366183 [debug] [Thread-3 (]: Finished running node test.funding_rate_analytics.not_null_stg_funding_events_asset_class.102539e1bd
[0m14:28:43.366508 [debug] [Thread-3 (]: Began running node test.funding_rate_analytics.not_null_stg_funding_events_venue.e2f31a7991
[0m14:28:43.366684 [info ] [Thread-3 (]: 7 of 7 START test not_null_stg_funding_events_venue ............................ [RUN]
[0m14:28:43.366861 [debug] [Thread-3 (]: Re-using an available connection from the pool (formerly test.funding_rate_analytics.not_null_stg_funding_events_asset_class.102539e1bd, now test.funding_rate_analytics.not_null_stg_funding_events_venue.e2f31a7991)
[0m14:28:43.366996 [debug] [Thread-3 (]: Began compiling node test.funding_rate_analytics.not_null_stg_funding_events_venue.e2f31a7991
[0m14:28:43.368750 [debug] [Thread-3 (]: Writing injected SQL for node "test.funding_rate_analytics.not_null_stg_funding_events_venue.e2f31a7991"
[0m14:28:43.373185 [debug] [Thread-2 (]: Began executing node test.funding_rate_analytics.not_null_stg_funding_events_symbol.979ec2bdf0
[0m14:28:43.374560 [debug] [Thread-2 (]: Writing runtime sql for node "test.funding_rate_analytics.not_null_stg_funding_events_symbol.979ec2bdf0"
[0m14:28:43.376119 [debug] [Thread-3 (]: Began executing node test.funding_rate_analytics.not_null_stg_funding_events_venue.e2f31a7991
[0m14:28:43.377080 [debug] [Thread-3 (]: Writing runtime sql for node "test.funding_rate_analytics.not_null_stg_funding_events_venue.e2f31a7991"
[0m14:28:43.376293 [debug] [Thread-2 (]: Using postgres connection "test.funding_rate_analytics.not_null_stg_funding_events_symbol.979ec2bdf0"
[0m14:28:43.377269 [debug] [Thread-2 (]: On test.funding_rate_analytics.not_null_stg_funding_events_symbol.979ec2bdf0: /* {"app": "dbt", "dbt_version": "1.12.0b2", "profile_name": "funding_rate_analytics", "target_name": "dev", "node_id": "test.funding_rate_analytics.not_null_stg_funding_events_symbol.979ec2bdf0"} */

    
    select
      count(*) as failures,
      count(*) != 0 as should_warn,
      count(*) != 0 as should_error
    from (
      
    
  
    
    



select symbol
from "funding_rates"."staging_staging"."stg_funding_events"
where symbol is null



  
  
      
    ) dbt_internal_test
[0m14:28:43.377410 [debug] [Thread-2 (]: Opening a new connection, currently in state closed
[0m14:28:43.377624 [debug] [Thread-1 (]: SQL status: SELECT 1 in 0.037 seconds
[0m14:28:43.378209 [debug] [Thread-1 (]: On test.funding_rate_analytics.not_null_stg_funding_events_interval_start.571c9ad96b: ROLLBACK
[0m14:28:43.378372 [debug] [Thread-3 (]: Using postgres connection "test.funding_rate_analytics.not_null_stg_funding_events_venue.e2f31a7991"
[0m14:28:43.378578 [debug] [Thread-3 (]: On test.funding_rate_analytics.not_null_stg_funding_events_venue.e2f31a7991: /* {"app": "dbt", "dbt_version": "1.12.0b2", "profile_name": "funding_rate_analytics", "target_name": "dev", "node_id": "test.funding_rate_analytics.not_null_stg_funding_events_venue.e2f31a7991"} */

    
    select
      count(*) as failures,
      count(*) != 0 as should_warn,
      count(*) != 0 as should_error
    from (
      
    
  
    
    



select venue
from "funding_rates"."staging_staging"."stg_funding_events"
where venue is null



  
  
      
    ) dbt_internal_test
[0m14:28:43.378710 [debug] [Thread-3 (]: Opening a new connection, currently in state closed
[0m14:28:43.378944 [debug] [Thread-1 (]: On test.funding_rate_analytics.not_null_stg_funding_events_interval_start.571c9ad96b: Close
[0m14:28:43.379283 [info ] [Thread-1 (]: 5 of 7 PASS not_null_stg_funding_events_interval_start ......................... [[32mPASS[0m in 0.05s]
[0m14:28:43.379562 [debug] [Thread-1 (]: Finished running node test.funding_rate_analytics.not_null_stg_funding_events_interval_start.571c9ad96b
[0m14:28:43.398303 [debug] [Thread-4 (]: SQL status: SELECT 1 in 0.074 seconds
[0m14:28:43.398997 [debug] [Thread-4 (]: On test.funding_rate_analytics.not_null_stg_funding_events_funding_rate_annualized_pct.89653db3eb: ROLLBACK
[0m14:28:43.399529 [debug] [Thread-4 (]: On test.funding_rate_analytics.not_null_stg_funding_events_funding_rate_annualized_pct.89653db3eb: Close
[0m14:28:43.399793 [info ] [Thread-4 (]: 4 of 7 PASS not_null_stg_funding_events_funding_rate_annualized_pct ............ [[32mPASS[0m in 0.09s]
[0m14:28:43.399996 [debug] [Thread-4 (]: Finished running node test.funding_rate_analytics.not_null_stg_funding_events_funding_rate_annualized_pct.89653db3eb
[0m14:28:43.452837 [debug] [Thread-2 (]: SQL status: SELECT 1 in 0.075 seconds
[0m14:28:43.453729 [debug] [Thread-2 (]: On test.funding_rate_analytics.not_null_stg_funding_events_symbol.979ec2bdf0: ROLLBACK
[0m14:28:43.453101 [debug] [Thread-3 (]: SQL status: SELECT 1 in 0.074 seconds
[0m14:28:43.454342 [debug] [Thread-3 (]: On test.funding_rate_analytics.not_null_stg_funding_events_venue.e2f31a7991: ROLLBACK
[0m14:28:43.454521 [debug] [Thread-2 (]: On test.funding_rate_analytics.not_null_stg_funding_events_symbol.979ec2bdf0: Close
[0m14:28:43.454818 [info ] [Thread-2 (]: 6 of 7 PASS not_null_stg_funding_events_symbol ................................. [[32mPASS[0m in 0.10s]
[0m14:28:43.455039 [debug] [Thread-2 (]: Finished running node test.funding_rate_analytics.not_null_stg_funding_events_symbol.979ec2bdf0
[0m14:28:43.455209 [debug] [Thread-3 (]: On test.funding_rate_analytics.not_null_stg_funding_events_venue.e2f31a7991: Close
[0m14:28:43.455421 [info ] [Thread-3 (]: 7 of 7 PASS not_null_stg_funding_events_venue .................................. [[32mPASS[0m in 0.09s]
[0m14:28:43.455605 [debug] [Thread-3 (]: Finished running node test.funding_rate_analytics.not_null_stg_funding_events_venue.e2f31a7991
[0m14:28:43.456438 [debug] [MainThread]: On master: COMMIT
[0m14:28:43.456621 [debug] [MainThread]: Using postgres connection "master"
[0m14:28:43.456736 [debug] [MainThread]: On master: COMMIT
[0m14:28:43.456840 [debug] [MainThread]: Opening a new connection, currently in state closed
[0m14:28:43.462963 [debug] [MainThread]: SQL status: COMMIT in 0.006 seconds
[0m14:28:43.463201 [debug] [MainThread]: On master: Close
[0m14:28:43.463406 [debug] [MainThread]: Connection 'master' was properly closed.
[0m14:28:43.463519 [debug] [MainThread]: Connection 'test.funding_rate_analytics.not_null_stg_funding_events_interval_start.571c9ad96b' was properly closed.
[0m14:28:43.463615 [debug] [MainThread]: Connection 'test.funding_rate_analytics.not_null_stg_funding_events_symbol.979ec2bdf0' was properly closed.
[0m14:28:43.463704 [debug] [MainThread]: Connection 'test.funding_rate_analytics.not_null_stg_funding_events_funding_rate_annualized_pct.89653db3eb' was properly closed.
[0m14:28:43.463797 [debug] [MainThread]: Connection 'test.funding_rate_analytics.not_null_stg_funding_events_venue.e2f31a7991' was properly closed.
[0m14:28:43.463933 [info ] [MainThread]: 
[0m14:28:43.464062 [info ] [MainThread]: Finished running 7 data tests in 0 hours 0 minutes and 0.31 seconds (0.31s).
[0m14:28:43.464584 [debug] [MainThread]: Command end result
[0m14:28:43.479395 [debug] [MainThread]: Wrote artifact WritableManifest to /Users/nformenton/Dev/funding-rate-analytics/dbt/target/manifest.json
[0m14:28:43.481465 [debug] [MainThread]: Wrote artifact SemanticManifest to /Users/nformenton/Dev/funding-rate-analytics/dbt/target/semantic_manifest.json
[0m14:28:43.483276 [debug] [MainThread]: Wrote artifact OsiDocument to /Users/nformenton/Dev/funding-rate-analytics/dbt/target/osi_document.json
[0m14:28:43.487252 [debug] [MainThread]: Wrote artifact RunExecutionResult to /Users/nformenton/Dev/funding-rate-analytics/dbt/target/run_results.json
[0m14:28:43.487453 [info ] [MainThread]: 
[0m14:28:43.487609 [info ] [MainThread]: [31mCompleted with 1 error, 0 partial successes, and 0 warnings:[0m
[0m14:28:43.487736 [info ] [MainThread]: 
[0m14:28:43.487899 [error] [MainThread]: [[31mERROR[0m]: in test accepted_range_stg_funding_events_funding_rate_annualized_pct__True__500___500 (models/staging/schema.yml)
[0m14:28:43.488042 [error] [MainThread]:   Compilation Error in test accepted_range_stg_funding_events_funding_rate_annualized_pct__True__500___500 (models/staging/schema.yml)
  'test_accepted_range' is undefined. This can happen when calling a macro that does not exist. Check for typos and/or install package dependencies with "dbt deps".
[0m14:28:43.488160 [info ] [MainThread]: 
[0m14:28:43.488285 [info ] [MainThread]: Done. PASS=6 WARN=0 ERROR=1 SKIP=0 NO-OP=0 REUSED=0 TOTAL=7
[0m14:28:43.491111 [debug] [MainThread]: Resource report: {"command_name": "test", "command_success": false, "command_wall_clock_time": 0.7479593, "process_in_blocks": "0", "process_kernel_time": 0.239483, "process_mem_max_rss": "169050112", "process_out_blocks": "0", "process_user_time": 0.993097}
[0m14:28:43.491421 [debug] [MainThread]: Command `dbt test` failed at 14:28:43.491381 after 0.75 seconds
[0m14:28:43.491636 [debug] [MainThread]: Sending event: {'category': 'dbt', 'action': 'invocation', 'label': 'end', 'context': [<snowplow_tracker.self_describing_json.SelfDescribingJson object at 0x10db853d0>, <snowplow_tracker.self_describing_json.SelfDescribingJson object at 0x10dd30260>, <snowplow_tracker.self_describing_json.SelfDescribingJson object at 0x10dd30aa0>]}
[0m14:28:43.491816 [debug] [MainThread]: Flushing usage events
[0m14:28:44.193795 [debug] [MainThread]: An error was encountered while trying to flush usage events
[0m14:29:18.620032 [debug] [MainThread]: Sending event: {'category': 'dbt', 'action': 'invocation', 'label': 'start', 'context': [<snowplow_tracker.self_describing_json.SelfDescribingJson object at 0x1094e82f0>, <snowplow_tracker.self_describing_json.SelfDescribingJson object at 0x10aa22ad0>, <snowplow_tracker.self_describing_json.SelfDescribingJson object at 0x10aa22c10>]}


============================== 14:29:18.623518 | 23bc2c38-3d88-43b4-85a4-fc4e59aa9abc ==============================
[0m14:29:18.623518 [info ] [MainThread]: Running with dbt=1.12.0-b2
[0m14:29:18.623790 [debug] [MainThread]: running dbt with arguments {'use_experimental_parser': 'False', 'log_format': 'default', 'log_cache_events': 'False', 'maximum_seed_size_mib': '1', 'target_path': 'None', 'introspect': 'True', 'printer_width': '80', 'warn_error': 'None', 'invocation_command': 'dbt deps --profiles-dir .', 'fail_fast': 'False', 'cache_selected_only': 'False', 'indirect_selection': 'eager', 'write_json': 'True', 'warn_error_options': 'WarnErrorOptionsV2(error=[], warn=[], silence=[])', 'use_colors': 'True', 'send_anonymous_usage_stats': 'True', 'log_path': '/Users/nformenton/Dev/funding-rate-analytics/dbt/logs', 'static_parser': 'True', 'partial_parse': 'True', 'debug': 'False', 'no_print': 'None', 'version_check': 'True', 'profiles_dir': '.', 'empty': 'None', 'quiet': 'False'}
[0m14:29:18.697088 [debug] [MainThread]: Sending event: {'category': 'dbt', 'action': 'project_id', 'label': '23bc2c38-3d88-43b4-85a4-fc4e59aa9abc', 'context': [<snowplow_tracker.self_describing_json.SelfDescribingJson object at 0x10a84fe10>]}
[0m14:29:18.721091 [debug] [MainThread]: Set downloads directory='/var/folders/vy/8g1h85ss5xn4pz4_3nk999180000gn/T/dbt-downloads-cmu885y0'
[0m14:29:18.721385 [debug] [MainThread]: Making package index registry request: GET https://hub.getdbt.com/api/v1/index.json
[0m14:29:18.838515 [debug] [MainThread]: Response from registry index: GET https://hub.getdbt.com/api/v1/index.json 200
[0m14:29:18.839840 [debug] [MainThread]: Making package registry request: GET https://hub.getdbt.com/api/v1/dbt-labs/dbt_utils.json
[0m14:29:18.906775 [debug] [MainThread]: Response from registry: GET https://hub.getdbt.com/api/v1/dbt-labs/dbt_utils.json 200
[0m14:29:18.914950 [info ] [MainThread]: Updating lock file in file path: /Users/nformenton/Dev/funding-rate-analytics/dbt/package-lock.yml
[0m14:29:18.916747 [debug] [MainThread]: Set downloads directory='/var/folders/vy/8g1h85ss5xn4pz4_3nk999180000gn/T/dbt-downloads-awjvxmhm'
[0m14:29:18.918246 [info ] [MainThread]: Installing dbt-labs/dbt_utils
[0m14:29:19.282634 [info ] [MainThread]: Installed from version 1.3.0
[0m14:29:19.282858 [info ] [MainThread]: Updated version available: 1.3.3
[0m14:29:19.283023 [debug] [MainThread]: Sending event: {'category': 'dbt', 'action': 'package', 'label': '23bc2c38-3d88-43b4-85a4-fc4e59aa9abc', 'property_': 'install', 'context': [<snowplow_tracker.self_describing_json.SelfDescribingJson object at 0x10867f460>, <snowplow_tracker.self_describing_json.SelfDescribingJson object at 0x10ab5e250>]}
[0m14:29:19.283193 [info ] [MainThread]: 
[0m14:29:19.283318 [info ] [MainThread]: Updates available for packages: ['dbt-labs/dbt_utils']                 
Update your versions in packages.yml, then run dbt deps
[0m14:29:19.285696 [debug] [MainThread]: Resource report: {"command_name": "deps", "command_success": true, "command_wall_clock_time": 0.7395063, "process_in_blocks": "0", "process_kernel_time": 0.202055, "process_mem_max_rss": "142704640", "process_out_blocks": "0", "process_user_time": 0.721282}
[0m14:29:19.285973 [debug] [MainThread]: Command `dbt deps` succeeded at 14:29:19.285924 after 0.74 seconds
[0m14:29:19.286124 [debug] [MainThread]: Sending event: {'category': 'dbt', 'action': 'invocation', 'label': 'end', 'context': [<snowplow_tracker.self_describing_json.SelfDescribingJson object at 0x10ac9d750>, <snowplow_tracker.self_describing_json.SelfDescribingJson object at 0x10ab61f40>, <snowplow_tracker.self_describing_json.SelfDescribingJson object at 0x10ab62030>]}
[0m14:29:19.286274 [debug] [MainThread]: Flushing usage events
[0m14:29:19.852349 [debug] [MainThread]: An error was encountered while trying to flush usage events
[0m14:29:42.497668 [debug] [MainThread]: Sending event: {'category': 'dbt', 'action': 'invocation', 'label': 'start', 'context': [<snowplow_tracker.self_describing_json.SelfDescribingJson object at 0x10cc4c2f0>, <snowplow_tracker.self_describing_json.SelfDescribingJson object at 0x10e1f6710>, <snowplow_tracker.self_describing_json.SelfDescribingJson object at 0x10e1f6990>]}


============================== 14:29:42.500712 | 3058264f-ccaf-488a-a48b-2ea78219b21d ==============================
[0m14:29:42.500712 [info ] [MainThread]: Running with dbt=1.12.0-b2
[0m14:29:42.500967 [debug] [MainThread]: running dbt with arguments {'send_anonymous_usage_stats': 'True', 'warn_error': 'None', 'log_path': '/Users/nformenton/Dev/funding-rate-analytics/dbt/logs', 'use_experimental_parser': 'False', 'warn_error_options': 'WarnErrorOptionsV2(error=[], warn=[], silence=[])', 'partial_parse': 'True', 'maximum_seed_size_mib': '1', 'introspect': 'True', 'fail_fast': 'False', 'log_cache_events': 'False', 'write_json': 'True', 'cache_selected_only': 'False', 'profiles_dir': '.', 'debug': 'False', 'printer_width': '80', 'no_print': 'None', 'log_format': 'default', 'version_check': 'True', 'invocation_command': 'dbt test --select staging --profiles-dir .', 'quiet': 'False', 'static_parser': 'True', 'empty': 'None', 'indirect_selection': 'eager', 'use_colors': 'True', 'target_path': 'None'}
[0m14:29:42.603157 [debug] [MainThread]: Sending event: {'category': 'dbt', 'action': 'project_id', 'label': '3058264f-ccaf-488a-a48b-2ea78219b21d', 'context': [<snowplow_tracker.self_describing_json.SelfDescribingJson object at 0x10e1a5e00>]}
[0m14:29:42.627243 [debug] [MainThread]: Sending event: {'category': 'dbt', 'action': 'adapter_info', 'label': '3058264f-ccaf-488a-a48b-2ea78219b21d', 'context': [<snowplow_tracker.self_describing_json.SelfDescribingJson object at 0x10accaf10>]}
[0m14:29:42.629023 [info ] [MainThread]: Registered adapter: postgres=1.10.0
[0m14:29:42.670628 [debug] [MainThread]: checksum: 4028e76001202c6d79cbd6497f04f8a5167c54a3cd8d4daed1786e25b5aa8f08, vars: {}, profile: funding_rate_analytics, target: dev, version: 1.12.0b2
[0m14:29:42.714260 [info ] [MainThread]: Unable to do partial parsing because a project dependency has been added
[0m14:29:42.714547 [debug] [MainThread]: Sending event: {'category': 'dbt', 'action': 'partial_parser', 'label': '3058264f-ccaf-488a-a48b-2ea78219b21d', 'context': [<snowplow_tracker.self_describing_json.SelfDescribingJson object at 0x10e272e50>]}
[0m14:29:43.289962 [warn ] [MainThread]: [[33mWARNING[0m][MissingArgumentsPropertyInGenericTestDeprecation]: Deprecated
functionality
Found top-level arguments to test `accepted_values` defined on
'stg_funding_events' in package 'funding_rate_analytics'
(models/staging/schema.yml). Arguments to generic tests should be nested under
the `arguments` property.
[0m14:29:43.290282 [debug] [MainThread]: Sending event: {'category': 'dbt', 'action': 'deprecation', 'label': '3058264f-ccaf-488a-a48b-2ea78219b21d', 'property_': 'warn', 'context': [<snowplow_tracker.self_describing_json.SelfDescribingJson object at 0x10f8b8320>]}
[0m14:29:43.307106 [warn ] [MainThread]: [[33mWARNING[0m]: Did not find matching node for patch with name 'mart_hourly_funding' in the 'models' section of file 'models/marts/schema.yml'
[0m14:29:43.308193 [warn ] [MainThread]: [[33mWARNING[0m]: Did not find matching node for patch with name 'mart_daily_funding' in the 'models' section of file 'models/marts/schema.yml'
[0m14:29:43.309275 [warn ] [MainThread]: [[33mWARNING[0m]: Did not find matching node for patch with name 'mart_venue_comparison' in the 'models' section of file 'models/marts/schema.yml'
[0m14:29:43.323200 [warn ] [MainThread]: [[33mWARNING[0m]: Test 'test.funding_rate_analytics.not_null_mart_hourly_funding_venue.92300b66b4' (models/marts/schema.yml) depends on a node named 'mart_hourly_funding' in package '' which was not found
[0m14:29:43.323409 [warn ] [MainThread]: [[33mWARNING[0m]: Test 'test.funding_rate_analytics.not_null_mart_hourly_funding_symbol.f2d6c0f007' (models/marts/schema.yml) depends on a node named 'mart_hourly_funding' in package '' which was not found
[0m14:29:43.323539 [warn ] [MainThread]: [[33mWARNING[0m]: Test 'test.funding_rate_analytics.not_null_mart_hourly_funding_asset_class.f869108288' (models/marts/schema.yml) depends on a node named 'mart_hourly_funding' in package '' which was not found
[0m14:29:43.323659 [warn ] [MainThread]: [[33mWARNING[0m]: Test 'test.funding_rate_analytics.accepted_values_mart_hourly_funding_asset_class__crypto__equity.a873e5f13c' (models/marts/schema.yml) depends on a node named 'mart_hourly_funding' in package '' which was not found
[0m14:29:43.323773 [warn ] [MainThread]: [[33mWARNING[0m]: Test 'test.funding_rate_analytics.not_null_mart_hourly_funding_hour_start.7ce62d12b4' (models/marts/schema.yml) depends on a node named 'mart_hourly_funding' in package '' which was not found
[0m14:29:43.323883 [warn ] [MainThread]: [[33mWARNING[0m]: Test 'test.funding_rate_analytics.unique_mart_hourly_funding__venue_symbol_hour_start_.e5924b5724' (models/marts/schema.yml) depends on a node named 'mart_hourly_funding' in package '' which was not found
[0m14:29:43.323996 [warn ] [MainThread]: [[33mWARNING[0m]: Test 'test.funding_rate_analytics.not_null_mart_daily_funding_venue.f8f49ef725' (models/marts/schema.yml) depends on a node named 'mart_daily_funding' in package '' which was not found
[0m14:29:43.324104 [warn ] [MainThread]: [[33mWARNING[0m]: Test 'test.funding_rate_analytics.not_null_mart_daily_funding_symbol.821abc9f29' (models/marts/schema.yml) depends on a node named 'mart_daily_funding' in package '' which was not found
[0m14:29:43.324214 [warn ] [MainThread]: [[33mWARNING[0m]: Test 'test.funding_rate_analytics.not_null_mart_daily_funding_asset_class.0ed59c2af1' (models/marts/schema.yml) depends on a node named 'mart_daily_funding' in package '' which was not found
[0m14:29:43.324324 [warn ] [MainThread]: [[33mWARNING[0m]: Test 'test.funding_rate_analytics.accepted_values_mart_daily_funding_asset_class__crypto__equity.aa8969997c' (models/marts/schema.yml) depends on a node named 'mart_daily_funding' in package '' which was not found
[0m14:29:43.324439 [warn ] [MainThread]: [[33mWARNING[0m]: Test 'test.funding_rate_analytics.not_null_mart_daily_funding_date.318940ad57' (models/marts/schema.yml) depends on a node named 'mart_daily_funding' in package '' which was not found
[0m14:29:43.324548 [warn ] [MainThread]: [[33mWARNING[0m]: Test 'test.funding_rate_analytics.unique_mart_daily_funding__venue_symbol_date_.906626ac5e' (models/marts/schema.yml) depends on a node named 'mart_daily_funding' in package '' which was not found
[0m14:29:43.324661 [warn ] [MainThread]: [[33mWARNING[0m]: Test 'test.funding_rate_analytics.not_null_mart_venue_comparison_date.397ed2a6de' (models/marts/schema.yml) depends on a node named 'mart_venue_comparison' in package '' which was not found
[0m14:29:43.324772 [warn ] [MainThread]: [[33mWARNING[0m]: Test 'test.funding_rate_analytics.not_null_mart_venue_comparison_symbol.11b35d98d7' (models/marts/schema.yml) depends on a node named 'mart_venue_comparison' in package '' which was not found
[0m14:29:43.324881 [warn ] [MainThread]: [[33mWARNING[0m]: Test 'test.funding_rate_analytics.not_null_mart_venue_comparison_asset_class.39c227269c' (models/marts/schema.yml) depends on a node named 'mart_venue_comparison' in package '' which was not found
[0m14:29:43.324993 [warn ] [MainThread]: [[33mWARNING[0m]: Test 'test.funding_rate_analytics.accepted_values_mart_venue_comparison_asset_class__crypto__equity.37675ad8cb' (models/marts/schema.yml) depends on a node named 'mart_venue_comparison' in package '' which was not found
[0m14:29:43.325099 [warn ] [MainThread]: [[33mWARNING[0m]: Test 'test.funding_rate_analytics.unique_mart_venue_comparison__date_symbol_.e262677384' (models/marts/schema.yml) depends on a node named 'mart_venue_comparison' in package '' which was not found
[0m14:29:43.361101 [warn ] [MainThread]: [[33mWARNING[0m]: Configuration paths exist in your dbt_project.yml file which do not apply to any resources.
There are 1 unused configuration paths:
- models.funding_rate_analytics.marts
[0m14:29:43.363420 [debug] [MainThread]: Sending event: {'category': 'dbt', 'action': 'load_project', 'label': '3058264f-ccaf-488a-a48b-2ea78219b21d', 'context': [<snowplow_tracker.self_describing_json.SelfDescribingJson object at 0x10f5f75b0>]}
[0m14:29:43.400253 [debug] [MainThread]: Wrote artifact WritableManifest to /Users/nformenton/Dev/funding-rate-analytics/dbt/target/manifest.json
[0m14:29:43.402788 [debug] [MainThread]: Wrote artifact SemanticManifest to /Users/nformenton/Dev/funding-rate-analytics/dbt/target/semantic_manifest.json
[0m14:29:43.420422 [debug] [MainThread]: Wrote artifact OsiDocument to /Users/nformenton/Dev/funding-rate-analytics/dbt/target/osi_document.json
[0m14:29:43.434022 [debug] [MainThread]: Sending event: {'category': 'dbt', 'action': 'resource_counts', 'label': '3058264f-ccaf-488a-a48b-2ea78219b21d', 'context': [<snowplow_tracker.self_describing_json.SelfDescribingJson object at 0x10f3f9300>]}
[0m14:29:43.434256 [info ] [MainThread]: Found 1 model, 7 data tests, 591 macros
[0m14:29:43.434395 [debug] [MainThread]: Sending event: {'category': 'dbt', 'action': 'runnable_timing', 'label': '3058264f-ccaf-488a-a48b-2ea78219b21d', 'context': [<snowplow_tracker.self_describing_json.SelfDescribingJson object at 0x10f96d550>]}
[0m14:29:43.435234 [info ] [MainThread]: 
[0m14:29:43.435381 [info ] [MainThread]: Concurrency: 4 threads (target='dev')
[0m14:29:43.435490 [info ] [MainThread]: 
[0m14:29:43.435698 [debug] [MainThread]: Acquiring new postgres connection 'master'
[0m14:29:43.436085 [debug] [ThreadPool]: Acquiring new postgres connection 'list_funding_rates_staging_staging'
[0m14:29:43.508077 [debug] [ThreadPool]: Using postgres connection "list_funding_rates_staging_staging"
[0m14:29:43.508299 [debug] [ThreadPool]: On list_funding_rates_staging_staging: /* {"app": "dbt", "dbt_version": "1.12.0b2", "profile_name": "funding_rate_analytics", "target_name": "dev", "connection_name": "list_funding_rates_staging_staging"} */
select
      'funding_rates' as database,
      tablename as name,
      schemaname as schema,
      'table' as type
    from pg_tables
    where schemaname ilike 'staging_staging'
    union all
    select
      'funding_rates' as database,
      viewname as name,
      schemaname as schema,
      'view' as type
    from pg_views
    where schemaname ilike 'staging_staging'
    union all
    select
      'funding_rates' as database,
      matviewname as name,
      schemaname as schema,
      'materialized_view' as type
    from pg_matviews
    where schemaname ilike 'staging_staging'
  
[0m14:29:43.508429 [debug] [ThreadPool]: Opening a new connection, currently in state init
[0m14:29:43.548351 [debug] [ThreadPool]: SQL status: SELECT 1 in 0.040 seconds
[0m14:29:43.549057 [debug] [ThreadPool]: On list_funding_rates_staging_staging: ROLLBACK
[0m14:29:43.550255 [debug] [ThreadPool]: On list_funding_rates_staging_staging: Close
[0m14:29:43.552161 [debug] [MainThread]: Using postgres connection "master"
[0m14:29:43.552331 [debug] [MainThread]: On master: /* {"app": "dbt", "dbt_version": "1.12.0b2", "profile_name": "funding_rate_analytics", "target_name": "dev", "connection_name": "master"} */
select distinct
        dependent_namespace.nspname as dependent_schema,
        dependent_class.relname as dependent_name,
        referenced_namespace.nspname as referenced_schema,
        referenced_class.relname as referenced_name

    -- Query for views: views are entries in pg_class with an entry in pg_rewrite, but we avoid
    -- a seq scan on pg_rewrite by leveraging the fact there is an "internal" row in pg_depend for
    -- the view...
    from pg_class as dependent_class
    join pg_namespace as dependent_namespace on dependent_namespace.oid = dependent_class.relnamespace
    join pg_depend as dependent_depend on dependent_depend.refobjid = dependent_class.oid
        and dependent_depend.classid = 'pg_rewrite'::regclass
        and dependent_depend.refclassid = 'pg_class'::regclass
        and dependent_depend.deptype = 'i'

    -- ... and via pg_depend (that has a row per column, hence the need for "distinct" above, and
    -- making sure to exclude the internal row to avoid a view appearing to depend on itself)...
    join pg_depend as joining_depend on joining_depend.objid = dependent_depend.objid
        and joining_depend.classid = 'pg_rewrite'::regclass
        and joining_depend.refclassid = 'pg_class'::regclass
        and joining_depend.refobjid != dependent_depend.refobjid

    -- ... we can find the tables they query from in pg_class, but excluding system tables. Note we
    -- don't need need to exclude _dependent_ system tables, because they only query from other
    -- system tables, and so are automatically excluded by excluding _referenced_ system tables
    join pg_class as referenced_class on referenced_class.oid = joining_depend.refobjid
    join pg_namespace as referenced_namespace on referenced_namespace.oid = referenced_class.relnamespace
        and referenced_namespace.nspname != 'information_schema'
        and referenced_namespace.nspname not like 'pg\_%'

    order by
        dependent_schema, dependent_name, referenced_schema, referenced_name;
[0m14:29:43.552473 [debug] [MainThread]: Opening a new connection, currently in state init
[0m14:29:43.566308 [debug] [MainThread]: SQL status: SELECT 8 in 0.014 seconds
[0m14:29:43.567042 [debug] [MainThread]: Sending event: {'category': 'dbt', 'action': 'runnable_timing', 'label': '3058264f-ccaf-488a-a48b-2ea78219b21d', 'context': [<snowplow_tracker.self_describing_json.SelfDescribingJson object at 0x10fdc6830>]}
[0m14:29:43.567342 [debug] [MainThread]: On master: ROLLBACK
[0m14:29:43.568160 [debug] [MainThread]: On master: COMMIT
[0m14:29:43.568287 [debug] [MainThread]: Using postgres connection "master"
[0m14:29:43.568395 [debug] [MainThread]: On master: COMMIT
[0m14:29:43.569659 [debug] [MainThread]: SQL status: COMMIT in 0.001 seconds
[0m14:29:43.569773 [debug] [MainThread]: On master: Close
[0m14:29:43.571600 [debug] [Thread-3 (]: Began running node test.funding_rate_analytics.not_null_stg_funding_events_asset_class.102539e1bd
[0m14:29:43.571764 [debug] [Thread-4 (]: Began running node test.funding_rate_analytics.not_null_stg_funding_events_funding_rate_annualized_pct.89653db3eb
[0m14:29:43.572369 [info ] [Thread-4 (]: 4 of 7 START test not_null_stg_funding_events_funding_rate_annualized_pct ...... [RUN]
[0m14:29:43.572586 [debug] [Thread-4 (]: Acquiring new postgres connection 'test.funding_rate_analytics.not_null_stg_funding_events_funding_rate_annualized_pct.89653db3eb'
[0m14:29:43.572725 [debug] [Thread-4 (]: Began compiling node test.funding_rate_analytics.not_null_stg_funding_events_funding_rate_annualized_pct.89653db3eb
[0m14:29:43.577998 [debug] [Thread-4 (]: Writing injected SQL for node "test.funding_rate_analytics.not_null_stg_funding_events_funding_rate_annualized_pct.89653db3eb"
[0m14:29:43.572063 [debug] [Thread-2 (]: Began running node test.funding_rate_analytics.dbt_utils_accepted_range_stg_funding_events_funding_rate_annualized_pct__True__500___500.0fe40bc4c0
[0m14:29:43.572213 [info ] [Thread-3 (]: 3 of 7 START test not_null_stg_funding_events_asset_class ...................... [RUN]
[0m14:29:43.571918 [debug] [Thread-1 (]: Began running node test.funding_rate_analytics.accepted_values_stg_funding_events_asset_class__crypto__equity.8c0e938519
[0m14:29:43.578682 [info ] [Thread-1 (]: 1 of 7 START test accepted_values_stg_funding_events_asset_class__crypto__equity  [RUN]
[0m14:29:43.578909 [debug] [Thread-1 (]: Re-using an available connection from the pool (formerly list_funding_rates_staging_staging, now test.funding_rate_analytics.accepted_values_stg_funding_events_asset_class__crypto__equity.8c0e938519)
[0m14:29:43.579246 [debug] [Thread-1 (]: Began compiling node test.funding_rate_analytics.accepted_values_stg_funding_events_asset_class__crypto__equity.8c0e938519
[0m14:29:43.580779 [debug] [Thread-1 (]: Writing injected SQL for node "test.funding_rate_analytics.accepted_values_stg_funding_events_asset_class__crypto__equity.8c0e938519"
[0m14:29:43.579098 [debug] [Thread-4 (]: Began executing node test.funding_rate_analytics.not_null_stg_funding_events_funding_rate_annualized_pct.89653db3eb
[0m14:29:43.578268 [info ] [Thread-2 (]: 2 of 7 START test dbt_utils_accepted_range_stg_funding_events_funding_rate_annualized_pct__True__500___500  [RUN]
[0m14:29:43.578489 [debug] [Thread-3 (]: Acquiring new postgres connection 'test.funding_rate_analytics.not_null_stg_funding_events_asset_class.102539e1bd'
[0m14:29:43.591657 [debug] [Thread-3 (]: Began compiling node test.funding_rate_analytics.not_null_stg_funding_events_asset_class.102539e1bd
[0m14:29:43.593200 [debug] [Thread-3 (]: Writing injected SQL for node "test.funding_rate_analytics.not_null_stg_funding_events_asset_class.102539e1bd"
[0m14:29:43.591462 [debug] [Thread-2 (]: Acquiring new postgres connection 'test.funding_rate_analytics.dbt_utils_accepted_range_stg_funding_events_funding_rate_annualized_pct__True__500___500.0fe40bc4c0'
[0m14:29:43.593546 [debug] [Thread-2 (]: Began compiling node test.funding_rate_analytics.dbt_utils_accepted_range_stg_funding_events_funding_rate_annualized_pct__True__500___500.0fe40bc4c0
[0m14:29:43.591155 [debug] [Thread-4 (]: Writing runtime sql for node "test.funding_rate_analytics.not_null_stg_funding_events_funding_rate_annualized_pct.89653db3eb"
[0m14:29:43.593369 [debug] [Thread-1 (]: Began executing node test.funding_rate_analytics.accepted_values_stg_funding_events_asset_class__crypto__equity.8c0e938519
[0m14:29:43.596295 [debug] [Thread-1 (]: Writing runtime sql for node "test.funding_rate_analytics.accepted_values_stg_funding_events_asset_class__crypto__equity.8c0e938519"
[0m14:29:43.595338 [debug] [Thread-2 (]: Writing injected SQL for node "test.funding_rate_analytics.dbt_utils_accepted_range_stg_funding_events_funding_rate_annualized_pct__True__500___500.0fe40bc4c0"
[0m14:29:43.596507 [debug] [Thread-3 (]: Began executing node test.funding_rate_analytics.not_null_stg_funding_events_asset_class.102539e1bd
[0m14:29:43.597571 [debug] [Thread-3 (]: Writing runtime sql for node "test.funding_rate_analytics.not_null_stg_funding_events_asset_class.102539e1bd"
[0m14:29:43.597799 [debug] [Thread-2 (]: Began executing node test.funding_rate_analytics.dbt_utils_accepted_range_stg_funding_events_funding_rate_annualized_pct__True__500___500.0fe40bc4c0
[0m14:29:43.598572 [debug] [Thread-2 (]: Writing runtime sql for node "test.funding_rate_analytics.dbt_utils_accepted_range_stg_funding_events_funding_rate_annualized_pct__True__500___500.0fe40bc4c0"
[0m14:29:43.598761 [debug] [Thread-4 (]: Using postgres connection "test.funding_rate_analytics.not_null_stg_funding_events_funding_rate_annualized_pct.89653db3eb"
[0m14:29:43.599113 [debug] [Thread-4 (]: On test.funding_rate_analytics.not_null_stg_funding_events_funding_rate_annualized_pct.89653db3eb: /* {"app": "dbt", "dbt_version": "1.12.0b2", "profile_name": "funding_rate_analytics", "target_name": "dev", "node_id": "test.funding_rate_analytics.not_null_stg_funding_events_funding_rate_annualized_pct.89653db3eb"} */

    
    select
      count(*) as failures,
      count(*) != 0 as should_warn,
      count(*) != 0 as should_error
    from (
      
    
  
    
    



select funding_rate_annualized_pct
from "funding_rates"."staging_staging"."stg_funding_events"
where funding_rate_annualized_pct is null



  
  
      
    ) dbt_internal_test
[0m14:29:43.599252 [debug] [Thread-4 (]: Opening a new connection, currently in state init
[0m14:29:43.599442 [debug] [Thread-3 (]: Using postgres connection "test.funding_rate_analytics.not_null_stg_funding_events_asset_class.102539e1bd"
[0m14:29:43.599568 [debug] [Thread-3 (]: On test.funding_rate_analytics.not_null_stg_funding_events_asset_class.102539e1bd: /* {"app": "dbt", "dbt_version": "1.12.0b2", "profile_name": "funding_rate_analytics", "target_name": "dev", "node_id": "test.funding_rate_analytics.not_null_stg_funding_events_asset_class.102539e1bd"} */

    
    select
      count(*) as failures,
      count(*) != 0 as should_warn,
      count(*) != 0 as should_error
    from (
      
    
  
    
    



select asset_class
from "funding_rates"."staging_staging"."stg_funding_events"
where asset_class is null



  
  
      
    ) dbt_internal_test
[0m14:29:43.599862 [debug] [Thread-3 (]: Opening a new connection, currently in state init
[0m14:29:43.598910 [debug] [Thread-1 (]: Using postgres connection "test.funding_rate_analytics.accepted_values_stg_funding_events_asset_class__crypto__equity.8c0e938519"
[0m14:29:43.600055 [debug] [Thread-1 (]: On test.funding_rate_analytics.accepted_values_stg_funding_events_asset_class__crypto__equity.8c0e938519: /* {"app": "dbt", "dbt_version": "1.12.0b2", "profile_name": "funding_rate_analytics", "target_name": "dev", "node_id": "test.funding_rate_analytics.accepted_values_stg_funding_events_asset_class__crypto__equity.8c0e938519"} */

    
    select
      count(*) as failures,
      count(*) != 0 as should_warn,
      count(*) != 0 as should_error
    from (
      
    
  
    
    

with all_values as (

    select
        asset_class as value_field,
        count(*) as n_records

    from "funding_rates"."staging_staging"."stg_funding_events"
    group by asset_class

)

select *
from all_values
where value_field not in (
    'crypto','equity'
)



  
  
      
    ) dbt_internal_test
[0m14:29:43.600196 [debug] [Thread-1 (]: Opening a new connection, currently in state closed
[0m14:29:43.599725 [debug] [Thread-2 (]: Using postgres connection "test.funding_rate_analytics.dbt_utils_accepted_range_stg_funding_events_funding_rate_annualized_pct__True__500___500.0fe40bc4c0"
[0m14:29:43.600380 [debug] [Thread-2 (]: On test.funding_rate_analytics.dbt_utils_accepted_range_stg_funding_events_funding_rate_annualized_pct__True__500___500.0fe40bc4c0: /* {"app": "dbt", "dbt_version": "1.12.0b2", "profile_name": "funding_rate_analytics", "target_name": "dev", "node_id": "test.funding_rate_analytics.dbt_utils_accepted_range_stg_funding_events_funding_rate_annualized_pct__True__500___500.0fe40bc4c0"} */

    
    select
      count(*) as failures,
      count(*) != 0 as should_warn,
      count(*) != 0 as should_error
    from (
      
    
  

with meet_condition as(
  select *
  from "funding_rates"."staging_staging"."stg_funding_events"
),

validation_errors as (
  select *
  from meet_condition
  where
    -- never true, defaults to an empty result set. Exists to ensure any combo of the `or` clauses below succeeds
    1 = 2
    -- records with a value >= min_value are permitted. The `not` flips this to find records that don't meet the rule.
    or not funding_rate_annualized_pct >= -500
    -- records with a value <= max_value are permitted. The `not` flips this to find records that don't meet the rule.
    or not funding_rate_annualized_pct <= 500
)

select *
from validation_errors


  
  
      
    ) dbt_internal_test
[0m14:29:43.600526 [debug] [Thread-2 (]: Opening a new connection, currently in state init
[0m14:29:43.613511 [debug] [Thread-3 (]: SQL status: SELECT 1 in 0.014 seconds
[0m14:29:43.616088 [debug] [Thread-3 (]: On test.funding_rate_analytics.not_null_stg_funding_events_asset_class.102539e1bd: ROLLBACK
[0m14:29:43.613894 [debug] [Thread-1 (]: SQL status: SELECT 1 in 0.014 seconds
[0m14:29:43.616704 [debug] [Thread-1 (]: On test.funding_rate_analytics.accepted_values_stg_funding_events_asset_class__crypto__equity.8c0e938519: ROLLBACK
[0m14:29:43.616863 [debug] [Thread-3 (]: On test.funding_rate_analytics.not_null_stg_funding_events_asset_class.102539e1bd: Close
[0m14:29:43.617142 [info ] [Thread-3 (]: 3 of 7 PASS not_null_stg_funding_events_asset_class ............................ [[32mPASS[0m in 0.04s]
[0m14:29:43.617367 [debug] [Thread-3 (]: Finished running node test.funding_rate_analytics.not_null_stg_funding_events_asset_class.102539e1bd
[0m14:29:43.617812 [debug] [Thread-3 (]: Began running node test.funding_rate_analytics.not_null_stg_funding_events_interval_start.571c9ad96b
[0m14:29:43.618297 [info ] [Thread-3 (]: 5 of 7 START test not_null_stg_funding_events_interval_start ................... [RUN]
[0m14:29:43.618541 [debug] [Thread-3 (]: Re-using an available connection from the pool (formerly test.funding_rate_analytics.not_null_stg_funding_events_asset_class.102539e1bd, now test.funding_rate_analytics.not_null_stg_funding_events_interval_start.571c9ad96b)
[0m14:29:43.617506 [debug] [Thread-1 (]: On test.funding_rate_analytics.accepted_values_stg_funding_events_asset_class__crypto__equity.8c0e938519: Close
[0m14:29:43.618705 [debug] [Thread-3 (]: Began compiling node test.funding_rate_analytics.not_null_stg_funding_events_interval_start.571c9ad96b
[0m14:29:43.621322 [debug] [Thread-3 (]: Writing injected SQL for node "test.funding_rate_analytics.not_null_stg_funding_events_interval_start.571c9ad96b"
[0m14:29:43.618948 [info ] [Thread-1 (]: 1 of 7 PASS accepted_values_stg_funding_events_asset_class__crypto__equity ..... [[32mPASS[0m in 0.04s]
[0m14:29:43.621620 [debug] [Thread-1 (]: Finished running node test.funding_rate_analytics.accepted_values_stg_funding_events_asset_class__crypto__equity.8c0e938519
[0m14:29:43.621811 [debug] [Thread-1 (]: Began running node test.funding_rate_analytics.not_null_stg_funding_events_symbol.979ec2bdf0
[0m14:29:43.622034 [info ] [Thread-1 (]: 6 of 7 START test not_null_stg_funding_events_symbol ........................... [RUN]
[0m14:29:43.622240 [debug] [Thread-1 (]: Re-using an available connection from the pool (formerly test.funding_rate_analytics.accepted_values_stg_funding_events_asset_class__crypto__equity.8c0e938519, now test.funding_rate_analytics.not_null_stg_funding_events_symbol.979ec2bdf0)
[0m14:29:43.622383 [debug] [Thread-1 (]: Began compiling node test.funding_rate_analytics.not_null_stg_funding_events_symbol.979ec2bdf0
[0m14:29:43.623967 [debug] [Thread-1 (]: Writing injected SQL for node "test.funding_rate_analytics.not_null_stg_funding_events_symbol.979ec2bdf0"
[0m14:29:43.624546 [debug] [Thread-3 (]: Began executing node test.funding_rate_analytics.not_null_stg_funding_events_interval_start.571c9ad96b
[0m14:29:43.628052 [debug] [Thread-3 (]: Writing runtime sql for node "test.funding_rate_analytics.not_null_stg_funding_events_interval_start.571c9ad96b"
[0m14:29:43.628373 [debug] [Thread-1 (]: Began executing node test.funding_rate_analytics.not_null_stg_funding_events_symbol.979ec2bdf0
[0m14:29:43.629221 [debug] [Thread-1 (]: Writing runtime sql for node "test.funding_rate_analytics.not_null_stg_funding_events_symbol.979ec2bdf0"
[0m14:29:43.629512 [debug] [Thread-3 (]: Using postgres connection "test.funding_rate_analytics.not_null_stg_funding_events_interval_start.571c9ad96b"
[0m14:29:43.629663 [debug] [Thread-3 (]: On test.funding_rate_analytics.not_null_stg_funding_events_interval_start.571c9ad96b: /* {"app": "dbt", "dbt_version": "1.12.0b2", "profile_name": "funding_rate_analytics", "target_name": "dev", "node_id": "test.funding_rate_analytics.not_null_stg_funding_events_interval_start.571c9ad96b"} */

    
    select
      count(*) as failures,
      count(*) != 0 as should_warn,
      count(*) != 0 as should_error
    from (
      
    
  
    
    



select interval_start
from "funding_rates"."staging_staging"."stg_funding_events"
where interval_start is null



  
  
      
    ) dbt_internal_test
[0m14:29:43.629801 [debug] [Thread-3 (]: Opening a new connection, currently in state closed
[0m14:29:43.630146 [debug] [Thread-1 (]: Using postgres connection "test.funding_rate_analytics.not_null_stg_funding_events_symbol.979ec2bdf0"
[0m14:29:43.630283 [debug] [Thread-1 (]: On test.funding_rate_analytics.not_null_stg_funding_events_symbol.979ec2bdf0: /* {"app": "dbt", "dbt_version": "1.12.0b2", "profile_name": "funding_rate_analytics", "target_name": "dev", "node_id": "test.funding_rate_analytics.not_null_stg_funding_events_symbol.979ec2bdf0"} */

    
    select
      count(*) as failures,
      count(*) != 0 as should_warn,
      count(*) != 0 as should_error
    from (
      
    
  
    
    



select symbol
from "funding_rates"."staging_staging"."stg_funding_events"
where symbol is null



  
  
      
    ) dbt_internal_test
[0m14:29:43.630409 [debug] [Thread-1 (]: Opening a new connection, currently in state closed
[0m14:29:43.652281 [debug] [Thread-3 (]: SQL status: SELECT 1 in 0.022 seconds
[0m14:29:43.653318 [debug] [Thread-3 (]: On test.funding_rate_analytics.not_null_stg_funding_events_interval_start.571c9ad96b: ROLLBACK
[0m14:29:43.653815 [debug] [Thread-3 (]: On test.funding_rate_analytics.not_null_stg_funding_events_interval_start.571c9ad96b: Close
[0m14:29:43.654096 [info ] [Thread-3 (]: 5 of 7 PASS not_null_stg_funding_events_interval_start ......................... [[32mPASS[0m in 0.04s]
[0m14:29:43.654307 [debug] [Thread-3 (]: Finished running node test.funding_rate_analytics.not_null_stg_funding_events_interval_start.571c9ad96b
[0m14:29:43.654455 [debug] [Thread-3 (]: Began running node test.funding_rate_analytics.not_null_stg_funding_events_venue.e2f31a7991
[0m14:29:43.654588 [info ] [Thread-3 (]: 7 of 7 START test not_null_stg_funding_events_venue ............................ [RUN]
[0m14:29:43.654742 [debug] [Thread-3 (]: Re-using an available connection from the pool (formerly test.funding_rate_analytics.not_null_stg_funding_events_interval_start.571c9ad96b, now test.funding_rate_analytics.not_null_stg_funding_events_venue.e2f31a7991)
[0m14:29:43.654871 [debug] [Thread-3 (]: Began compiling node test.funding_rate_analytics.not_null_stg_funding_events_venue.e2f31a7991
[0m14:29:43.656915 [debug] [Thread-3 (]: Writing injected SQL for node "test.funding_rate_analytics.not_null_stg_funding_events_venue.e2f31a7991"
[0m14:29:43.657773 [debug] [Thread-3 (]: Began executing node test.funding_rate_analytics.not_null_stg_funding_events_venue.e2f31a7991
[0m14:29:43.658838 [debug] [Thread-3 (]: Writing runtime sql for node "test.funding_rate_analytics.not_null_stg_funding_events_venue.e2f31a7991"
[0m14:29:43.659677 [debug] [Thread-3 (]: Using postgres connection "test.funding_rate_analytics.not_null_stg_funding_events_venue.e2f31a7991"
[0m14:29:43.659837 [debug] [Thread-3 (]: On test.funding_rate_analytics.not_null_stg_funding_events_venue.e2f31a7991: /* {"app": "dbt", "dbt_version": "1.12.0b2", "profile_name": "funding_rate_analytics", "target_name": "dev", "node_id": "test.funding_rate_analytics.not_null_stg_funding_events_venue.e2f31a7991"} */

    
    select
      count(*) as failures,
      count(*) != 0 as should_warn,
      count(*) != 0 as should_error
    from (
      
    
  
    
    



select venue
from "funding_rates"."staging_staging"."stg_funding_events"
where venue is null



  
  
      
    ) dbt_internal_test
[0m14:29:43.660003 [debug] [Thread-3 (]: Opening a new connection, currently in state closed
[0m14:29:43.666787 [debug] [Thread-4 (]: SQL status: SELECT 1 in 0.067 seconds
[0m14:29:43.667610 [debug] [Thread-4 (]: On test.funding_rate_analytics.not_null_stg_funding_events_funding_rate_annualized_pct.89653db3eb: ROLLBACK
[0m14:29:43.668156 [debug] [Thread-4 (]: On test.funding_rate_analytics.not_null_stg_funding_events_funding_rate_annualized_pct.89653db3eb: Close
[0m14:29:43.668431 [info ] [Thread-4 (]: 4 of 7 PASS not_null_stg_funding_events_funding_rate_annualized_pct ............ [[32mPASS[0m in 0.10s]
[0m14:29:43.668635 [debug] [Thread-4 (]: Finished running node test.funding_rate_analytics.not_null_stg_funding_events_funding_rate_annualized_pct.89653db3eb
[0m14:29:43.686938 [debug] [Thread-2 (]: SQL status: SELECT 1 in 0.086 seconds
[0m14:29:43.687593 [debug] [Thread-2 (]: On test.funding_rate_analytics.dbt_utils_accepted_range_stg_funding_events_funding_rate_annualized_pct__True__500___500.0fe40bc4c0: ROLLBACK
[0m14:29:43.688060 [debug] [Thread-2 (]: On test.funding_rate_analytics.dbt_utils_accepted_range_stg_funding_events_funding_rate_annualized_pct__True__500___500.0fe40bc4c0: Close
[0m14:29:43.688367 [error] [Thread-2 (]: 2 of 7 FAIL 71 dbt_utils_accepted_range_stg_funding_events_funding_rate_annualized_pct__True__500___500  [[31mFAIL 71[0m in 0.10s]
[0m14:29:43.688597 [debug] [Thread-2 (]: Finished running node test.funding_rate_analytics.dbt_utils_accepted_range_stg_funding_events_funding_rate_annualized_pct__True__500___500.0fe40bc4c0
[0m14:29:43.708542 [debug] [Thread-1 (]: SQL status: SELECT 1 in 0.078 seconds
[0m14:29:43.709329 [debug] [Thread-1 (]: On test.funding_rate_analytics.not_null_stg_funding_events_symbol.979ec2bdf0: ROLLBACK
[0m14:29:43.710188 [debug] [Thread-1 (]: On test.funding_rate_analytics.not_null_stg_funding_events_symbol.979ec2bdf0: Close
[0m14:29:43.710837 [info ] [Thread-1 (]: 6 of 7 PASS not_null_stg_funding_events_symbol ................................. [[32mPASS[0m in 0.09s]
[0m14:29:43.711173 [debug] [Thread-1 (]: Finished running node test.funding_rate_analytics.not_null_stg_funding_events_symbol.979ec2bdf0
[0m14:29:43.733731 [debug] [Thread-3 (]: SQL status: SELECT 1 in 0.074 seconds
[0m14:29:43.734352 [debug] [Thread-3 (]: On test.funding_rate_analytics.not_null_stg_funding_events_venue.e2f31a7991: ROLLBACK
[0m14:29:43.734804 [debug] [Thread-3 (]: On test.funding_rate_analytics.not_null_stg_funding_events_venue.e2f31a7991: Close
[0m14:29:43.735052 [info ] [Thread-3 (]: 7 of 7 PASS not_null_stg_funding_events_venue .................................. [[32mPASS[0m in 0.08s]
[0m14:29:43.735258 [debug] [Thread-3 (]: Finished running node test.funding_rate_analytics.not_null_stg_funding_events_venue.e2f31a7991
[0m14:29:43.735874 [debug] [MainThread]: On master: COMMIT
[0m14:29:43.736018 [debug] [MainThread]: Using postgres connection "master"
[0m14:29:43.736132 [debug] [MainThread]: On master: COMMIT
[0m14:29:43.736237 [debug] [MainThread]: Opening a new connection, currently in state closed
[0m14:29:43.742111 [debug] [MainThread]: SQL status: COMMIT in 0.006 seconds
[0m14:29:43.742326 [debug] [MainThread]: On master: Close
[0m14:29:43.742511 [debug] [MainThread]: Connection 'master' was properly closed.
[0m14:29:43.742618 [debug] [MainThread]: Connection 'test.funding_rate_analytics.not_null_stg_funding_events_symbol.979ec2bdf0' was properly closed.
[0m14:29:43.742713 [debug] [MainThread]: Connection 'test.funding_rate_analytics.not_null_stg_funding_events_funding_rate_annualized_pct.89653db3eb' was properly closed.
[0m14:29:43.742809 [debug] [MainThread]: Connection 'test.funding_rate_analytics.not_null_stg_funding_events_venue.e2f31a7991' was properly closed.
[0m14:29:43.742898 [debug] [MainThread]: Connection 'test.funding_rate_analytics.dbt_utils_accepted_range_stg_funding_events_funding_rate_annualized_pct__True__500___500.0fe40bc4c0' was properly closed.
[0m14:29:43.743020 [info ] [MainThread]: 
[0m14:29:43.743149 [info ] [MainThread]: Finished running 7 data tests in 0 hours 0 minutes and 0.31 seconds (0.31s).
[0m14:29:43.743654 [debug] [MainThread]: Command end result
[0m14:29:43.758039 [debug] [MainThread]: Wrote artifact WritableManifest to /Users/nformenton/Dev/funding-rate-analytics/dbt/target/manifest.json
[0m14:29:43.759946 [debug] [MainThread]: Wrote artifact SemanticManifest to /Users/nformenton/Dev/funding-rate-analytics/dbt/target/semantic_manifest.json
[0m14:29:43.761477 [debug] [MainThread]: Wrote artifact OsiDocument to /Users/nformenton/Dev/funding-rate-analytics/dbt/target/osi_document.json
[0m14:29:43.765066 [debug] [MainThread]: Wrote artifact RunExecutionResult to /Users/nformenton/Dev/funding-rate-analytics/dbt/target/run_results.json
[0m14:29:43.765194 [info ] [MainThread]: 
[0m14:29:43.765335 [info ] [MainThread]: [31mCompleted with 1 error, 0 partial successes, and 0 warnings:[0m
[0m14:29:43.765448 [info ] [MainThread]: 
[0m14:29:43.765590 [error] [MainThread]: [[31mERROR[0m]: in test dbt_utils_accepted_range_stg_funding_events_funding_rate_annualized_pct__True__500___500 (models/staging/schema.yml)
[0m14:29:43.765723 [error] [MainThread]:   Got 71 results, configured to fail if != 0
[0m14:29:43.765825 [info ] [MainThread]: 
[0m14:29:43.765950 [info ] [MainThread]:   compiled code at target/compiled/funding_rate_analytics/models/staging/schema.yml/dbt_utils_accepted_range_stg_f_3576f18c0c3294b07577cd17885f56b3.sql
[0m14:29:43.766063 [info ] [MainThread]: 
[0m14:29:43.766188 [info ] [MainThread]: Done. PASS=6 WARN=0 ERROR=1 SKIP=0 NO-OP=0 REUSED=0 TOTAL=7
[0m14:29:43.766409 [warn ] [MainThread]: [[33mWARNING[0m][DeprecationsSummary]: Deprecated functionality
Summary of encountered deprecations:
- MissingArgumentsPropertyInGenericTestDeprecation: 5 occurrences
To see all deprecation instances instead of just the first occurrence of each,
run command again with the `--show-all-deprecations` flag. You may also need to
run with `--no-partial-parse` as some deprecations are only encountered during
parsing.
[0m14:29:43.768747 [debug] [MainThread]: Resource report: {"command_name": "test", "command_success": false, "command_wall_clock_time": 1.3176751, "process_in_blocks": "0", "process_kernel_time": 0.228142, "process_mem_max_rss": "179142656", "process_out_blocks": "0", "process_user_time": 1.477023}
[0m14:29:43.769054 [debug] [MainThread]: Command `dbt test` failed at 14:29:43.769009 after 1.32 seconds
[0m14:29:43.769237 [debug] [MainThread]: Sending event: {'category': 'dbt', 'action': 'invocation', 'label': 'end', 'context': [<snowplow_tracker.self_describing_json.SelfDescribingJson object at 0x10f9cead0>, <snowplow_tracker.self_describing_json.SelfDescribingJson object at 0x10f9ea7b0>, <snowplow_tracker.self_describing_json.SelfDescribingJson object at 0x10fd2dfd0>]}
[0m14:29:43.769407 [debug] [MainThread]: Flushing usage events
[0m14:29:44.487861 [debug] [MainThread]: An error was encountered while trying to flush usage events
[0m14:29:55.946497 [debug] [MainThread]: Sending event: {'category': 'dbt', 'action': 'invocation', 'label': 'start', 'context': [<snowplow_tracker.self_describing_json.SelfDescribingJson object at 0x10aa642f0>, <snowplow_tracker.self_describing_json.SelfDescribingJson object at 0x10bfa2ad0>, <snowplow_tracker.self_describing_json.SelfDescribingJson object at 0x10bfa2c10>]}


============================== 14:29:55.949755 | 26391efd-df17-4fbd-87dc-3da7d087141a ==============================
[0m14:29:55.949755 [info ] [MainThread]: Running with dbt=1.12.0-b2
[0m14:29:55.950071 [debug] [MainThread]: running dbt with arguments {'fail_fast': 'False', 'profiles_dir': '.', 'log_format': 'default', 'use_experimental_parser': 'False', 'maximum_seed_size_mib': '1', 'partial_parse': 'True', 'printer_width': '80', 'indirect_selection': 'eager', 'debug': 'False', 'empty': 'None', 'cache_selected_only': 'False', 'invocation_command': 'dbt run-operation run_query --profiles-dir . --args {sql: "SELECT MIN(funding_rate_annualized_pct) as min_rate, MAX(funding_rate_annualized_pct) as max_rate, COUNT(*) FILTER (WHERE funding_rate_annualized_pct > 500 OR funding_rate_annualized_pct < -500) as out_of_range FROM staging.stg_funding_events"}', 'quiet': 'False', 'no_print': 'None', 'static_parser': 'True', 'use_colors': 'True', 'target_path': 'None', 'introspect': 'True', 'warn_error': 'None', 'version_check': 'True', 'log_cache_events': 'False', 'write_json': 'True', 'warn_error_options': 'WarnErrorOptionsV2(error=[], warn=[], silence=[])', 'log_path': '/Users/nformenton/Dev/funding-rate-analytics/dbt/logs', 'send_anonymous_usage_stats': 'True'}
[0m14:29:56.052305 [debug] [MainThread]: Sending event: {'category': 'dbt', 'action': 'project_id', 'label': '26391efd-df17-4fbd-87dc-3da7d087141a', 'context': [<snowplow_tracker.self_describing_json.SelfDescribingJson object at 0x10c03cc30>]}
[0m14:29:56.075785 [debug] [MainThread]: Sending event: {'category': 'dbt', 'action': 'adapter_info', 'label': '26391efd-df17-4fbd-87dc-3da7d087141a', 'context': [<snowplow_tracker.self_describing_json.SelfDescribingJson object at 0x10c073130>]}
[0m14:29:56.077376 [info ] [MainThread]: Registered adapter: postgres=1.10.0
[0m14:29:56.118300 [debug] [MainThread]: checksum: 4028e76001202c6d79cbd6497f04f8a5167c54a3cd8d4daed1786e25b5aa8f08, vars: {}, profile: funding_rate_analytics, target: dev, version: 1.12.0b2
[0m14:29:56.248866 [debug] [MainThread]: Partial parsing enabled: 0 files deleted, 0 files added, 0 files changed.
[0m14:29:56.249110 [debug] [MainThread]: Nothing changed, skipping partial parsing.
[0m14:29:56.249233 [debug] [MainThread]: Partial parsing enabled, no changes found, skipping parsing
[0m14:29:56.251842 [warn ] [MainThread]: [[33mWARNING[0m]: Configuration paths exist in your dbt_project.yml file which do not apply to any resources.
There are 1 unused configuration paths:
- models.funding_rate_analytics.marts
[0m14:29:56.265950 [debug] [MainThread]: Sending event: {'category': 'dbt', 'action': 'load_project', 'label': '26391efd-df17-4fbd-87dc-3da7d087141a', 'context': [<snowplow_tracker.self_describing_json.SelfDescribingJson object at 0x10d175050>]}
[0m14:29:56.304806 [debug] [MainThread]: Wrote artifact WritableManifest to /Users/nformenton/Dev/funding-rate-analytics/dbt/target/manifest.json
[0m14:29:56.307730 [debug] [MainThread]: Wrote artifact SemanticManifest to /Users/nformenton/Dev/funding-rate-analytics/dbt/target/semantic_manifest.json
[0m14:29:56.324311 [debug] [MainThread]: Wrote artifact OsiDocument to /Users/nformenton/Dev/funding-rate-analytics/dbt/target/osi_document.json
[0m14:29:56.338584 [debug] [MainThread]: Sending event: {'category': 'dbt', 'action': 'resource_counts', 'label': '26391efd-df17-4fbd-87dc-3da7d087141a', 'context': [<snowplow_tracker.self_describing_json.SelfDescribingJson object at 0x10d0a2a80>]}
[0m14:29:56.338818 [info ] [MainThread]: Found 1 model, 7 data tests, 591 macros
[0m14:29:56.338950 [debug] [MainThread]: Sending event: {'category': 'dbt', 'action': 'runnable_timing', 'label': '26391efd-df17-4fbd-87dc-3da7d087141a', 'context': [<snowplow_tracker.self_describing_json.SelfDescribingJson object at 0x10d27bd90>]}
[0m14:29:56.339168 [debug] [MainThread]: Acquiring new postgres connection 'macro_run_query'
[0m14:29:56.339285 [debug] [MainThread]: On macro_run_query: COMMIT
[0m14:29:56.339394 [debug] [MainThread]: Using postgres connection "macro_run_query"
[0m14:29:56.339495 [debug] [MainThread]: On macro_run_query: COMMIT
[0m14:29:56.339592 [debug] [MainThread]: Opening a new connection, currently in state init
[0m14:29:56.382515 [debug] [MainThread]: SQL status: COMMIT in 0.043 seconds
[0m14:29:56.451570 [debug] [MainThread]: Using postgres connection "macro_run_query"
[0m14:29:56.451828 [debug] [MainThread]: On macro_run_query: /* {"app": "dbt", "dbt_version": "1.12.0b2", "profile_name": "funding_rate_analytics", "target_name": "dev", "connection_name": "macro_run_query"} */

    SELECT MIN(funding_rate_annualized_pct) as min_rate, MAX(funding_rate_annualized_pct) as max_rate, COUNT(*) FILTER (WHERE funding_rate_annualized_pct > 500 OR funding_rate_annualized_pct < -500) as out_of_range FROM staging.stg_funding_events
  
[0m14:29:56.544319 [debug] [MainThread]: SQL status: SELECT 1 in 0.092 seconds
[0m14:29:56.545007 [debug] [MainThread]: On macro_run_query: Close
[0m14:29:56.550012 [debug] [MainThread]: Wrote artifact RunResultsArtifact to /Users/nformenton/Dev/funding-rate-analytics/dbt/target/run_results.json
[0m14:29:56.553462 [debug] [MainThread]: Resource report: {"command_name": "run-operation", "command_success": true, "command_wall_clock_time": 0.67801285, "process_in_blocks": "0", "process_kernel_time": 0.206448, "process_mem_max_rss": "162463744", "process_out_blocks": "0", "process_user_time": 0.847582}
[0m14:29:56.554239 [debug] [MainThread]: Command `dbt run-operation` succeeded at 14:29:56.554106 after 0.68 seconds
[0m14:29:56.554618 [debug] [MainThread]: Connection 'macro_run_query' was properly closed.
[0m14:29:56.554999 [debug] [MainThread]: Sending event: {'category': 'dbt', 'action': 'invocation', 'label': 'end', 'context': [<snowplow_tracker.self_describing_json.SelfDescribingJson object at 0x10be0e000>, <snowplow_tracker.self_describing_json.SelfDescribingJson object at 0x10d0f99d0>, <snowplow_tracker.self_describing_json.SelfDescribingJson object at 0x10d0f9c10>]}
[0m14:29:56.555378 [debug] [MainThread]: Flushing usage events
[0m14:29:57.211853 [debug] [MainThread]: An error was encountered while trying to flush usage events
[0m14:30:48.799777 [debug] [MainThread]: Sending event: {'category': 'dbt', 'action': 'invocation', 'label': 'start', 'context': [<snowplow_tracker.self_describing_json.SelfDescribingJson object at 0x10b5642f0>, <snowplow_tracker.self_describing_json.SelfDescribingJson object at 0x10cb12710>, <snowplow_tracker.self_describing_json.SelfDescribingJson object at 0x10cb12990>]}


============================== 14:30:48.802993 | f2cca62a-2c0c-453e-96fc-213dc5e2c367 ==============================
[0m14:30:48.802993 [info ] [MainThread]: Running with dbt=1.12.0-b2
[0m14:30:48.803285 [debug] [MainThread]: running dbt with arguments {'warn_error_options': 'WarnErrorOptionsV2(error=[], warn=[], silence=[])', 'log_format': 'default', 'use_experimental_parser': 'False', 'no_print': 'None', 'log_cache_events': 'False', 'use_colors': 'True', 'empty': 'False', 'warn_error': 'None', 'introspect': 'True', 'send_anonymous_usage_stats': 'True', 'fail_fast': 'False', 'quiet': 'False', 'cache_selected_only': 'False', 'profiles_dir': '.', 'static_parser': 'True', 'invocation_command': 'dbt compile --select analyses/check_rates --profiles-dir .', 'version_check': 'True', 'target_path': 'None', 'log_path': '/Users/nformenton/Dev/funding-rate-analytics/dbt/logs', 'partial_parse': 'True', 'write_json': 'True', 'indirect_selection': 'eager', 'debug': 'False', 'maximum_seed_size_mib': '1', 'printer_width': '80'}
[0m14:30:48.917159 [debug] [MainThread]: Sending event: {'category': 'dbt', 'action': 'project_id', 'label': 'f2cca62a-2c0c-453e-96fc-213dc5e2c367', 'context': [<snowplow_tracker.self_describing_json.SelfDescribingJson object at 0x10cabde00>]}
[0m14:30:48.940596 [debug] [MainThread]: Sending event: {'category': 'dbt', 'action': 'adapter_info', 'label': 'f2cca62a-2c0c-453e-96fc-213dc5e2c367', 'context': [<snowplow_tracker.self_describing_json.SelfDescribingJson object at 0x1095e6f10>]}
[0m14:30:48.941507 [info ] [MainThread]: Registered adapter: postgres=1.10.0
[0m14:30:48.986577 [debug] [MainThread]: checksum: 4028e76001202c6d79cbd6497f04f8a5167c54a3cd8d4daed1786e25b5aa8f08, vars: {}, profile: funding_rate_analytics, target: dev, version: 1.12.0b2
[0m14:30:49.106420 [debug] [MainThread]: Partial parsing enabled: 0 files deleted, 1 files added, 0 files changed.
[0m14:30:49.106741 [debug] [MainThread]: Partial parsing: added file: funding_rate_analytics://analyses/check_rates.sql
[0m14:30:49.200132 [debug] [MainThread]: Sending event: {'category': 'dbt', 'action': 'load_project', 'label': 'f2cca62a-2c0c-453e-96fc-213dc5e2c367', 'context': [<snowplow_tracker.self_describing_json.SelfDescribingJson object at 0x10cb8b850>]}
[0m14:30:49.239756 [debug] [MainThread]: Wrote artifact WritableManifest to /Users/nformenton/Dev/funding-rate-analytics/dbt/target/manifest.json
[0m14:30:49.242281 [debug] [MainThread]: Wrote artifact SemanticManifest to /Users/nformenton/Dev/funding-rate-analytics/dbt/target/semantic_manifest.json
[0m14:30:49.260602 [debug] [MainThread]: Wrote artifact OsiDocument to /Users/nformenton/Dev/funding-rate-analytics/dbt/target/osi_document.json
[0m14:30:49.268166 [debug] [MainThread]: Sending event: {'category': 'dbt', 'action': 'resource_counts', 'label': 'f2cca62a-2c0c-453e-96fc-213dc5e2c367', 'context': [<snowplow_tracker.self_describing_json.SelfDescribingJson object at 0x10def7b60>]}
[0m14:30:49.268385 [info ] [MainThread]: Found 1 model, 7 data tests, 1 analysis, 591 macros
[0m14:30:49.268521 [debug] [MainThread]: Sending event: {'category': 'dbt', 'action': 'runnable_timing', 'label': 'f2cca62a-2c0c-453e-96fc-213dc5e2c367', 'context': [<snowplow_tracker.self_describing_json.SelfDescribingJson object at 0x10df51550>]}
[0m14:30:49.268888 [warn ] [MainThread]: [[33mWARNING[0m]: The selection criterion 'analyses/check_rates' does not match any enabled nodes
[0m14:30:49.269408 [warn ] [MainThread]: [[33mWARNING[0m]: Nothing to do. Try checking your model configs and model specification args
[0m14:30:49.269615 [debug] [MainThread]: Command end result
[0m14:30:49.284052 [debug] [MainThread]: Wrote artifact WritableManifest to /Users/nformenton/Dev/funding-rate-analytics/dbt/target/manifest.json
[0m14:30:49.285906 [debug] [MainThread]: Wrote artifact SemanticManifest to /Users/nformenton/Dev/funding-rate-analytics/dbt/target/semantic_manifest.json
[0m14:30:49.287379 [debug] [MainThread]: Wrote artifact OsiDocument to /Users/nformenton/Dev/funding-rate-analytics/dbt/target/osi_document.json
[0m14:30:49.288828 [debug] [MainThread]: Wrote artifact RunExecutionResult to /Users/nformenton/Dev/funding-rate-analytics/dbt/target/run_results.json
[0m14:30:49.291078 [debug] [MainThread]: Resource report: {"command_name": "compile", "command_success": true, "command_wall_clock_time": 0.53961354, "process_in_blocks": "0", "process_kernel_time": 0.214183, "process_mem_max_rss": "148439040", "process_out_blocks": "0", "process_user_time": 0.96101}
[0m14:30:49.291607 [debug] [MainThread]: Command `dbt compile` succeeded at 14:30:49.291466 after 0.54 seconds
[0m14:30:49.292062 [debug] [MainThread]: Sending event: {'category': 'dbt', 'action': 'invocation', 'label': 'end', 'context': [<snowplow_tracker.self_describing_json.SelfDescribingJson object at 0x10cb80530>, <snowplow_tracker.self_describing_json.SelfDescribingJson object at 0x10dbfa810>, <snowplow_tracker.self_describing_json.SelfDescribingJson object at 0x10dbfa750>]}
[0m14:30:49.292260 [debug] [MainThread]: Flushing usage events
[0m14:30:50.022747 [debug] [MainThread]: An error was encountered while trying to flush usage events
[0m14:31:33.427846 [debug] [MainThread]: Sending event: {'category': 'dbt', 'action': 'invocation', 'label': 'start', 'context': [<snowplow_tracker.self_describing_json.SelfDescribingJson object at 0x10ca982f0>, <snowplow_tracker.self_describing_json.SelfDescribingJson object at 0x10e042710>, <snowplow_tracker.self_describing_json.SelfDescribingJson object at 0x10e042990>]}


============================== 14:31:33.431390 | 457b542d-c41f-45cf-b071-2ee05bcf9283 ==============================
[0m14:31:33.431390 [info ] [MainThread]: Running with dbt=1.12.0-b2
[0m14:31:33.431680 [debug] [MainThread]: running dbt with arguments {'quiet': 'False', 'log_cache_events': 'False', 'version_check': 'True', 'profiles_dir': '.', 'cache_selected_only': 'False', 'fail_fast': 'False', 'send_anonymous_usage_stats': 'True', 'no_print': 'None', 'static_parser': 'True', 'invocation_command': 'dbt test --select staging --profiles-dir .', 'introspect': 'True', 'warn_error': 'None', 'use_colors': 'True', 'maximum_seed_size_mib': '1', 'indirect_selection': 'eager', 'target_path': 'None', 'write_json': 'True', 'partial_parse': 'True', 'debug': 'False', 'warn_error_options': 'WarnErrorOptionsV2(error=[], warn=[], silence=[])', 'printer_width': '80', 'empty': 'None', 'use_experimental_parser': 'False', 'log_path': '/Users/nformenton/Dev/funding-rate-analytics/dbt/logs', 'log_format': 'default'}
[0m14:31:33.587094 [debug] [MainThread]: Sending event: {'category': 'dbt', 'action': 'project_id', 'label': '457b542d-c41f-45cf-b071-2ee05bcf9283', 'context': [<snowplow_tracker.self_describing_json.SelfDescribingJson object at 0x10dff1e00>]}
[0m14:31:33.625485 [debug] [MainThread]: Sending event: {'category': 'dbt', 'action': 'adapter_info', 'label': '457b542d-c41f-45cf-b071-2ee05bcf9283', 'context': [<snowplow_tracker.self_describing_json.SelfDescribingJson object at 0x10ab16f10>]}
[0m14:31:33.626768 [info ] [MainThread]: Registered adapter: postgres=1.10.0
[0m14:31:33.670669 [debug] [MainThread]: checksum: 4028e76001202c6d79cbd6497f04f8a5167c54a3cd8d4daed1786e25b5aa8f08, vars: {}, profile: funding_rate_analytics, target: dev, version: 1.12.0b2
[0m14:31:33.823258 [debug] [MainThread]: Partial parsing enabled: 0 files deleted, 0 files added, 1 files changed.
[0m14:31:33.823770 [debug] [MainThread]: Partial parsing: updated file: funding_rate_analytics://models/staging/schema.yml
[0m14:31:34.012295 [warn ] [MainThread]: [[33mWARNING[0m][MissingArgumentsPropertyInGenericTestDeprecation]: Deprecated
functionality
Found top-level arguments to test `accepted_values` defined on
'stg_funding_events' in package 'funding_rate_analytics'
(models/staging/schema.yml). Arguments to generic tests should be nested under
the `arguments` property.
[0m14:31:34.012623 [debug] [MainThread]: Sending event: {'category': 'dbt', 'action': 'deprecation', 'label': '457b542d-c41f-45cf-b071-2ee05bcf9283', 'property_': 'warn', 'context': [<snowplow_tracker.self_describing_json.SelfDescribingJson object at 0x10f143c50>]}
[0m14:31:34.054931 [debug] [MainThread]: Sending event: {'category': 'dbt', 'action': 'load_project', 'label': '457b542d-c41f-45cf-b071-2ee05bcf9283', 'context': [<snowplow_tracker.self_describing_json.SelfDescribingJson object at 0x10f60a990>]}
[0m14:31:34.094804 [debug] [MainThread]: Wrote artifact WritableManifest to /Users/nformenton/Dev/funding-rate-analytics/dbt/target/manifest.json
[0m14:31:34.097557 [debug] [MainThread]: Wrote artifact SemanticManifest to /Users/nformenton/Dev/funding-rate-analytics/dbt/target/semantic_manifest.json
[0m14:31:34.115792 [debug] [MainThread]: Wrote artifact OsiDocument to /Users/nformenton/Dev/funding-rate-analytics/dbt/target/osi_document.json
[0m14:31:34.131063 [debug] [MainThread]: Sending event: {'category': 'dbt', 'action': 'resource_counts', 'label': '457b542d-c41f-45cf-b071-2ee05bcf9283', 'context': [<snowplow_tracker.self_describing_json.SelfDescribingJson object at 0x10f855a90>]}
[0m14:31:34.131326 [info ] [MainThread]: Found 1 analysis, 1 model, 7 data tests, 591 macros
[0m14:31:34.131454 [debug] [MainThread]: Sending event: {'category': 'dbt', 'action': 'runnable_timing', 'label': '457b542d-c41f-45cf-b071-2ee05bcf9283', 'context': [<snowplow_tracker.self_describing_json.SelfDescribingJson object at 0x10f8bfe10>]}
[0m14:31:34.132271 [info ] [MainThread]: 
[0m14:31:34.132411 [info ] [MainThread]: Concurrency: 4 threads (target='dev')
[0m14:31:34.132512 [info ] [MainThread]: 
[0m14:31:34.132708 [debug] [MainThread]: Acquiring new postgres connection 'master'
[0m14:31:34.133085 [debug] [ThreadPool]: Acquiring new postgres connection 'list_funding_rates_staging_staging'
[0m14:31:34.205820 [debug] [ThreadPool]: Using postgres connection "list_funding_rates_staging_staging"
[0m14:31:34.206036 [debug] [ThreadPool]: On list_funding_rates_staging_staging: /* {"app": "dbt", "dbt_version": "1.12.0b2", "profile_name": "funding_rate_analytics", "target_name": "dev", "connection_name": "list_funding_rates_staging_staging"} */
select
      'funding_rates' as database,
      tablename as name,
      schemaname as schema,
      'table' as type
    from pg_tables
    where schemaname ilike 'staging_staging'
    union all
    select
      'funding_rates' as database,
      viewname as name,
      schemaname as schema,
      'view' as type
    from pg_views
    where schemaname ilike 'staging_staging'
    union all
    select
      'funding_rates' as database,
      matviewname as name,
      schemaname as schema,
      'materialized_view' as type
    from pg_matviews
    where schemaname ilike 'staging_staging'
  
[0m14:31:34.206165 [debug] [ThreadPool]: Opening a new connection, currently in state init
[0m14:31:34.261312 [debug] [ThreadPool]: SQL status: SELECT 1 in 0.055 seconds
[0m14:31:34.262071 [debug] [ThreadPool]: On list_funding_rates_staging_staging: ROLLBACK
[0m14:31:34.262705 [debug] [ThreadPool]: On list_funding_rates_staging_staging: Close
[0m14:31:34.264851 [debug] [MainThread]: Using postgres connection "master"
[0m14:31:34.265040 [debug] [MainThread]: On master: /* {"app": "dbt", "dbt_version": "1.12.0b2", "profile_name": "funding_rate_analytics", "target_name": "dev", "connection_name": "master"} */
select distinct
        dependent_namespace.nspname as dependent_schema,
        dependent_class.relname as dependent_name,
        referenced_namespace.nspname as referenced_schema,
        referenced_class.relname as referenced_name

    -- Query for views: views are entries in pg_class with an entry in pg_rewrite, but we avoid
    -- a seq scan on pg_rewrite by leveraging the fact there is an "internal" row in pg_depend for
    -- the view...
    from pg_class as dependent_class
    join pg_namespace as dependent_namespace on dependent_namespace.oid = dependent_class.relnamespace
    join pg_depend as dependent_depend on dependent_depend.refobjid = dependent_class.oid
        and dependent_depend.classid = 'pg_rewrite'::regclass
        and dependent_depend.refclassid = 'pg_class'::regclass
        and dependent_depend.deptype = 'i'

    -- ... and via pg_depend (that has a row per column, hence the need for "distinct" above, and
    -- making sure to exclude the internal row to avoid a view appearing to depend on itself)...
    join pg_depend as joining_depend on joining_depend.objid = dependent_depend.objid
        and joining_depend.classid = 'pg_rewrite'::regclass
        and joining_depend.refclassid = 'pg_class'::regclass
        and joining_depend.refobjid != dependent_depend.refobjid

    -- ... we can find the tables they query from in pg_class, but excluding system tables. Note we
    -- don't need need to exclude _dependent_ system tables, because they only query from other
    -- system tables, and so are automatically excluded by excluding _referenced_ system tables
    join pg_class as referenced_class on referenced_class.oid = joining_depend.refobjid
    join pg_namespace as referenced_namespace on referenced_namespace.oid = referenced_class.relnamespace
        and referenced_namespace.nspname != 'information_schema'
        and referenced_namespace.nspname not like 'pg\_%'

    order by
        dependent_schema, dependent_name, referenced_schema, referenced_name;
[0m14:31:34.265181 [debug] [MainThread]: Opening a new connection, currently in state init
[0m14:31:34.273149 [debug] [MainThread]: SQL status: SELECT 8 in 0.008 seconds
[0m14:31:34.273734 [debug] [MainThread]: Sending event: {'category': 'dbt', 'action': 'runnable_timing', 'label': '457b542d-c41f-45cf-b071-2ee05bcf9283', 'context': [<snowplow_tracker.self_describing_json.SelfDescribingJson object at 0x10f8bba10>]}
[0m14:31:34.273934 [debug] [MainThread]: On master: ROLLBACK
[0m14:31:34.274308 [debug] [MainThread]: On master: COMMIT
[0m14:31:34.274420 [debug] [MainThread]: Using postgres connection "master"
[0m14:31:34.274517 [debug] [MainThread]: On master: COMMIT
[0m14:31:34.275197 [debug] [MainThread]: SQL status: COMMIT in 0.001 seconds
[0m14:31:34.275305 [debug] [MainThread]: On master: Close
[0m14:31:34.277150 [debug] [Thread-4 (]: Began running node test.funding_rate_analytics.not_null_stg_funding_events_funding_rate_annualized_pct.89653db3eb
[0m14:31:34.277334 [debug] [Thread-3 (]: Began running node test.funding_rate_analytics.not_null_stg_funding_events_asset_class.102539e1bd
[0m14:31:34.277474 [debug] [Thread-1 (]: Began running node test.funding_rate_analytics.accepted_values_stg_funding_events_asset_class__crypto__equity.8c0e938519
[0m14:31:34.278046 [info ] [Thread-1 (]: 1 of 7 START test accepted_values_stg_funding_events_asset_class__crypto__equity  [RUN]
[0m14:31:34.278224 [debug] [Thread-1 (]: Re-using an available connection from the pool (formerly list_funding_rates_staging_staging, now test.funding_rate_analytics.accepted_values_stg_funding_events_asset_class__crypto__equity.8c0e938519)
[0m14:31:34.278361 [debug] [Thread-1 (]: Began compiling node test.funding_rate_analytics.accepted_values_stg_funding_events_asset_class__crypto__equity.8c0e938519
[0m14:31:34.282663 [debug] [Thread-1 (]: Writing injected SQL for node "test.funding_rate_analytics.accepted_values_stg_funding_events_asset_class__crypto__equity.8c0e938519"
[0m14:31:34.277752 [info ] [Thread-4 (]: 4 of 7 START test not_null_stg_funding_events_funding_rate_annualized_pct ...... [RUN]
[0m14:31:34.277901 [info ] [Thread-3 (]: 3 of 7 START test not_null_stg_funding_events_asset_class ...................... [RUN]
[0m14:31:34.277604 [debug] [Thread-2 (]: Began running node test.funding_rate_analytics.dbt_utils_accepted_range_stg_funding_events_funding_rate_annualized_pct__True__1000___3000.88ff2d9413
[0m14:31:34.283001 [debug] [Thread-4 (]: Acquiring new postgres connection 'test.funding_rate_analytics.not_null_stg_funding_events_funding_rate_annualized_pct.89653db3eb'
[0m14:31:34.283783 [debug] [Thread-4 (]: Began compiling node test.funding_rate_analytics.not_null_stg_funding_events_funding_rate_annualized_pct.89653db3eb
[0m14:31:34.287426 [debug] [Thread-4 (]: Writing injected SQL for node "test.funding_rate_analytics.not_null_stg_funding_events_funding_rate_annualized_pct.89653db3eb"
[0m14:31:34.283359 [debug] [Thread-3 (]: Acquiring new postgres connection 'test.funding_rate_analytics.not_null_stg_funding_events_asset_class.102539e1bd'
[0m14:31:34.287805 [debug] [Thread-3 (]: Began compiling node test.funding_rate_analytics.not_null_stg_funding_events_asset_class.102539e1bd
[0m14:31:34.289428 [debug] [Thread-3 (]: Writing injected SQL for node "test.funding_rate_analytics.not_null_stg_funding_events_asset_class.102539e1bd"
[0m14:31:34.289584 [debug] [Thread-1 (]: Began executing node test.funding_rate_analytics.accepted_values_stg_funding_events_asset_class__crypto__equity.8c0e938519
[0m14:31:34.283630 [info ] [Thread-2 (]: 2 of 7 START test dbt_utils_accepted_range_stg_funding_events_funding_rate_annualized_pct__True__1000___3000  [RUN]
[0m14:31:34.297180 [debug] [Thread-2 (]: Acquiring new postgres connection 'test.funding_rate_analytics.dbt_utils_accepted_range_stg_funding_events_funding_rate_annualized_pct__True__1000___3000.88ff2d9413'
[0m14:31:34.297753 [debug] [Thread-2 (]: Began compiling node test.funding_rate_analytics.dbt_utils_accepted_range_stg_funding_events_funding_rate_annualized_pct__True__1000___3000.88ff2d9413
[0m14:31:34.299532 [debug] [Thread-2 (]: Writing injected SQL for node "test.funding_rate_analytics.dbt_utils_accepted_range_stg_funding_events_funding_rate_annualized_pct__True__1000___3000.88ff2d9413"
[0m14:31:34.296880 [debug] [Thread-1 (]: Writing runtime sql for node "test.funding_rate_analytics.accepted_values_stg_funding_events_asset_class__crypto__equity.8c0e938519"
[0m14:31:34.297503 [debug] [Thread-4 (]: Began executing node test.funding_rate_analytics.not_null_stg_funding_events_funding_rate_annualized_pct.89653db3eb
[0m14:31:34.301165 [debug] [Thread-4 (]: Writing runtime sql for node "test.funding_rate_analytics.not_null_stg_funding_events_funding_rate_annualized_pct.89653db3eb"
[0m14:31:34.299740 [debug] [Thread-3 (]: Began executing node test.funding_rate_analytics.not_null_stg_funding_events_asset_class.102539e1bd
[0m14:31:34.302580 [debug] [Thread-3 (]: Writing runtime sql for node "test.funding_rate_analytics.not_null_stg_funding_events_asset_class.102539e1bd"
[0m14:31:34.303037 [debug] [Thread-2 (]: Began executing node test.funding_rate_analytics.dbt_utils_accepted_range_stg_funding_events_funding_rate_annualized_pct__True__1000___3000.88ff2d9413
[0m14:31:34.304005 [debug] [Thread-2 (]: Writing runtime sql for node "test.funding_rate_analytics.dbt_utils_accepted_range_stg_funding_events_funding_rate_annualized_pct__True__1000___3000.88ff2d9413"
[0m14:31:34.302804 [debug] [Thread-1 (]: Using postgres connection "test.funding_rate_analytics.accepted_values_stg_funding_events_asset_class__crypto__equity.8c0e938519"
[0m14:31:34.304196 [debug] [Thread-1 (]: On test.funding_rate_analytics.accepted_values_stg_funding_events_asset_class__crypto__equity.8c0e938519: /* {"app": "dbt", "dbt_version": "1.12.0b2", "profile_name": "funding_rate_analytics", "target_name": "dev", "node_id": "test.funding_rate_analytics.accepted_values_stg_funding_events_asset_class__crypto__equity.8c0e938519"} */

    
    select
      count(*) as failures,
      count(*) != 0 as should_warn,
      count(*) != 0 as should_error
    from (
      
    
  
    
    

with all_values as (

    select
        asset_class as value_field,
        count(*) as n_records

    from "funding_rates"."staging_staging"."stg_funding_events"
    group by asset_class

)

select *
from all_values
where value_field not in (
    'crypto','equity'
)



  
  
      
    ) dbt_internal_test
[0m14:31:34.303188 [debug] [Thread-4 (]: Using postgres connection "test.funding_rate_analytics.not_null_stg_funding_events_funding_rate_annualized_pct.89653db3eb"
[0m14:31:34.304666 [debug] [Thread-4 (]: On test.funding_rate_analytics.not_null_stg_funding_events_funding_rate_annualized_pct.89653db3eb: /* {"app": "dbt", "dbt_version": "1.12.0b2", "profile_name": "funding_rate_analytics", "target_name": "dev", "node_id": "test.funding_rate_analytics.not_null_stg_funding_events_funding_rate_annualized_pct.89653db3eb"} */

    
    select
      count(*) as failures,
      count(*) != 0 as should_warn,
      count(*) != 0 as should_error
    from (
      
    
  
    
    



select funding_rate_annualized_pct
from "funding_rates"."staging_staging"."stg_funding_events"
where funding_rate_annualized_pct is null



  
  
      
    ) dbt_internal_test
[0m14:31:34.304799 [debug] [Thread-4 (]: Opening a new connection, currently in state init
[0m14:31:34.304513 [debug] [Thread-1 (]: Opening a new connection, currently in state closed
[0m14:31:34.304375 [debug] [Thread-3 (]: Using postgres connection "test.funding_rate_analytics.not_null_stg_funding_events_asset_class.102539e1bd"
[0m14:31:34.305225 [debug] [Thread-3 (]: On test.funding_rate_analytics.not_null_stg_funding_events_asset_class.102539e1bd: /* {"app": "dbt", "dbt_version": "1.12.0b2", "profile_name": "funding_rate_analytics", "target_name": "dev", "node_id": "test.funding_rate_analytics.not_null_stg_funding_events_asset_class.102539e1bd"} */

    
    select
      count(*) as failures,
      count(*) != 0 as should_warn,
      count(*) != 0 as should_error
    from (
      
    
  
    
    



select asset_class
from "funding_rates"."staging_staging"."stg_funding_events"
where asset_class is null



  
  
      
    ) dbt_internal_test
[0m14:31:34.305359 [debug] [Thread-3 (]: Opening a new connection, currently in state init
[0m14:31:34.305086 [debug] [Thread-2 (]: Using postgres connection "test.funding_rate_analytics.dbt_utils_accepted_range_stg_funding_events_funding_rate_annualized_pct__True__1000___3000.88ff2d9413"
[0m14:31:34.305570 [debug] [Thread-2 (]: On test.funding_rate_analytics.dbt_utils_accepted_range_stg_funding_events_funding_rate_annualized_pct__True__1000___3000.88ff2d9413: /* {"app": "dbt", "dbt_version": "1.12.0b2", "profile_name": "funding_rate_analytics", "target_name": "dev", "node_id": "test.funding_rate_analytics.dbt_utils_accepted_range_stg_funding_events_funding_rate_annualized_pct__True__1000___3000.88ff2d9413"} */

    
    select
      count(*) as failures,
      count(*) != 0 as should_warn,
      count(*) != 0 as should_error
    from (
      
    
  

with meet_condition as(
  select *
  from "funding_rates"."staging_staging"."stg_funding_events"
),

validation_errors as (
  select *
  from meet_condition
  where
    -- never true, defaults to an empty result set. Exists to ensure any combo of the `or` clauses below succeeds
    1 = 2
    -- records with a value >= min_value are permitted. The `not` flips this to find records that don't meet the rule.
    or not funding_rate_annualized_pct >= -3000
    -- records with a value <= max_value are permitted. The `not` flips this to find records that don't meet the rule.
    or not funding_rate_annualized_pct <= 1000
)

select *
from validation_errors


  
  
      
    ) dbt_internal_test
[0m14:31:34.305709 [debug] [Thread-2 (]: Opening a new connection, currently in state init
[0m14:31:34.323123 [debug] [Thread-1 (]: SQL status: SELECT 1 in 0.019 seconds
[0m14:31:34.325379 [debug] [Thread-1 (]: On test.funding_rate_analytics.accepted_values_stg_funding_events_asset_class__crypto__equity.8c0e938519: ROLLBACK
[0m14:31:34.325806 [debug] [Thread-3 (]: SQL status: SELECT 1 in 0.020 seconds
[0m14:31:34.326423 [debug] [Thread-3 (]: On test.funding_rate_analytics.not_null_stg_funding_events_asset_class.102539e1bd: ROLLBACK
[0m14:31:34.326570 [debug] [Thread-1 (]: On test.funding_rate_analytics.accepted_values_stg_funding_events_asset_class__crypto__equity.8c0e938519: Close
[0m14:31:34.326855 [info ] [Thread-1 (]: 1 of 7 PASS accepted_values_stg_funding_events_asset_class__crypto__equity ..... [[32mPASS[0m in 0.05s]
[0m14:31:34.327422 [debug] [Thread-1 (]: Finished running node test.funding_rate_analytics.accepted_values_stg_funding_events_asset_class__crypto__equity.8c0e938519
[0m14:31:34.327827 [debug] [Thread-1 (]: Began running node test.funding_rate_analytics.not_null_stg_funding_events_interval_start.571c9ad96b
[0m14:31:34.328051 [info ] [Thread-1 (]: 5 of 7 START test not_null_stg_funding_events_interval_start ................... [RUN]
[0m14:31:34.327020 [debug] [Thread-3 (]: On test.funding_rate_analytics.not_null_stg_funding_events_asset_class.102539e1bd: Close
[0m14:31:34.328241 [debug] [Thread-1 (]: Re-using an available connection from the pool (formerly test.funding_rate_analytics.accepted_values_stg_funding_events_asset_class__crypto__equity.8c0e938519, now test.funding_rate_analytics.not_null_stg_funding_events_interval_start.571c9ad96b)
[0m14:31:34.328608 [debug] [Thread-1 (]: Began compiling node test.funding_rate_analytics.not_null_stg_funding_events_interval_start.571c9ad96b
[0m14:31:34.330549 [debug] [Thread-1 (]: Writing injected SQL for node "test.funding_rate_analytics.not_null_stg_funding_events_interval_start.571c9ad96b"
[0m14:31:34.328470 [info ] [Thread-3 (]: 3 of 7 PASS not_null_stg_funding_events_asset_class ............................ [[32mPASS[0m in 0.05s]
[0m14:31:34.330820 [debug] [Thread-3 (]: Finished running node test.funding_rate_analytics.not_null_stg_funding_events_asset_class.102539e1bd
[0m14:31:34.330990 [debug] [Thread-3 (]: Began running node test.funding_rate_analytics.not_null_stg_funding_events_symbol.979ec2bdf0
[0m14:31:34.331152 [info ] [Thread-3 (]: 6 of 7 START test not_null_stg_funding_events_symbol ........................... [RUN]
[0m14:31:34.331320 [debug] [Thread-3 (]: Re-using an available connection from the pool (formerly test.funding_rate_analytics.not_null_stg_funding_events_asset_class.102539e1bd, now test.funding_rate_analytics.not_null_stg_funding_events_symbol.979ec2bdf0)
[0m14:31:34.331449 [debug] [Thread-3 (]: Began compiling node test.funding_rate_analytics.not_null_stg_funding_events_symbol.979ec2bdf0
[0m14:31:34.332963 [debug] [Thread-3 (]: Writing injected SQL for node "test.funding_rate_analytics.not_null_stg_funding_events_symbol.979ec2bdf0"
[0m14:31:34.333227 [debug] [Thread-1 (]: Began executing node test.funding_rate_analytics.not_null_stg_funding_events_interval_start.571c9ad96b
[0m14:31:34.334222 [debug] [Thread-1 (]: Writing runtime sql for node "test.funding_rate_analytics.not_null_stg_funding_events_interval_start.571c9ad96b"
[0m14:31:34.334442 [debug] [Thread-3 (]: Began executing node test.funding_rate_analytics.not_null_stg_funding_events_symbol.979ec2bdf0
[0m14:31:34.335207 [debug] [Thread-3 (]: Writing runtime sql for node "test.funding_rate_analytics.not_null_stg_funding_events_symbol.979ec2bdf0"
[0m14:31:34.335742 [debug] [Thread-1 (]: Using postgres connection "test.funding_rate_analytics.not_null_stg_funding_events_interval_start.571c9ad96b"
[0m14:31:34.335928 [debug] [Thread-1 (]: On test.funding_rate_analytics.not_null_stg_funding_events_interval_start.571c9ad96b: /* {"app": "dbt", "dbt_version": "1.12.0b2", "profile_name": "funding_rate_analytics", "target_name": "dev", "node_id": "test.funding_rate_analytics.not_null_stg_funding_events_interval_start.571c9ad96b"} */

    
    select
      count(*) as failures,
      count(*) != 0 as should_warn,
      count(*) != 0 as should_error
    from (
      
    
  
    
    



select interval_start
from "funding_rates"."staging_staging"."stg_funding_events"
where interval_start is null



  
  
      
    ) dbt_internal_test
[0m14:31:34.336065 [debug] [Thread-1 (]: Opening a new connection, currently in state closed
[0m14:31:34.336454 [debug] [Thread-3 (]: Using postgres connection "test.funding_rate_analytics.not_null_stg_funding_events_symbol.979ec2bdf0"
[0m14:31:34.336585 [debug] [Thread-3 (]: On test.funding_rate_analytics.not_null_stg_funding_events_symbol.979ec2bdf0: /* {"app": "dbt", "dbt_version": "1.12.0b2", "profile_name": "funding_rate_analytics", "target_name": "dev", "node_id": "test.funding_rate_analytics.not_null_stg_funding_events_symbol.979ec2bdf0"} */

    
    select
      count(*) as failures,
      count(*) != 0 as should_warn,
      count(*) != 0 as should_error
    from (
      
    
  
    
    



select symbol
from "funding_rates"."staging_staging"."stg_funding_events"
where symbol is null



  
  
      
    ) dbt_internal_test
[0m14:31:34.336707 [debug] [Thread-3 (]: Opening a new connection, currently in state closed
[0m14:31:34.355565 [debug] [Thread-1 (]: SQL status: SELECT 1 in 0.019 seconds
[0m14:31:34.356421 [debug] [Thread-1 (]: On test.funding_rate_analytics.not_null_stg_funding_events_interval_start.571c9ad96b: ROLLBACK
[0m14:31:34.357646 [debug] [Thread-1 (]: On test.funding_rate_analytics.not_null_stg_funding_events_interval_start.571c9ad96b: Close
[0m14:31:34.357988 [info ] [Thread-1 (]: 5 of 7 PASS not_null_stg_funding_events_interval_start ......................... [[32mPASS[0m in 0.03s]
[0m14:31:34.358199 [debug] [Thread-1 (]: Finished running node test.funding_rate_analytics.not_null_stg_funding_events_interval_start.571c9ad96b
[0m14:31:34.358352 [debug] [Thread-1 (]: Began running node test.funding_rate_analytics.not_null_stg_funding_events_venue.e2f31a7991
[0m14:31:34.358486 [info ] [Thread-1 (]: 7 of 7 START test not_null_stg_funding_events_venue ............................ [RUN]
[0m14:31:34.358640 [debug] [Thread-1 (]: Re-using an available connection from the pool (formerly test.funding_rate_analytics.not_null_stg_funding_events_interval_start.571c9ad96b, now test.funding_rate_analytics.not_null_stg_funding_events_venue.e2f31a7991)
[0m14:31:34.358978 [debug] [Thread-1 (]: Began compiling node test.funding_rate_analytics.not_null_stg_funding_events_venue.e2f31a7991
[0m14:31:34.361997 [debug] [Thread-1 (]: Writing injected SQL for node "test.funding_rate_analytics.not_null_stg_funding_events_venue.e2f31a7991"
[0m14:31:34.362738 [debug] [Thread-1 (]: Began executing node test.funding_rate_analytics.not_null_stg_funding_events_venue.e2f31a7991
[0m14:31:34.363615 [debug] [Thread-1 (]: Writing runtime sql for node "test.funding_rate_analytics.not_null_stg_funding_events_venue.e2f31a7991"
[0m14:31:34.364074 [debug] [Thread-1 (]: Using postgres connection "test.funding_rate_analytics.not_null_stg_funding_events_venue.e2f31a7991"
[0m14:31:34.364211 [debug] [Thread-1 (]: On test.funding_rate_analytics.not_null_stg_funding_events_venue.e2f31a7991: /* {"app": "dbt", "dbt_version": "1.12.0b2", "profile_name": "funding_rate_analytics", "target_name": "dev", "node_id": "test.funding_rate_analytics.not_null_stg_funding_events_venue.e2f31a7991"} */

    
    select
      count(*) as failures,
      count(*) != 0 as should_warn,
      count(*) != 0 as should_error
    from (
      
    
  
    
    



select venue
from "funding_rates"."staging_staging"."stg_funding_events"
where venue is null



  
  
      
    ) dbt_internal_test
[0m14:31:34.364339 [debug] [Thread-1 (]: Opening a new connection, currently in state closed
[0m14:31:34.369904 [debug] [Thread-4 (]: SQL status: SELECT 1 in 0.065 seconds
[0m14:31:34.370570 [debug] [Thread-4 (]: On test.funding_rate_analytics.not_null_stg_funding_events_funding_rate_annualized_pct.89653db3eb: ROLLBACK
[0m14:31:34.371042 [debug] [Thread-4 (]: On test.funding_rate_analytics.not_null_stg_funding_events_funding_rate_annualized_pct.89653db3eb: Close
[0m14:31:34.371338 [info ] [Thread-4 (]: 4 of 7 PASS not_null_stg_funding_events_funding_rate_annualized_pct ............ [[32mPASS[0m in 0.09s]
[0m14:31:34.371557 [debug] [Thread-4 (]: Finished running node test.funding_rate_analytics.not_null_stg_funding_events_funding_rate_annualized_pct.89653db3eb
[0m14:31:34.407822 [debug] [Thread-2 (]: SQL status: SELECT 1 in 0.102 seconds
[0m14:31:34.408611 [debug] [Thread-2 (]: On test.funding_rate_analytics.dbt_utils_accepted_range_stg_funding_events_funding_rate_annualized_pct__True__1000___3000.88ff2d9413: ROLLBACK
[0m14:31:34.409300 [debug] [Thread-2 (]: On test.funding_rate_analytics.dbt_utils_accepted_range_stg_funding_events_funding_rate_annualized_pct__True__1000___3000.88ff2d9413: Close
[0m14:31:34.409630 [info ] [Thread-2 (]: 2 of 7 PASS dbt_utils_accepted_range_stg_funding_events_funding_rate_annualized_pct__True__1000___3000  [[32mPASS[0m in 0.11s]
[0m14:31:34.409859 [debug] [Thread-2 (]: Finished running node test.funding_rate_analytics.dbt_utils_accepted_range_stg_funding_events_funding_rate_annualized_pct__True__1000___3000.88ff2d9413
[0m14:31:34.416006 [debug] [Thread-3 (]: SQL status: SELECT 1 in 0.079 seconds
[0m14:31:34.416668 [debug] [Thread-3 (]: On test.funding_rate_analytics.not_null_stg_funding_events_symbol.979ec2bdf0: ROLLBACK
[0m14:31:34.417149 [debug] [Thread-3 (]: On test.funding_rate_analytics.not_null_stg_funding_events_symbol.979ec2bdf0: Close
[0m14:31:34.417421 [info ] [Thread-3 (]: 6 of 7 PASS not_null_stg_funding_events_symbol ................................. [[32mPASS[0m in 0.09s]
[0m14:31:34.417632 [debug] [Thread-3 (]: Finished running node test.funding_rate_analytics.not_null_stg_funding_events_symbol.979ec2bdf0
[0m14:31:34.439615 [debug] [Thread-1 (]: SQL status: SELECT 1 in 0.075 seconds
[0m14:31:34.440304 [debug] [Thread-1 (]: On test.funding_rate_analytics.not_null_stg_funding_events_venue.e2f31a7991: ROLLBACK
[0m14:31:34.440798 [debug] [Thread-1 (]: On test.funding_rate_analytics.not_null_stg_funding_events_venue.e2f31a7991: Close
[0m14:31:34.441079 [info ] [Thread-1 (]: 7 of 7 PASS not_null_stg_funding_events_venue .................................. [[32mPASS[0m in 0.08s]
[0m14:31:34.441298 [debug] [Thread-1 (]: Finished running node test.funding_rate_analytics.not_null_stg_funding_events_venue.e2f31a7991
[0m14:31:34.442129 [debug] [MainThread]: On master: COMMIT
[0m14:31:34.442276 [debug] [MainThread]: Using postgres connection "master"
[0m14:31:34.442389 [debug] [MainThread]: On master: COMMIT
[0m14:31:34.442493 [debug] [MainThread]: Opening a new connection, currently in state closed
[0m14:31:34.448143 [debug] [MainThread]: SQL status: COMMIT in 0.006 seconds
[0m14:31:34.448331 [debug] [MainThread]: On master: Close
[0m14:31:34.448521 [debug] [MainThread]: Connection 'master' was properly closed.
[0m14:31:34.448636 [debug] [MainThread]: Connection 'test.funding_rate_analytics.not_null_stg_funding_events_venue.e2f31a7991' was properly closed.
[0m14:31:34.448733 [debug] [MainThread]: Connection 'test.funding_rate_analytics.not_null_stg_funding_events_funding_rate_annualized_pct.89653db3eb' was properly closed.
[0m14:31:34.448827 [debug] [MainThread]: Connection 'test.funding_rate_analytics.not_null_stg_funding_events_symbol.979ec2bdf0' was properly closed.
[0m14:31:34.448918 [debug] [MainThread]: Connection 'test.funding_rate_analytics.dbt_utils_accepted_range_stg_funding_events_funding_rate_annualized_pct__True__1000___3000.88ff2d9413' was properly closed.
[0m14:31:34.449047 [info ] [MainThread]: 
[0m14:31:34.449171 [info ] [MainThread]: Finished running 7 data tests in 0 hours 0 minutes and 0.32 seconds (0.32s).
[0m14:31:34.449695 [debug] [MainThread]: Command end result
[0m14:31:34.466730 [debug] [MainThread]: Wrote artifact WritableManifest to /Users/nformenton/Dev/funding-rate-analytics/dbt/target/manifest.json
[0m14:31:34.474169 [debug] [MainThread]: Wrote artifact SemanticManifest to /Users/nformenton/Dev/funding-rate-analytics/dbt/target/semantic_manifest.json
[0m14:31:34.476258 [debug] [MainThread]: Wrote artifact OsiDocument to /Users/nformenton/Dev/funding-rate-analytics/dbt/target/osi_document.json
[0m14:31:34.481410 [debug] [MainThread]: Wrote artifact RunExecutionResult to /Users/nformenton/Dev/funding-rate-analytics/dbt/target/run_results.json
[0m14:31:34.481583 [info ] [MainThread]: 
[0m14:31:34.481877 [info ] [MainThread]: [32mCompleted successfully[0m
[0m14:31:34.482131 [info ] [MainThread]: 
[0m14:31:34.482284 [info ] [MainThread]: Done. PASS=7 WARN=0 ERROR=0 SKIP=0 NO-OP=0 REUSED=0 TOTAL=7
[0m14:31:34.482559 [warn ] [MainThread]: [[33mWARNING[0m][DeprecationsSummary]: Deprecated functionality
Summary of encountered deprecations:
- MissingArgumentsPropertyInGenericTestDeprecation: 2 occurrences
To see all deprecation instances instead of just the first occurrence of each,
run command again with the `--show-all-deprecations` flag. You may also need to
run with `--no-partial-parse` as some deprecations are only encountered during
parsing.
[0m14:31:34.487493 [debug] [MainThread]: Resource report: {"command_name": "test", "command_success": true, "command_wall_clock_time": 1.1108944, "process_in_blocks": "0", "process_kernel_time": 0.249181, "process_mem_max_rss": "177504256", "process_out_blocks": "0", "process_user_time": 1.204829}
[0m14:31:34.487716 [debug] [MainThread]: Command `dbt test` succeeded at 14:31:34.487683 after 1.11 seconds
[0m14:31:34.487882 [debug] [MainThread]: Sending event: {'category': 'dbt', 'action': 'invocation', 'label': 'end', 'context': [<snowplow_tracker.self_describing_json.SelfDescribingJson object at 0x10fd55230>, <snowplow_tracker.self_describing_json.SelfDescribingJson object at 0x10f912df0>, <snowplow_tracker.self_describing_json.SelfDescribingJson object at 0x10f9120d0>]}
[0m14:31:34.488031 [debug] [MainThread]: Flushing usage events
[0m14:31:35.254673 [debug] [MainThread]: An error was encountered while trying to flush usage events
[0m14:33:28.596590 [debug] [MainThread]: Sending event: {'category': 'dbt', 'action': 'invocation', 'label': 'start', 'context': [<snowplow_tracker.self_describing_json.SelfDescribingJson object at 0x108de42f0>, <snowplow_tracker.self_describing_json.SelfDescribingJson object at 0x10a392710>, <snowplow_tracker.self_describing_json.SelfDescribingJson object at 0x10a392990>]}


============================== 14:33:28.599962 | f4c27868-69da-4e52-a11f-ec1ace8ea786 ==============================
[0m14:33:28.599962 [info ] [MainThread]: Running with dbt=1.12.0-b2
[0m14:33:28.600195 [debug] [MainThread]: running dbt with arguments {'warn_error': 'None', 'partial_parse': 'True', 'profiles_dir': '.', 'quiet': 'False', 'fail_fast': 'False', 'use_experimental_parser': 'False', 'log_path': '/Users/nformenton/Dev/funding-rate-analytics/dbt/logs', 'write_json': 'True', 'send_anonymous_usage_stats': 'True', 'warn_error_options': 'WarnErrorOptionsV2(error=[], warn=[], silence=[])', 'invocation_command': 'dbt run --select staging --profiles-dir .', 'printer_width': '80', 'target_path': 'None', 'introspect': 'True', 'log_cache_events': 'False', 'maximum_seed_size_mib': '1', 'static_parser': 'True', 'use_colors': 'True', 'version_check': 'True', 'empty': 'False', 'cache_selected_only': 'False', 'debug': 'False', 'log_format': 'default', 'no_print': 'None', 'indirect_selection': 'eager'}
[0m14:33:28.711959 [debug] [MainThread]: Sending event: {'category': 'dbt', 'action': 'project_id', 'label': 'f4c27868-69da-4e52-a11f-ec1ace8ea786', 'context': [<snowplow_tracker.self_describing_json.SelfDescribingJson object at 0x10a33de00>]}
[0m14:33:28.735129 [debug] [MainThread]: Sending event: {'category': 'dbt', 'action': 'adapter_info', 'label': 'f4c27868-69da-4e52-a11f-ec1ace8ea786', 'context': [<snowplow_tracker.self_describing_json.SelfDescribingJson object at 0x106e66f10>]}
[0m14:33:28.736109 [info ] [MainThread]: Registered adapter: postgres=1.10.0
[0m14:33:28.775938 [debug] [MainThread]: checksum: 4028e76001202c6d79cbd6497f04f8a5167c54a3cd8d4daed1786e25b5aa8f08, vars: {}, profile: funding_rate_analytics, target: dev, version: 1.12.0b2
[0m14:33:28.899928 [debug] [MainThread]: Partial parsing enabled: 1 files deleted, 0 files added, 0 files changed.
[0m14:33:28.900234 [debug] [MainThread]: Partial parsing: deleted file: funding_rate_analytics://analyses/check_rates.sql
[0m14:33:28.931182 [debug] [MainThread]: Sending event: {'category': 'dbt', 'action': 'load_project', 'label': 'f4c27868-69da-4e52-a11f-ec1ace8ea786', 'context': [<snowplow_tracker.self_describing_json.SelfDescribingJson object at 0x10b48f150>]}
[0m14:33:28.967532 [debug] [MainThread]: Wrote artifact WritableManifest to /Users/nformenton/Dev/funding-rate-analytics/dbt/target/manifest.json
[0m14:33:28.969870 [debug] [MainThread]: Wrote artifact SemanticManifest to /Users/nformenton/Dev/funding-rate-analytics/dbt/target/semantic_manifest.json
[0m14:33:28.987517 [debug] [MainThread]: Wrote artifact OsiDocument to /Users/nformenton/Dev/funding-rate-analytics/dbt/target/osi_document.json
[0m14:33:28.995894 [debug] [MainThread]: Sending event: {'category': 'dbt', 'action': 'resource_counts', 'label': 'f4c27868-69da-4e52-a11f-ec1ace8ea786', 'context': [<snowplow_tracker.self_describing_json.SelfDescribingJson object at 0x10b734d70>]}
[0m14:33:28.996109 [info ] [MainThread]: Found 1 model, 7 data tests, 591 macros
[0m14:33:28.996230 [debug] [MainThread]: Sending event: {'category': 'dbt', 'action': 'runnable_timing', 'label': 'f4c27868-69da-4e52-a11f-ec1ace8ea786', 'context': [<snowplow_tracker.self_describing_json.SelfDescribingJson object at 0x10b75e5f0>]}
[0m14:33:28.996876 [info ] [MainThread]: 
[0m14:33:28.997006 [info ] [MainThread]: Concurrency: 4 threads (target='dev')
[0m14:33:28.997107 [info ] [MainThread]: 
[0m14:33:28.997300 [debug] [MainThread]: Acquiring new postgres connection 'master'
[0m14:33:28.997625 [debug] [ThreadPool]: Acquiring new postgres connection 'list_funding_rates'
[0m14:33:29.068197 [debug] [ThreadPool]: Using postgres connection "list_funding_rates"
[0m14:33:29.068402 [debug] [ThreadPool]: On list_funding_rates: /* {"app": "dbt", "dbt_version": "1.12.0b2", "profile_name": "funding_rate_analytics", "target_name": "dev", "connection_name": "list_funding_rates"} */

    select distinct nspname from pg_namespace
  
[0m14:33:29.068522 [debug] [ThreadPool]: Opening a new connection, currently in state init
[0m14:33:29.109294 [debug] [ThreadPool]: SQL status: SELECT 8 in 0.041 seconds
[0m14:33:29.109898 [debug] [ThreadPool]: On list_funding_rates: Close
[0m14:33:29.110401 [debug] [ThreadPool]: Re-using an available connection from the pool (formerly list_funding_rates, now list_funding_rates_staging_staging)
[0m14:33:29.112639 [debug] [ThreadPool]: Using postgres connection "list_funding_rates_staging_staging"
[0m14:33:29.112782 [debug] [ThreadPool]: On list_funding_rates_staging_staging: /* {"app": "dbt", "dbt_version": "1.12.0b2", "profile_name": "funding_rate_analytics", "target_name": "dev", "connection_name": "list_funding_rates_staging_staging"} */
select
      'funding_rates' as database,
      tablename as name,
      schemaname as schema,
      'table' as type
    from pg_tables
    where schemaname ilike 'staging_staging'
    union all
    select
      'funding_rates' as database,
      viewname as name,
      schemaname as schema,
      'view' as type
    from pg_views
    where schemaname ilike 'staging_staging'
    union all
    select
      'funding_rates' as database,
      matviewname as name,
      schemaname as schema,
      'materialized_view' as type
    from pg_matviews
    where schemaname ilike 'staging_staging'
  
[0m14:33:29.112897 [debug] [ThreadPool]: Opening a new connection, currently in state closed
[0m14:33:29.126398 [debug] [ThreadPool]: SQL status: SELECT 1 in 0.013 seconds
[0m14:33:29.126921 [debug] [ThreadPool]: On list_funding_rates_staging_staging: ROLLBACK
[0m14:33:29.127470 [debug] [ThreadPool]: On list_funding_rates_staging_staging: Close
[0m14:33:29.129385 [debug] [MainThread]: Using postgres connection "master"
[0m14:33:29.129540 [debug] [MainThread]: On master: /* {"app": "dbt", "dbt_version": "1.12.0b2", "profile_name": "funding_rate_analytics", "target_name": "dev", "connection_name": "master"} */
select distinct
        dependent_namespace.nspname as dependent_schema,
        dependent_class.relname as dependent_name,
        referenced_namespace.nspname as referenced_schema,
        referenced_class.relname as referenced_name

    -- Query for views: views are entries in pg_class with an entry in pg_rewrite, but we avoid
    -- a seq scan on pg_rewrite by leveraging the fact there is an "internal" row in pg_depend for
    -- the view...
    from pg_class as dependent_class
    join pg_namespace as dependent_namespace on dependent_namespace.oid = dependent_class.relnamespace
    join pg_depend as dependent_depend on dependent_depend.refobjid = dependent_class.oid
        and dependent_depend.classid = 'pg_rewrite'::regclass
        and dependent_depend.refclassid = 'pg_class'::regclass
        and dependent_depend.deptype = 'i'

    -- ... and via pg_depend (that has a row per column, hence the need for "distinct" above, and
    -- making sure to exclude the internal row to avoid a view appearing to depend on itself)...
    join pg_depend as joining_depend on joining_depend.objid = dependent_depend.objid
        and joining_depend.classid = 'pg_rewrite'::regclass
        and joining_depend.refclassid = 'pg_class'::regclass
        and joining_depend.refobjid != dependent_depend.refobjid

    -- ... we can find the tables they query from in pg_class, but excluding system tables. Note we
    -- don't need need to exclude _dependent_ system tables, because they only query from other
    -- system tables, and so are automatically excluded by excluding _referenced_ system tables
    join pg_class as referenced_class on referenced_class.oid = joining_depend.refobjid
    join pg_namespace as referenced_namespace on referenced_namespace.oid = referenced_class.relnamespace
        and referenced_namespace.nspname != 'information_schema'
        and referenced_namespace.nspname not like 'pg\_%'

    order by
        dependent_schema, dependent_name, referenced_schema, referenced_name;
[0m14:33:29.129678 [debug] [MainThread]: Opening a new connection, currently in state init
[0m14:33:29.141739 [debug] [MainThread]: SQL status: SELECT 8 in 0.012 seconds
[0m14:33:29.142383 [debug] [MainThread]: Sending event: {'category': 'dbt', 'action': 'runnable_timing', 'label': 'f4c27868-69da-4e52-a11f-ec1ace8ea786', 'context': [<snowplow_tracker.self_describing_json.SelfDescribingJson object at 0x10b98e1a0>]}
[0m14:33:29.142571 [debug] [MainThread]: On master: ROLLBACK
[0m14:33:29.143056 [debug] [MainThread]: On master: COMMIT
[0m14:33:29.143198 [debug] [MainThread]: Using postgres connection "master"
[0m14:33:29.143313 [debug] [MainThread]: On master: COMMIT
[0m14:33:29.143977 [debug] [MainThread]: SQL status: COMMIT in 0.001 seconds
[0m14:33:29.144103 [debug] [MainThread]: On master: Close
[0m14:33:29.146406 [debug] [Thread-1 (]: Began running node model.funding_rate_analytics.stg_funding_events
[0m14:33:29.146660 [info ] [Thread-1 (]: 1 of 1 START sql view model staging_staging.stg_funding_events ................. [RUN]
[0m14:33:29.146863 [debug] [Thread-1 (]: Re-using an available connection from the pool (formerly list_funding_rates_staging_staging, now model.funding_rate_analytics.stg_funding_events)
[0m14:33:29.147013 [debug] [Thread-1 (]: Began compiling node model.funding_rate_analytics.stg_funding_events
[0m14:33:29.149376 [debug] [Thread-1 (]: Writing injected SQL for node "model.funding_rate_analytics.stg_funding_events"
[0m14:33:29.149962 [debug] [Thread-1 (]: Began executing node model.funding_rate_analytics.stg_funding_events
[0m14:33:29.163815 [debug] [Thread-1 (]: Writing runtime sql for node "model.funding_rate_analytics.stg_funding_events"
[0m14:33:29.164345 [debug] [Thread-1 (]: Using postgres connection "model.funding_rate_analytics.stg_funding_events"
[0m14:33:29.164524 [debug] [Thread-1 (]: On model.funding_rate_analytics.stg_funding_events: /* {"app": "dbt", "dbt_version": "1.12.0b2", "profile_name": "funding_rate_analytics", "target_name": "dev", "node_id": "model.funding_rate_analytics.stg_funding_events"} */

  create view "funding_rates"."staging_staging"."stg_funding_events__dbt_tmp"
    
    
  as (
    -- Binance: 8h, decimal rate
SELECT
    'binance' AS venue,
    symbol,
    CASE WHEN symbol IN ('BTCUSDT','ETHUSDT','SOLUSDT') THEN 'crypto' ELSE 'equity' END AS asset_class,
    ts AS interval_start,
    8 AS interval_hours,
    funding_rate AS funding_rate_raw,
    funding_rate * 3 * 365 * 100 AS funding_rate_annualized_pct,
    mark_price,
    index_price,
    CASE WHEN index_price > 0 THEN (mark_price - index_price) / index_price * 10000 ELSE NULL END AS premium_bps,
    NOW() AS _loaded_at
FROM raw.funding_binance

UNION ALL

-- Hyperliquid: hourly, decimal rate
SELECT
    'hyperliquid' AS venue,
    coin AS symbol,
    'crypto' AS asset_class,
    ts AS interval_start,
    1 AS interval_hours,
    funding_rate AS funding_rate_raw,
    funding_rate * 24 * 365 * 100 AS funding_rate_annualized_pct,
    mark_price,
    NULL AS index_price,
    NULL AS premium_bps,
    NOW() AS _loaded_at
FROM raw.funding_hyperliquid

UNION ALL

-- Deribit: 8h, percentage interest
SELECT
    'deribit' AS venue,
    REPLACE(instrument_name, '-PERPETUAL', '') || 'USDT' AS symbol,
    'crypto' AS asset_class,
    ts AS interval_start,
    8 AS interval_hours,
    interest_8h AS funding_rate_raw,
    interest_8h / 100 * 3 * 365 AS funding_rate_annualized_pct,
    mark_price,
    index_price,
    CASE WHEN index_price > 0 THEN (mark_price - index_price) / index_price * 10000 ELSE NULL END AS premium_bps,
    NOW() AS _loaded_at
FROM raw.funding_deribit

UNION ALL

-- Equity perps: variable intervals
SELECT
    venue,
    symbol,
    'equity' AS asset_class,
    ts AS interval_start,
    funding_interval_hours,
    funding_rate AS funding_rate_raw,
    CASE
        WHEN funding_interval_hours > 0
        THEN funding_rate * (24.0 / funding_interval_hours) * 365 * 100
        ELSE NULL
    END AS funding_rate_annualized_pct,
    mark_price,
    index_price,
    CASE WHEN index_price > 0 THEN (mark_price - index_price) / index_price * 10000 ELSE NULL END AS premium_bps,
    NOW() AS _loaded_at
FROM raw.funding_equity_perps
  );
[0m14:33:29.164691 [debug] [Thread-1 (]: Opening a new connection, currently in state closed
[0m14:33:29.177406 [debug] [Thread-1 (]: SQL status: CREATE VIEW in 0.013 seconds
[0m14:33:29.180029 [debug] [Thread-1 (]: Using postgres connection "model.funding_rate_analytics.stg_funding_events"
[0m14:33:29.180173 [debug] [Thread-1 (]: On model.funding_rate_analytics.stg_funding_events: /* {"app": "dbt", "dbt_version": "1.12.0b2", "profile_name": "funding_rate_analytics", "target_name": "dev", "node_id": "model.funding_rate_analytics.stg_funding_events"} */
alter table "funding_rates"."staging_staging"."stg_funding_events" rename to "stg_funding_events__dbt_backup"
[0m14:33:29.180867 [debug] [Thread-1 (]: SQL status: ALTER TABLE in 0.001 seconds
[0m14:33:29.181785 [debug] [Thread-1 (]: Using postgres connection "model.funding_rate_analytics.stg_funding_events"
[0m14:33:29.181921 [debug] [Thread-1 (]: On model.funding_rate_analytics.stg_funding_events: /* {"app": "dbt", "dbt_version": "1.12.0b2", "profile_name": "funding_rate_analytics", "target_name": "dev", "node_id": "model.funding_rate_analytics.stg_funding_events"} */
alter table "funding_rates"."staging_staging"."stg_funding_events__dbt_tmp" rename to "stg_funding_events"
[0m14:33:29.182377 [debug] [Thread-1 (]: SQL status: ALTER TABLE in 0.000 seconds
[0m14:33:29.188741 [debug] [Thread-1 (]: On model.funding_rate_analytics.stg_funding_events: COMMIT
[0m14:33:29.188883 [debug] [Thread-1 (]: Using postgres connection "model.funding_rate_analytics.stg_funding_events"
[0m14:33:29.189004 [debug] [Thread-1 (]: On model.funding_rate_analytics.stg_funding_events: COMMIT
[0m14:33:29.190499 [debug] [Thread-1 (]: SQL status: COMMIT in 0.001 seconds
[0m14:33:29.194375 [debug] [Thread-1 (]: Applying DROP to: "funding_rates"."staging_staging"."stg_funding_events__dbt_backup"
[0m14:33:29.195915 [debug] [Thread-1 (]: Using postgres connection "model.funding_rate_analytics.stg_funding_events"
[0m14:33:29.196055 [debug] [Thread-1 (]: On model.funding_rate_analytics.stg_funding_events: /* {"app": "dbt", "dbt_version": "1.12.0b2", "profile_name": "funding_rate_analytics", "target_name": "dev", "node_id": "model.funding_rate_analytics.stg_funding_events"} */
drop view if exists "funding_rates"."staging_staging"."stg_funding_events__dbt_backup" cascade
[0m14:33:29.199718 [debug] [Thread-1 (]: SQL status: DROP VIEW in 0.004 seconds
[0m14:33:29.200535 [debug] [Thread-1 (]: On model.funding_rate_analytics.stg_funding_events: Close
[0m14:33:29.201545 [debug] [Thread-1 (]: Sending event: {'category': 'dbt', 'action': 'run_model', 'label': 'f4c27868-69da-4e52-a11f-ec1ace8ea786', 'context': [<snowplow_tracker.self_describing_json.SelfDescribingJson object at 0x10b507e90>]}
[0m14:33:29.201788 [info ] [Thread-1 (]: 1 of 1 OK created sql view model staging_staging.stg_funding_events ............ [[32mCREATE VIEW[0m in 0.05s]
[0m14:33:29.201993 [debug] [Thread-1 (]: Finished running node model.funding_rate_analytics.stg_funding_events
[0m14:33:29.202514 [debug] [MainThread]: On master: COMMIT
[0m14:33:29.202623 [debug] [MainThread]: Using postgres connection "master"
[0m14:33:29.202717 [debug] [MainThread]: On master: COMMIT
[0m14:33:29.202804 [debug] [MainThread]: Opening a new connection, currently in state closed
[0m14:33:29.210513 [debug] [MainThread]: SQL status: COMMIT in 0.008 seconds
[0m14:33:29.210683 [debug] [MainThread]: On master: Close
[0m14:33:29.210849 [debug] [MainThread]: Connection 'master' was properly closed.
[0m14:33:29.210948 [debug] [MainThread]: Connection 'model.funding_rate_analytics.stg_funding_events' was properly closed.
[0m14:33:29.211054 [info ] [MainThread]: 
[0m14:33:29.211165 [info ] [MainThread]: Finished running 1 view model in 0 hours 0 minutes and 0.21 seconds (0.21s).
[0m14:33:29.211394 [debug] [MainThread]: Command end result
[0m14:33:29.225433 [debug] [MainThread]: Wrote artifact WritableManifest to /Users/nformenton/Dev/funding-rate-analytics/dbt/target/manifest.json
[0m14:33:29.227381 [debug] [MainThread]: Wrote artifact SemanticManifest to /Users/nformenton/Dev/funding-rate-analytics/dbt/target/semantic_manifest.json
[0m14:33:29.228923 [debug] [MainThread]: Wrote artifact OsiDocument to /Users/nformenton/Dev/funding-rate-analytics/dbt/target/osi_document.json
[0m14:33:29.232028 [debug] [MainThread]: Wrote artifact RunExecutionResult to /Users/nformenton/Dev/funding-rate-analytics/dbt/target/run_results.json
[0m14:33:29.232150 [info ] [MainThread]: 
[0m14:33:29.232297 [info ] [MainThread]: [32mCompleted successfully[0m
[0m14:33:29.232404 [info ] [MainThread]: 
[0m14:33:29.232525 [info ] [MainThread]: Done. PASS=1 WARN=0 ERROR=0 SKIP=0 NO-OP=0 REUSED=0 TOTAL=1
[0m14:33:29.235189 [debug] [MainThread]: Resource report: {"command_name": "run", "command_success": true, "command_wall_clock_time": 0.6857889, "process_in_blocks": "0", "process_kernel_time": 0.215975, "process_mem_max_rss": "166854656", "process_out_blocks": "0", "process_user_time": 0.930204}
[0m14:33:29.235372 [debug] [MainThread]: Command `dbt run` succeeded at 14:33:29.235340 after 0.69 seconds
[0m14:33:29.235518 [debug] [MainThread]: Sending event: {'category': 'dbt', 'action': 'invocation', 'label': 'end', 'context': [<snowplow_tracker.self_describing_json.SelfDescribingJson object at 0x10ba73ac0>, <snowplow_tracker.self_describing_json.SelfDescribingJson object at 0x10b214690>, <snowplow_tracker.self_describing_json.SelfDescribingJson object at 0x10b214a50>]}
[0m14:33:29.235659 [debug] [MainThread]: Flushing usage events
[0m14:33:30.071589 [debug] [MainThread]: An error was encountered while trying to flush usage events
[0m14:33:31.253010 [debug] [MainThread]: Sending event: {'category': 'dbt', 'action': 'invocation', 'label': 'start', 'context': [<snowplow_tracker.self_describing_json.SelfDescribingJson object at 0x10cde42f0>, <snowplow_tracker.self_describing_json.SelfDescribingJson object at 0x10e38e710>, <snowplow_tracker.self_describing_json.SelfDescribingJson object at 0x10e38e990>]}


============================== 14:33:31.255338 | 234eda43-85c5-49c7-bc60-a9d68311f2a2 ==============================
[0m14:33:31.255338 [info ] [MainThread]: Running with dbt=1.12.0-b2
[0m14:33:31.255603 [debug] [MainThread]: running dbt with arguments {'invocation_command': 'dbt test --select staging --profiles-dir .', 'profiles_dir': '.', 'printer_width': '80', 'use_colors': 'True', 'no_print': 'None', 'warn_error': 'None', 'fail_fast': 'False', 'debug': 'False', 'partial_parse': 'True', 'warn_error_options': 'WarnErrorOptionsV2(error=[], warn=[], silence=[])', 'write_json': 'True', 'target_path': 'None', 'indirect_selection': 'eager', 'maximum_seed_size_mib': '1', 'static_parser': 'True', 'version_check': 'True', 'use_experimental_parser': 'False', 'log_cache_events': 'False', 'log_path': '/Users/nformenton/Dev/funding-rate-analytics/dbt/logs', 'send_anonymous_usage_stats': 'True', 'log_format': 'default', 'quiet': 'False', 'empty': 'None', 'cache_selected_only': 'False', 'introspect': 'True'}
[0m14:33:31.342876 [debug] [MainThread]: Sending event: {'category': 'dbt', 'action': 'project_id', 'label': '234eda43-85c5-49c7-bc60-a9d68311f2a2', 'context': [<snowplow_tracker.self_describing_json.SelfDescribingJson object at 0x10e33de00>]}
[0m14:33:31.366030 [debug] [MainThread]: Sending event: {'category': 'dbt', 'action': 'adapter_info', 'label': '234eda43-85c5-49c7-bc60-a9d68311f2a2', 'context': [<snowplow_tracker.self_describing_json.SelfDescribingJson object at 0x10ae66f10>]}
[0m14:33:31.367039 [info ] [MainThread]: Registered adapter: postgres=1.10.0
[0m14:33:31.404365 [debug] [MainThread]: checksum: 4028e76001202c6d79cbd6497f04f8a5167c54a3cd8d4daed1786e25b5aa8f08, vars: {}, profile: funding_rate_analytics, target: dev, version: 1.12.0b2
[0m14:33:31.491601 [debug] [MainThread]: Partial parsing enabled: 0 files deleted, 0 files added, 0 files changed.
[0m14:33:31.491845 [debug] [MainThread]: Nothing changed, skipping partial parsing.
[0m14:33:31.491970 [debug] [MainThread]: Partial parsing enabled, no changes found, skipping parsing
[0m14:33:31.507827 [debug] [MainThread]: Sending event: {'category': 'dbt', 'action': 'load_project', 'label': '234eda43-85c5-49c7-bc60-a9d68311f2a2', 'context': [<snowplow_tracker.self_describing_json.SelfDescribingJson object at 0x10f48dd50>]}
[0m14:33:31.545325 [debug] [MainThread]: Wrote artifact WritableManifest to /Users/nformenton/Dev/funding-rate-analytics/dbt/target/manifest.json
[0m14:33:31.547586 [debug] [MainThread]: Wrote artifact SemanticManifest to /Users/nformenton/Dev/funding-rate-analytics/dbt/target/semantic_manifest.json
[0m14:33:31.560915 [debug] [MainThread]: Wrote artifact OsiDocument to /Users/nformenton/Dev/funding-rate-analytics/dbt/target/osi_document.json
[0m14:33:31.572493 [debug] [MainThread]: Sending event: {'category': 'dbt', 'action': 'resource_counts', 'label': '234eda43-85c5-49c7-bc60-a9d68311f2a2', 'context': [<snowplow_tracker.self_describing_json.SelfDescribingJson object at 0x10f722f30>]}
[0m14:33:31.572728 [info ] [MainThread]: Found 1 model, 7 data tests, 591 macros
[0m14:33:31.572858 [debug] [MainThread]: Sending event: {'category': 'dbt', 'action': 'runnable_timing', 'label': '234eda43-85c5-49c7-bc60-a9d68311f2a2', 'context': [<snowplow_tracker.self_describing_json.SelfDescribingJson object at 0x10f7aa430>]}
[0m14:33:31.573608 [info ] [MainThread]: 
[0m14:33:31.573746 [info ] [MainThread]: Concurrency: 4 threads (target='dev')
[0m14:33:31.573856 [info ] [MainThread]: 
[0m14:33:31.574057 [debug] [MainThread]: Acquiring new postgres connection 'master'
[0m14:33:31.574432 [debug] [ThreadPool]: Acquiring new postgres connection 'list_funding_rates_staging_staging'
[0m14:33:31.639198 [debug] [ThreadPool]: Using postgres connection "list_funding_rates_staging_staging"
[0m14:33:31.639486 [debug] [ThreadPool]: On list_funding_rates_staging_staging: /* {"app": "dbt", "dbt_version": "1.12.0b2", "profile_name": "funding_rate_analytics", "target_name": "dev", "connection_name": "list_funding_rates_staging_staging"} */
select
      'funding_rates' as database,
      tablename as name,
      schemaname as schema,
      'table' as type
    from pg_tables
    where schemaname ilike 'staging_staging'
    union all
    select
      'funding_rates' as database,
      viewname as name,
      schemaname as schema,
      'view' as type
    from pg_views
    where schemaname ilike 'staging_staging'
    union all
    select
      'funding_rates' as database,
      matviewname as name,
      schemaname as schema,
      'materialized_view' as type
    from pg_matviews
    where schemaname ilike 'staging_staging'
  
[0m14:33:31.639640 [debug] [ThreadPool]: Opening a new connection, currently in state init
[0m14:33:31.665082 [debug] [ThreadPool]: SQL status: SELECT 1 in 0.025 seconds
[0m14:33:31.665703 [debug] [ThreadPool]: On list_funding_rates_staging_staging: ROLLBACK
[0m14:33:31.666175 [debug] [ThreadPool]: On list_funding_rates_staging_staging: Close
[0m14:33:31.668043 [debug] [MainThread]: Using postgres connection "master"
[0m14:33:31.668208 [debug] [MainThread]: On master: /* {"app": "dbt", "dbt_version": "1.12.0b2", "profile_name": "funding_rate_analytics", "target_name": "dev", "connection_name": "master"} */
select distinct
        dependent_namespace.nspname as dependent_schema,
        dependent_class.relname as dependent_name,
        referenced_namespace.nspname as referenced_schema,
        referenced_class.relname as referenced_name

    -- Query for views: views are entries in pg_class with an entry in pg_rewrite, but we avoid
    -- a seq scan on pg_rewrite by leveraging the fact there is an "internal" row in pg_depend for
    -- the view...
    from pg_class as dependent_class
    join pg_namespace as dependent_namespace on dependent_namespace.oid = dependent_class.relnamespace
    join pg_depend as dependent_depend on dependent_depend.refobjid = dependent_class.oid
        and dependent_depend.classid = 'pg_rewrite'::regclass
        and dependent_depend.refclassid = 'pg_class'::regclass
        and dependent_depend.deptype = 'i'

    -- ... and via pg_depend (that has a row per column, hence the need for "distinct" above, and
    -- making sure to exclude the internal row to avoid a view appearing to depend on itself)...
    join pg_depend as joining_depend on joining_depend.objid = dependent_depend.objid
        and joining_depend.classid = 'pg_rewrite'::regclass
        and joining_depend.refclassid = 'pg_class'::regclass
        and joining_depend.refobjid != dependent_depend.refobjid

    -- ... we can find the tables they query from in pg_class, but excluding system tables. Note we
    -- don't need need to exclude _dependent_ system tables, because they only query from other
    -- system tables, and so are automatically excluded by excluding _referenced_ system tables
    join pg_class as referenced_class on referenced_class.oid = joining_depend.refobjid
    join pg_namespace as referenced_namespace on referenced_namespace.oid = referenced_class.relnamespace
        and referenced_namespace.nspname != 'information_schema'
        and referenced_namespace.nspname not like 'pg\_%'

    order by
        dependent_schema, dependent_name, referenced_schema, referenced_name;
[0m14:33:31.668345 [debug] [MainThread]: Opening a new connection, currently in state init
[0m14:33:31.679457 [debug] [MainThread]: SQL status: SELECT 8 in 0.011 seconds
[0m14:33:31.680011 [debug] [MainThread]: Sending event: {'category': 'dbt', 'action': 'runnable_timing', 'label': '234eda43-85c5-49c7-bc60-a9d68311f2a2', 'context': [<snowplow_tracker.self_describing_json.SelfDescribingJson object at 0x10f8a7e10>]}
[0m14:33:31.680197 [debug] [MainThread]: On master: ROLLBACK
[0m14:33:31.680668 [debug] [MainThread]: On master: COMMIT
[0m14:33:31.680768 [debug] [MainThread]: Using postgres connection "master"
[0m14:33:31.680858 [debug] [MainThread]: On master: COMMIT
[0m14:33:31.681519 [debug] [MainThread]: SQL status: COMMIT in 0.001 seconds
[0m14:33:31.681623 [debug] [MainThread]: On master: Close
[0m14:33:31.682775 [debug] [Thread-3 (]: Began running node test.funding_rate_analytics.not_null_stg_funding_events_asset_class.102539e1bd
[0m14:33:31.683321 [info ] [Thread-3 (]: 3 of 7 START test not_null_stg_funding_events_asset_class ...................... [RUN]
[0m14:33:31.683521 [debug] [Thread-3 (]: Acquiring new postgres connection 'test.funding_rate_analytics.not_null_stg_funding_events_asset_class.102539e1bd'
[0m14:33:31.683640 [debug] [Thread-3 (]: Began compiling node test.funding_rate_analytics.not_null_stg_funding_events_asset_class.102539e1bd
[0m14:33:31.689840 [debug] [Thread-3 (]: Writing injected SQL for node "test.funding_rate_analytics.not_null_stg_funding_events_asset_class.102539e1bd"
[0m14:33:31.683074 [debug] [Thread-4 (]: Began running node test.funding_rate_analytics.not_null_stg_funding_events_funding_rate_annualized_pct.89653db3eb
[0m14:33:31.683184 [debug] [Thread-2 (]: Began running node test.funding_rate_analytics.dbt_utils_accepted_range_stg_funding_events_funding_rate_annualized_pct__True__1000___3000.88ff2d9413
[0m14:33:31.682941 [debug] [Thread-1 (]: Began running node test.funding_rate_analytics.accepted_values_stg_funding_events_asset_class__crypto__equity.8c0e938519
[0m14:33:31.690395 [info ] [Thread-1 (]: 1 of 7 START test accepted_values_stg_funding_events_asset_class__crypto__equity  [RUN]
[0m14:33:31.690553 [debug] [Thread-1 (]: Re-using an available connection from the pool (formerly list_funding_rates_staging_staging, now test.funding_rate_analytics.accepted_values_stg_funding_events_asset_class__crypto__equity.8c0e938519)
[0m14:33:31.690696 [debug] [Thread-1 (]: Began compiling node test.funding_rate_analytics.accepted_values_stg_funding_events_asset_class__crypto__equity.8c0e938519
[0m14:33:31.694125 [debug] [Thread-1 (]: Writing injected SQL for node "test.funding_rate_analytics.accepted_values_stg_funding_events_asset_class__crypto__equity.8c0e938519"
[0m14:33:31.690065 [info ] [Thread-4 (]: 4 of 7 START test not_null_stg_funding_events_funding_rate_annualized_pct ...... [RUN]
[0m14:33:31.690254 [info ] [Thread-2 (]: 2 of 7 START test dbt_utils_accepted_range_stg_funding_events_funding_rate_annualized_pct__True__1000___3000  [RUN]
[0m14:33:31.694636 [debug] [Thread-2 (]: Acquiring new postgres connection 'test.funding_rate_analytics.dbt_utils_accepted_range_stg_funding_events_funding_rate_annualized_pct__True__1000___3000.88ff2d9413'
[0m14:33:31.694930 [debug] [Thread-2 (]: Began compiling node test.funding_rate_analytics.dbt_utils_accepted_range_stg_funding_events_funding_rate_annualized_pct__True__1000___3000.88ff2d9413
[0m14:33:31.698033 [debug] [Thread-2 (]: Writing injected SQL for node "test.funding_rate_analytics.dbt_utils_accepted_range_stg_funding_events_funding_rate_annualized_pct__True__1000___3000.88ff2d9413"
[0m14:33:31.694800 [debug] [Thread-3 (]: Began executing node test.funding_rate_analytics.not_null_stg_funding_events_asset_class.102539e1bd
[0m14:33:31.695064 [debug] [Thread-1 (]: Began executing node test.funding_rate_analytics.accepted_values_stg_funding_events_asset_class__crypto__equity.8c0e938519
[0m14:33:31.694414 [debug] [Thread-4 (]: Acquiring new postgres connection 'test.funding_rate_analytics.not_null_stg_funding_events_funding_rate_annualized_pct.89653db3eb'
[0m14:33:31.705738 [debug] [Thread-4 (]: Began compiling node test.funding_rate_analytics.not_null_stg_funding_events_funding_rate_annualized_pct.89653db3eb
[0m14:33:31.707569 [debug] [Thread-4 (]: Writing injected SQL for node "test.funding_rate_analytics.not_null_stg_funding_events_funding_rate_annualized_pct.89653db3eb"
[0m14:33:31.705908 [debug] [Thread-2 (]: Began executing node test.funding_rate_analytics.dbt_utils_accepted_range_stg_funding_events_funding_rate_annualized_pct__True__1000___3000.88ff2d9413
[0m14:33:31.704695 [debug] [Thread-3 (]: Writing runtime sql for node "test.funding_rate_analytics.not_null_stg_funding_events_asset_class.102539e1bd"
[0m14:33:31.705546 [debug] [Thread-1 (]: Writing runtime sql for node "test.funding_rate_analytics.accepted_values_stg_funding_events_asset_class__crypto__equity.8c0e938519"
[0m14:33:31.708377 [debug] [Thread-2 (]: Writing runtime sql for node "test.funding_rate_analytics.dbt_utils_accepted_range_stg_funding_events_funding_rate_annualized_pct__True__1000___3000.88ff2d9413"
[0m14:33:31.708630 [debug] [Thread-4 (]: Began executing node test.funding_rate_analytics.not_null_stg_funding_events_funding_rate_annualized_pct.89653db3eb
[0m14:33:31.709438 [debug] [Thread-4 (]: Writing runtime sql for node "test.funding_rate_analytics.not_null_stg_funding_events_funding_rate_annualized_pct.89653db3eb"
[0m14:33:31.709695 [debug] [Thread-1 (]: Using postgres connection "test.funding_rate_analytics.accepted_values_stg_funding_events_asset_class__crypto__equity.8c0e938519"
[0m14:33:31.711783 [debug] [Thread-1 (]: On test.funding_rate_analytics.accepted_values_stg_funding_events_asset_class__crypto__equity.8c0e938519: /* {"app": "dbt", "dbt_version": "1.12.0b2", "profile_name": "funding_rate_analytics", "target_name": "dev", "node_id": "test.funding_rate_analytics.accepted_values_stg_funding_events_asset_class__crypto__equity.8c0e938519"} */

    
    select
      count(*) as failures,
      count(*) != 0 as should_warn,
      count(*) != 0 as should_error
    from (
      
    
  
    
    

with all_values as (

    select
        asset_class as value_field,
        count(*) as n_records

    from "funding_rates"."staging_staging"."stg_funding_events"
    group by asset_class

)

select *
from all_values
where value_field not in (
    'crypto','equity'
)



  
  
      
    ) dbt_internal_test
[0m14:33:31.711929 [debug] [Thread-1 (]: Opening a new connection, currently in state closed
[0m14:33:31.711479 [debug] [Thread-3 (]: Using postgres connection "test.funding_rate_analytics.not_null_stg_funding_events_asset_class.102539e1bd"
[0m14:33:31.712138 [debug] [Thread-3 (]: On test.funding_rate_analytics.not_null_stg_funding_events_asset_class.102539e1bd: /* {"app": "dbt", "dbt_version": "1.12.0b2", "profile_name": "funding_rate_analytics", "target_name": "dev", "node_id": "test.funding_rate_analytics.not_null_stg_funding_events_asset_class.102539e1bd"} */

    
    select
      count(*) as failures,
      count(*) != 0 as should_warn,
      count(*) != 0 as should_error
    from (
      
    
  
    
    



select asset_class
from "funding_rates"."staging_staging"."stg_funding_events"
where asset_class is null



  
  
      
    ) dbt_internal_test
[0m14:33:31.712423 [debug] [Thread-3 (]: Opening a new connection, currently in state init
[0m14:33:31.711637 [debug] [Thread-2 (]: Using postgres connection "test.funding_rate_analytics.dbt_utils_accepted_range_stg_funding_events_funding_rate_annualized_pct__True__1000___3000.88ff2d9413"
[0m14:33:31.712617 [debug] [Thread-2 (]: On test.funding_rate_analytics.dbt_utils_accepted_range_stg_funding_events_funding_rate_annualized_pct__True__1000___3000.88ff2d9413: /* {"app": "dbt", "dbt_version": "1.12.0b2", "profile_name": "funding_rate_analytics", "target_name": "dev", "node_id": "test.funding_rate_analytics.dbt_utils_accepted_range_stg_funding_events_funding_rate_annualized_pct__True__1000___3000.88ff2d9413"} */

    
    select
      count(*) as failures,
      count(*) != 0 as should_warn,
      count(*) != 0 as should_error
    from (
      
    
  

with meet_condition as(
  select *
  from "funding_rates"."staging_staging"."stg_funding_events"
),

validation_errors as (
  select *
  from meet_condition
  where
    -- never true, defaults to an empty result set. Exists to ensure any combo of the `or` clauses below succeeds
    1 = 2
    -- records with a value >= min_value are permitted. The `not` flips this to find records that don't meet the rule.
    or not funding_rate_annualized_pct >= -3000
    -- records with a value <= max_value are permitted. The `not` flips this to find records that don't meet the rule.
    or not funding_rate_annualized_pct <= 1000
)

select *
from validation_errors


  
  
      
    ) dbt_internal_test
[0m14:33:31.712772 [debug] [Thread-2 (]: Opening a new connection, currently in state init
[0m14:33:31.712299 [debug] [Thread-4 (]: Using postgres connection "test.funding_rate_analytics.not_null_stg_funding_events_funding_rate_annualized_pct.89653db3eb"
[0m14:33:31.712944 [debug] [Thread-4 (]: On test.funding_rate_analytics.not_null_stg_funding_events_funding_rate_annualized_pct.89653db3eb: /* {"app": "dbt", "dbt_version": "1.12.0b2", "profile_name": "funding_rate_analytics", "target_name": "dev", "node_id": "test.funding_rate_analytics.not_null_stg_funding_events_funding_rate_annualized_pct.89653db3eb"} */

    
    select
      count(*) as failures,
      count(*) != 0 as should_warn,
      count(*) != 0 as should_error
    from (
      
    
  
    
    



select funding_rate_annualized_pct
from "funding_rates"."staging_staging"."stg_funding_events"
where funding_rate_annualized_pct is null



  
  
      
    ) dbt_internal_test
[0m14:33:31.713092 [debug] [Thread-4 (]: Opening a new connection, currently in state init
[0m14:33:31.731778 [debug] [Thread-1 (]: SQL status: SELECT 1 in 0.020 seconds
[0m14:33:31.733983 [debug] [Thread-1 (]: On test.funding_rate_analytics.accepted_values_stg_funding_events_asset_class__crypto__equity.8c0e938519: ROLLBACK
[0m14:33:31.732024 [debug] [Thread-3 (]: SQL status: SELECT 1 in 0.020 seconds
[0m14:33:31.734601 [debug] [Thread-3 (]: On test.funding_rate_analytics.not_null_stg_funding_events_asset_class.102539e1bd: ROLLBACK
[0m14:33:31.734937 [debug] [Thread-1 (]: On test.funding_rate_analytics.accepted_values_stg_funding_events_asset_class__crypto__equity.8c0e938519: Close
[0m14:33:31.735223 [info ] [Thread-1 (]: 1 of 7 PASS accepted_values_stg_funding_events_asset_class__crypto__equity ..... [[32mPASS[0m in 0.04s]
[0m14:33:31.735445 [debug] [Thread-1 (]: Finished running node test.funding_rate_analytics.accepted_values_stg_funding_events_asset_class__crypto__equity.8c0e938519
[0m14:33:31.735599 [debug] [Thread-1 (]: Began running node test.funding_rate_analytics.not_null_stg_funding_events_interval_start.571c9ad96b
[0m14:33:31.735975 [info ] [Thread-1 (]: 5 of 7 START test not_null_stg_funding_events_interval_start ................... [RUN]
[0m14:33:31.736155 [debug] [Thread-1 (]: Re-using an available connection from the pool (formerly test.funding_rate_analytics.accepted_values_stg_funding_events_asset_class__crypto__equity.8c0e938519, now test.funding_rate_analytics.not_null_stg_funding_events_interval_start.571c9ad96b)
[0m14:33:31.736370 [debug] [Thread-1 (]: Began compiling node test.funding_rate_analytics.not_null_stg_funding_events_interval_start.571c9ad96b
[0m14:33:31.737998 [debug] [Thread-1 (]: Writing injected SQL for node "test.funding_rate_analytics.not_null_stg_funding_events_interval_start.571c9ad96b"
[0m14:33:31.735825 [debug] [Thread-3 (]: On test.funding_rate_analytics.not_null_stg_funding_events_asset_class.102539e1bd: Close
[0m14:33:31.738276 [info ] [Thread-3 (]: 3 of 7 PASS not_null_stg_funding_events_asset_class ............................ [[32mPASS[0m in 0.05s]
[0m14:33:31.738495 [debug] [Thread-3 (]: Finished running node test.funding_rate_analytics.not_null_stg_funding_events_asset_class.102539e1bd
[0m14:33:31.738640 [debug] [Thread-3 (]: Began running node test.funding_rate_analytics.not_null_stg_funding_events_symbol.979ec2bdf0
[0m14:33:31.738819 [info ] [Thread-3 (]: 6 of 7 START test not_null_stg_funding_events_symbol ........................... [RUN]
[0m14:33:31.738973 [debug] [Thread-3 (]: Re-using an available connection from the pool (formerly test.funding_rate_analytics.not_null_stg_funding_events_asset_class.102539e1bd, now test.funding_rate_analytics.not_null_stg_funding_events_symbol.979ec2bdf0)
[0m14:33:31.739104 [debug] [Thread-3 (]: Began compiling node test.funding_rate_analytics.not_null_stg_funding_events_symbol.979ec2bdf0
[0m14:33:31.740576 [debug] [Thread-3 (]: Writing injected SQL for node "test.funding_rate_analytics.not_null_stg_funding_events_symbol.979ec2bdf0"
[0m14:33:31.740777 [debug] [Thread-1 (]: Began executing node test.funding_rate_analytics.not_null_stg_funding_events_interval_start.571c9ad96b
[0m14:33:31.741928 [debug] [Thread-1 (]: Writing runtime sql for node "test.funding_rate_analytics.not_null_stg_funding_events_interval_start.571c9ad96b"
[0m14:33:31.742134 [debug] [Thread-3 (]: Began executing node test.funding_rate_analytics.not_null_stg_funding_events_symbol.979ec2bdf0
[0m14:33:31.742888 [debug] [Thread-3 (]: Writing runtime sql for node "test.funding_rate_analytics.not_null_stg_funding_events_symbol.979ec2bdf0"
[0m14:33:31.743139 [debug] [Thread-1 (]: Using postgres connection "test.funding_rate_analytics.not_null_stg_funding_events_interval_start.571c9ad96b"
[0m14:33:31.743281 [debug] [Thread-1 (]: On test.funding_rate_analytics.not_null_stg_funding_events_interval_start.571c9ad96b: /* {"app": "dbt", "dbt_version": "1.12.0b2", "profile_name": "funding_rate_analytics", "target_name": "dev", "node_id": "test.funding_rate_analytics.not_null_stg_funding_events_interval_start.571c9ad96b"} */

    
    select
      count(*) as failures,
      count(*) != 0 as should_warn,
      count(*) != 0 as should_error
    from (
      
    
  
    
    



select interval_start
from "funding_rates"."staging_staging"."stg_funding_events"
where interval_start is null



  
  
      
    ) dbt_internal_test
[0m14:33:31.743423 [debug] [Thread-1 (]: Opening a new connection, currently in state closed
[0m14:33:31.743598 [debug] [Thread-3 (]: Using postgres connection "test.funding_rate_analytics.not_null_stg_funding_events_symbol.979ec2bdf0"
[0m14:33:31.743733 [debug] [Thread-3 (]: On test.funding_rate_analytics.not_null_stg_funding_events_symbol.979ec2bdf0: /* {"app": "dbt", "dbt_version": "1.12.0b2", "profile_name": "funding_rate_analytics", "target_name": "dev", "node_id": "test.funding_rate_analytics.not_null_stg_funding_events_symbol.979ec2bdf0"} */

    
    select
      count(*) as failures,
      count(*) != 0 as should_warn,
      count(*) != 0 as should_error
    from (
      
    
  
    
    



select symbol
from "funding_rates"."staging_staging"."stg_funding_events"
where symbol is null



  
  
      
    ) dbt_internal_test
[0m14:33:31.743856 [debug] [Thread-3 (]: Opening a new connection, currently in state closed
[0m14:33:31.761996 [debug] [Thread-1 (]: SQL status: SELECT 1 in 0.019 seconds
[0m14:33:31.762656 [debug] [Thread-1 (]: On test.funding_rate_analytics.not_null_stg_funding_events_interval_start.571c9ad96b: ROLLBACK
[0m14:33:31.763175 [debug] [Thread-1 (]: On test.funding_rate_analytics.not_null_stg_funding_events_interval_start.571c9ad96b: Close
[0m14:33:31.763453 [info ] [Thread-1 (]: 5 of 7 PASS not_null_stg_funding_events_interval_start ......................... [[32mPASS[0m in 0.03s]
[0m14:33:31.763658 [debug] [Thread-1 (]: Finished running node test.funding_rate_analytics.not_null_stg_funding_events_interval_start.571c9ad96b
[0m14:33:31.763805 [debug] [Thread-1 (]: Began running node test.funding_rate_analytics.not_null_stg_funding_events_venue.e2f31a7991
[0m14:33:31.763976 [info ] [Thread-1 (]: 7 of 7 START test not_null_stg_funding_events_venue ............................ [RUN]
[0m14:33:31.764125 [debug] [Thread-1 (]: Re-using an available connection from the pool (formerly test.funding_rate_analytics.not_null_stg_funding_events_interval_start.571c9ad96b, now test.funding_rate_analytics.not_null_stg_funding_events_venue.e2f31a7991)
[0m14:33:31.764252 [debug] [Thread-1 (]: Began compiling node test.funding_rate_analytics.not_null_stg_funding_events_venue.e2f31a7991
[0m14:33:31.766070 [debug] [Thread-1 (]: Writing injected SQL for node "test.funding_rate_analytics.not_null_stg_funding_events_venue.e2f31a7991"
[0m14:33:31.766538 [debug] [Thread-1 (]: Began executing node test.funding_rate_analytics.not_null_stg_funding_events_venue.e2f31a7991
[0m14:33:31.767329 [debug] [Thread-1 (]: Writing runtime sql for node "test.funding_rate_analytics.not_null_stg_funding_events_venue.e2f31a7991"
[0m14:33:31.767648 [debug] [Thread-1 (]: Using postgres connection "test.funding_rate_analytics.not_null_stg_funding_events_venue.e2f31a7991"
[0m14:33:31.767781 [debug] [Thread-1 (]: On test.funding_rate_analytics.not_null_stg_funding_events_venue.e2f31a7991: /* {"app": "dbt", "dbt_version": "1.12.0b2", "profile_name": "funding_rate_analytics", "target_name": "dev", "node_id": "test.funding_rate_analytics.not_null_stg_funding_events_venue.e2f31a7991"} */

    
    select
      count(*) as failures,
      count(*) != 0 as should_warn,
      count(*) != 0 as should_error
    from (
      
    
  
    
    



select venue
from "funding_rates"."staging_staging"."stg_funding_events"
where venue is null



  
  
      
    ) dbt_internal_test
[0m14:33:31.767909 [debug] [Thread-1 (]: Opening a new connection, currently in state closed
[0m14:33:31.776600 [debug] [Thread-4 (]: SQL status: SELECT 1 in 0.063 seconds
[0m14:33:31.777645 [debug] [Thread-4 (]: On test.funding_rate_analytics.not_null_stg_funding_events_funding_rate_annualized_pct.89653db3eb: ROLLBACK
[0m14:33:31.778121 [debug] [Thread-4 (]: On test.funding_rate_analytics.not_null_stg_funding_events_funding_rate_annualized_pct.89653db3eb: Close
[0m14:33:31.778376 [info ] [Thread-4 (]: 4 of 7 PASS not_null_stg_funding_events_funding_rate_annualized_pct ............ [[32mPASS[0m in 0.08s]
[0m14:33:31.778580 [debug] [Thread-4 (]: Finished running node test.funding_rate_analytics.not_null_stg_funding_events_funding_rate_annualized_pct.89653db3eb
[0m14:33:31.806899 [debug] [Thread-2 (]: SQL status: SELECT 1 in 0.094 seconds
[0m14:33:31.807561 [debug] [Thread-2 (]: On test.funding_rate_analytics.dbt_utils_accepted_range_stg_funding_events_funding_rate_annualized_pct__True__1000___3000.88ff2d9413: ROLLBACK
[0m14:33:31.808000 [debug] [Thread-2 (]: On test.funding_rate_analytics.dbt_utils_accepted_range_stg_funding_events_funding_rate_annualized_pct__True__1000___3000.88ff2d9413: Close
[0m14:33:31.808255 [info ] [Thread-2 (]: 2 of 7 PASS dbt_utils_accepted_range_stg_funding_events_funding_rate_annualized_pct__True__1000___3000  [[32mPASS[0m in 0.11s]
[0m14:33:31.808459 [debug] [Thread-2 (]: Finished running node test.funding_rate_analytics.dbt_utils_accepted_range_stg_funding_events_funding_rate_annualized_pct__True__1000___3000.88ff2d9413
[0m14:33:31.825488 [debug] [Thread-3 (]: SQL status: SELECT 1 in 0.082 seconds
[0m14:33:31.826126 [debug] [Thread-3 (]: On test.funding_rate_analytics.not_null_stg_funding_events_symbol.979ec2bdf0: ROLLBACK
[0m14:33:31.826565 [debug] [Thread-3 (]: On test.funding_rate_analytics.not_null_stg_funding_events_symbol.979ec2bdf0: Close
[0m14:33:31.826811 [info ] [Thread-3 (]: 6 of 7 PASS not_null_stg_funding_events_symbol ................................. [[32mPASS[0m in 0.09s]
[0m14:33:31.827014 [debug] [Thread-3 (]: Finished running node test.funding_rate_analytics.not_null_stg_funding_events_symbol.979ec2bdf0
[0m14:33:31.844332 [debug] [Thread-1 (]: SQL status: SELECT 1 in 0.076 seconds
[0m14:33:31.844955 [debug] [Thread-1 (]: On test.funding_rate_analytics.not_null_stg_funding_events_venue.e2f31a7991: ROLLBACK
[0m14:33:31.845490 [debug] [Thread-1 (]: On test.funding_rate_analytics.not_null_stg_funding_events_venue.e2f31a7991: Close
[0m14:33:31.845730 [info ] [Thread-1 (]: 7 of 7 PASS not_null_stg_funding_events_venue .................................. [[32mPASS[0m in 0.08s]
[0m14:33:31.845933 [debug] [Thread-1 (]: Finished running node test.funding_rate_analytics.not_null_stg_funding_events_venue.e2f31a7991
[0m14:33:31.846606 [debug] [MainThread]: On master: COMMIT
[0m14:33:31.846737 [debug] [MainThread]: Using postgres connection "master"
[0m14:33:31.846844 [debug] [MainThread]: On master: COMMIT
[0m14:33:31.846940 [debug] [MainThread]: Opening a new connection, currently in state closed
[0m14:33:31.852098 [debug] [MainThread]: SQL status: COMMIT in 0.005 seconds
[0m14:33:31.852229 [debug] [MainThread]: On master: Close
[0m14:33:31.852392 [debug] [MainThread]: Connection 'master' was properly closed.
[0m14:33:31.852501 [debug] [MainThread]: Connection 'test.funding_rate_analytics.not_null_stg_funding_events_venue.e2f31a7991' was properly closed.
[0m14:33:31.852605 [debug] [MainThread]: Connection 'test.funding_rate_analytics.not_null_stg_funding_events_symbol.979ec2bdf0' was properly closed.
[0m14:33:31.852699 [debug] [MainThread]: Connection 'test.funding_rate_analytics.not_null_stg_funding_events_funding_rate_annualized_pct.89653db3eb' was properly closed.
[0m14:33:31.852787 [debug] [MainThread]: Connection 'test.funding_rate_analytics.dbt_utils_accepted_range_stg_funding_events_funding_rate_annualized_pct__True__1000___3000.88ff2d9413' was properly closed.
[0m14:33:31.852911 [info ] [MainThread]: 
[0m14:33:31.853032 [info ] [MainThread]: Finished running 7 data tests in 0 hours 0 minutes and 0.28 seconds (0.28s).
[0m14:33:31.853512 [debug] [MainThread]: Command end result
[0m14:33:31.867728 [debug] [MainThread]: Wrote artifact WritableManifest to /Users/nformenton/Dev/funding-rate-analytics/dbt/target/manifest.json
[0m14:33:31.869622 [debug] [MainThread]: Wrote artifact SemanticManifest to /Users/nformenton/Dev/funding-rate-analytics/dbt/target/semantic_manifest.json
[0m14:33:31.871124 [debug] [MainThread]: Wrote artifact OsiDocument to /Users/nformenton/Dev/funding-rate-analytics/dbt/target/osi_document.json
[0m14:33:31.874655 [debug] [MainThread]: Wrote artifact RunExecutionResult to /Users/nformenton/Dev/funding-rate-analytics/dbt/target/run_results.json
[0m14:33:31.874788 [info ] [MainThread]: 
[0m14:33:31.874933 [info ] [MainThread]: [32mCompleted successfully[0m
[0m14:33:31.875044 [info ] [MainThread]: 
[0m14:33:31.875167 [info ] [MainThread]: Done. PASS=7 WARN=0 ERROR=0 SKIP=0 NO-OP=0 REUSED=0 TOTAL=7
[0m14:33:31.876983 [debug] [MainThread]: Resource report: {"command_name": "test", "command_success": true, "command_wall_clock_time": 0.66623914, "process_in_blocks": "0", "process_kernel_time": 0.166721, "process_mem_max_rss": "168689664", "process_out_blocks": "0", "process_user_time": 0.915011}
[0m14:33:31.877170 [debug] [MainThread]: Command `dbt test` succeeded at 14:33:31.877133 after 0.67 seconds
[0m14:33:31.877319 [debug] [MainThread]: Sending event: {'category': 'dbt', 'action': 'invocation', 'label': 'end', 'context': [<snowplow_tracker.self_describing_json.SelfDescribingJson object at 0x10f7fe390>, <snowplow_tracker.self_describing_json.SelfDescribingJson object at 0x10fbab070>, <snowplow_tracker.self_describing_json.SelfDescribingJson object at 0x10fbab280>]}
[0m14:33:31.877460 [debug] [MainThread]: Flushing usage events
[0m14:33:32.456213 [debug] [MainThread]: An error was encountered while trying to flush usage events
[0m14:36:01.927867 [debug] [MainThread]: Sending event: {'category': 'dbt', 'action': 'invocation', 'label': 'start', 'context': [<snowplow_tracker.self_describing_json.SelfDescribingJson object at 0x10ab782f0>, <snowplow_tracker.self_describing_json.SelfDescribingJson object at 0x10c0b6ad0>, <snowplow_tracker.self_describing_json.SelfDescribingJson object at 0x10c0b6c10>]}


============================== 14:36:01.931100 | 792f7f87-0e65-4410-b0bc-80dfe43974fd ==============================
[0m14:36:01.931100 [info ] [MainThread]: Running with dbt=1.12.0-b2
[0m14:36:01.931332 [debug] [MainThread]: running dbt with arguments {'invocation_command': "dbt run-operation run_query --args {sql: 'DROP TABLE IF EXISTS marts.mart_hourly_funding CASCADE; DROP TABLE IF EXISTS marts.mart_daily_funding CASCADE; DROP TABLE IF EXISTS marts.mart_venue_comparison CASCADE;'}", 'send_anonymous_usage_stats': 'True', 'maximum_seed_size_mib': '1', 'empty': 'None', 'version_check': 'True', 'cache_selected_only': 'False', 'use_colors': 'True', 'use_experimental_parser': 'False', 'no_print': 'None', 'fail_fast': 'False', 'log_cache_events': 'False', 'target_path': 'None', 'indirect_selection': 'eager', 'warn_error_options': 'WarnErrorOptionsV2(error=[], warn=[], silence=[])', 'static_parser': 'True', 'log_format': 'default', 'warn_error': 'None', 'log_path': '/Users/nformenton/Dev/funding-rate-analytics/dbt/logs', 'introspect': 'True', 'partial_parse': 'True', 'write_json': 'True', 'debug': 'False', 'printer_width': '80', 'quiet': 'False', 'profiles_dir': '/Users/nformenton/Dev/funding-rate-analytics/dbt'}
[0m14:36:02.020406 [debug] [MainThread]: Sending event: {'category': 'dbt', 'action': 'project_id', 'label': '792f7f87-0e65-4410-b0bc-80dfe43974fd', 'context': [<snowplow_tracker.self_describing_json.SelfDescribingJson object at 0x10c1509d0>]}
[0m14:36:02.044367 [debug] [MainThread]: Sending event: {'category': 'dbt', 'action': 'adapter_info', 'label': '792f7f87-0e65-4410-b0bc-80dfe43974fd', 'context': [<snowplow_tracker.self_describing_json.SelfDescribingJson object at 0x10c187130>]}
[0m14:36:02.045449 [info ] [MainThread]: Registered adapter: postgres=1.10.0
[0m14:36:02.088877 [debug] [MainThread]: checksum: 4028e76001202c6d79cbd6497f04f8a5167c54a3cd8d4daed1786e25b5aa8f08, vars: {}, profile: funding_rate_analytics, target: dev, version: 1.12.0b2
[0m14:36:02.207795 [debug] [MainThread]: Partial parsing enabled: 0 files deleted, 3 files added, 0 files changed.
[0m14:36:02.208071 [debug] [MainThread]: Partial parsing: added file: funding_rate_analytics://models/marts/mart_hourly_funding.sql
[0m14:36:02.208191 [debug] [MainThread]: Partial parsing: added file: funding_rate_analytics://models/marts/mart_daily_funding.sql
[0m14:36:02.208297 [debug] [MainThread]: Partial parsing: added file: funding_rate_analytics://models/marts/mart_venue_comparison.sql
[0m14:36:02.319192 [debug] [MainThread]: Sending event: {'category': 'dbt', 'action': 'load_project', 'label': '792f7f87-0e65-4410-b0bc-80dfe43974fd', 'context': [<snowplow_tracker.self_describing_json.SelfDescribingJson object at 0x10d339750>]}
[0m14:36:02.354247 [debug] [MainThread]: Wrote artifact WritableManifest to /Users/nformenton/Dev/funding-rate-analytics/dbt/target/manifest.json
[0m14:36:02.356952 [debug] [MainThread]: Wrote artifact SemanticManifest to /Users/nformenton/Dev/funding-rate-analytics/dbt/target/semantic_manifest.json
[0m14:36:02.375422 [debug] [MainThread]: Wrote artifact OsiDocument to /Users/nformenton/Dev/funding-rate-analytics/dbt/target/osi_document.json
[0m14:36:02.389777 [debug] [MainThread]: Sending event: {'category': 'dbt', 'action': 'resource_counts', 'label': '792f7f87-0e65-4410-b0bc-80dfe43974fd', 'context': [<snowplow_tracker.self_describing_json.SelfDescribingJson object at 0x10d5d7f20>]}
[0m14:36:02.389987 [info ] [MainThread]: Found 4 models, 7 data tests, 591 macros
[0m14:36:02.390112 [debug] [MainThread]: Sending event: {'category': 'dbt', 'action': 'runnable_timing', 'label': '792f7f87-0e65-4410-b0bc-80dfe43974fd', 'context': [<snowplow_tracker.self_describing_json.SelfDescribingJson object at 0x10d6643d0>]}
[0m14:36:02.390329 [debug] [MainThread]: Acquiring new postgres connection 'macro_run_query'
[0m14:36:02.390445 [debug] [MainThread]: On macro_run_query: COMMIT
[0m14:36:02.390542 [debug] [MainThread]: Using postgres connection "macro_run_query"
[0m14:36:02.390633 [debug] [MainThread]: On macro_run_query: COMMIT
[0m14:36:02.390725 [debug] [MainThread]: Opening a new connection, currently in state init
[0m14:36:02.436674 [debug] [MainThread]: SQL status: COMMIT in 0.046 seconds
[0m14:36:02.507411 [debug] [MainThread]: Using postgres connection "macro_run_query"
[0m14:36:02.507628 [debug] [MainThread]: On macro_run_query: /* {"app": "dbt", "dbt_version": "1.12.0b2", "profile_name": "funding_rate_analytics", "target_name": "dev", "connection_name": "macro_run_query"} */

    DROP TABLE IF EXISTS marts.mart_hourly_funding CASCADE; DROP TABLE IF EXISTS marts.mart_daily_funding CASCADE; DROP TABLE IF EXISTS marts.mart_venue_comparison CASCADE;
  
[0m14:36:02.521436 [debug] [MainThread]: SQL status: DROP TABLE in 0.014 seconds
[0m14:36:02.521883 [debug] [MainThread]: On macro_run_query: Close
[0m14:36:02.525560 [debug] [MainThread]: Wrote artifact RunResultsArtifact to /Users/nformenton/Dev/funding-rate-analytics/dbt/target/run_results.json
[0m14:36:02.527358 [debug] [MainThread]: Resource report: {"command_name": "run-operation", "command_success": true, "command_wall_clock_time": 0.6727851, "process_in_blocks": "0", "process_kernel_time": 0.190828, "process_mem_max_rss": "170082304", "process_out_blocks": "0", "process_user_time": 0.902966}
[0m14:36:02.527580 [debug] [MainThread]: Command `dbt run-operation` succeeded at 14:36:02.527536 after 0.67 seconds
[0m14:36:02.527710 [debug] [MainThread]: Connection 'macro_run_query' was properly closed.
[0m14:36:02.527837 [debug] [MainThread]: Sending event: {'category': 'dbt', 'action': 'invocation', 'label': 'end', 'context': [<snowplow_tracker.self_describing_json.SelfDescribingJson object at 0x10bf1e000>, <snowplow_tracker.self_describing_json.SelfDescribingJson object at 0x10d5be510>, <snowplow_tracker.self_describing_json.SelfDescribingJson object at 0x10d5be750>]}
[0m14:36:02.527974 [debug] [MainThread]: Flushing usage events
[0m14:36:03.318706 [debug] [MainThread]: An error was encountered while trying to flush usage events
[0m14:36:27.091502 [debug] [MainThread]: Sending event: {'category': 'dbt', 'action': 'invocation', 'label': 'start', 'context': [<snowplow_tracker.self_describing_json.SelfDescribingJson object at 0x10b2d82f0>, <snowplow_tracker.self_describing_json.SelfDescribingJson object at 0x10c886710>, <snowplow_tracker.self_describing_json.SelfDescribingJson object at 0x10c886990>]}


============================== 14:36:27.094366 | b8040d75-6f6b-45de-abcf-966d604418a1 ==============================
[0m14:36:27.094366 [info ] [MainThread]: Running with dbt=1.12.0-b2
[0m14:36:27.094622 [debug] [MainThread]: running dbt with arguments {'debug': 'False', 'fail_fast': 'False', 'static_parser': 'True', 'indirect_selection': 'eager', 'log_path': '/Users/nformenton/Dev/funding-rate-analytics/dbt/logs', 'no_print': 'None', 'printer_width': '80', 'log_format': 'default', 'invocation_command': 'dbt run', 'empty': 'False', 'partial_parse': 'True', 'warn_error_options': 'WarnErrorOptionsV2(error=[], warn=[], silence=[])', 'send_anonymous_usage_stats': 'True', 'target_path': 'None', 'cache_selected_only': 'False', 'warn_error': 'None', 'use_experimental_parser': 'False', 'introspect': 'True', 'profiles_dir': '/Users/nformenton/Dev/funding-rate-analytics/dbt', 'maximum_seed_size_mib': '1', 'log_cache_events': 'False', 'quiet': 'False', 'write_json': 'True', 'version_check': 'True', 'use_colors': 'True'}
[0m14:36:27.198029 [debug] [MainThread]: Sending event: {'category': 'dbt', 'action': 'project_id', 'label': 'b8040d75-6f6b-45de-abcf-966d604418a1', 'context': [<snowplow_tracker.self_describing_json.SelfDescribingJson object at 0x10c831e00>]}
[0m14:36:27.221315 [debug] [MainThread]: Sending event: {'category': 'dbt', 'action': 'adapter_info', 'label': 'b8040d75-6f6b-45de-abcf-966d604418a1', 'context': [<snowplow_tracker.self_describing_json.SelfDescribingJson object at 0x10935af10>]}
[0m14:36:27.222983 [info ] [MainThread]: Registered adapter: postgres=1.10.0
[0m14:36:27.264218 [debug] [MainThread]: checksum: 4028e76001202c6d79cbd6497f04f8a5167c54a3cd8d4daed1786e25b5aa8f08, vars: {}, profile: funding_rate_analytics, target: dev, version: 1.12.0b2
[0m14:36:27.378593 [debug] [MainThread]: Partial parsing enabled: 0 files deleted, 0 files added, 0 files changed.
[0m14:36:27.378814 [debug] [MainThread]: Nothing changed, skipping partial parsing.
[0m14:36:27.378920 [debug] [MainThread]: Partial parsing enabled, no changes found, skipping parsing
[0m14:36:27.395150 [debug] [MainThread]: Sending event: {'category': 'dbt', 'action': 'load_project', 'label': 'b8040d75-6f6b-45de-abcf-966d604418a1', 'context': [<snowplow_tracker.self_describing_json.SelfDescribingJson object at 0x10d986450>]}
[0m14:36:27.434636 [debug] [MainThread]: Wrote artifact WritableManifest to /Users/nformenton/Dev/funding-rate-analytics/dbt/target/manifest.json
[0m14:36:27.437100 [debug] [MainThread]: Wrote artifact SemanticManifest to /Users/nformenton/Dev/funding-rate-analytics/dbt/target/semantic_manifest.json
[0m14:36:27.455459 [debug] [MainThread]: Wrote artifact OsiDocument to /Users/nformenton/Dev/funding-rate-analytics/dbt/target/osi_document.json
[0m14:36:27.463669 [debug] [MainThread]: Sending event: {'category': 'dbt', 'action': 'resource_counts', 'label': 'b8040d75-6f6b-45de-abcf-966d604418a1', 'context': [<snowplow_tracker.self_describing_json.SelfDescribingJson object at 0x10dc18d70>]}
[0m14:36:27.463897 [info ] [MainThread]: Found 4 models, 7 data tests, 591 macros
[0m14:36:27.464037 [debug] [MainThread]: Sending event: {'category': 'dbt', 'action': 'runnable_timing', 'label': 'b8040d75-6f6b-45de-abcf-966d604418a1', 'context': [<snowplow_tracker.self_describing_json.SelfDescribingJson object at 0x10dbf20b0>]}
[0m14:36:27.464993 [info ] [MainThread]: 
[0m14:36:27.465157 [info ] [MainThread]: Concurrency: 4 threads (target='dev')
[0m14:36:27.465267 [info ] [MainThread]: 
[0m14:36:27.465499 [debug] [MainThread]: Acquiring new postgres connection 'master'
[0m14:36:27.467209 [debug] [ThreadPool]: Acquiring new postgres connection 'list_funding_rates'
[0m14:36:27.467441 [debug] [ThreadPool]: Acquiring new postgres connection 'list_funding_rates'
[0m14:36:27.541273 [debug] [ThreadPool]: Using postgres connection "list_funding_rates"
[0m14:36:27.541637 [debug] [ThreadPool]: On list_funding_rates: /* {"app": "dbt", "dbt_version": "1.12.0b2", "profile_name": "funding_rate_analytics", "target_name": "dev", "connection_name": "list_funding_rates"} */

    select distinct nspname from pg_namespace
  
[0m14:36:27.541765 [debug] [ThreadPool]: Opening a new connection, currently in state init
[0m14:36:27.541486 [debug] [ThreadPool]: Using postgres connection "list_funding_rates"
[0m14:36:27.542654 [debug] [ThreadPool]: On list_funding_rates: /* {"app": "dbt", "dbt_version": "1.12.0b2", "profile_name": "funding_rate_analytics", "target_name": "dev", "connection_name": "list_funding_rates"} */

    select distinct nspname from pg_namespace
  
[0m14:36:27.542777 [debug] [ThreadPool]: Opening a new connection, currently in state init
[0m14:36:27.590348 [debug] [ThreadPool]: SQL status: SELECT 8 in 0.049 seconds
[0m14:36:27.591154 [debug] [ThreadPool]: On list_funding_rates: Close
[0m14:36:27.590585 [debug] [ThreadPool]: SQL status: SELECT 8 in 0.048 seconds
[0m14:36:27.591613 [debug] [ThreadPool]: On list_funding_rates: Close
[0m14:36:27.592133 [debug] [ThreadPool]: Re-using an available connection from the pool (formerly list_funding_rates, now create_funding_rates_staging_marts)
[0m14:36:27.592321 [debug] [ThreadPool]: Creating schema "database: "funding_rates"
schema: "staging_marts"
"
[0m14:36:27.594527 [debug] [ThreadPool]: Using postgres connection "create_funding_rates_staging_marts"
[0m14:36:27.594671 [debug] [ThreadPool]: On create_funding_rates_staging_marts: /* {"app": "dbt", "dbt_version": "1.12.0b2", "profile_name": "funding_rate_analytics", "target_name": "dev", "connection_name": "create_funding_rates_staging_marts"} */
create schema if not exists "staging_marts"
[0m14:36:27.594778 [debug] [ThreadPool]: Opening a new connection, currently in state closed
[0m14:36:27.606965 [debug] [ThreadPool]: SQL status: CREATE SCHEMA in 0.012 seconds
[0m14:36:27.607360 [debug] [ThreadPool]: On create_funding_rates_staging_marts: COMMIT
[0m14:36:27.607493 [debug] [ThreadPool]: Using postgres connection "create_funding_rates_staging_marts"
[0m14:36:27.607602 [debug] [ThreadPool]: On create_funding_rates_staging_marts: COMMIT
[0m14:36:27.608751 [debug] [ThreadPool]: SQL status: COMMIT in 0.001 seconds
[0m14:36:27.609076 [debug] [ThreadPool]: On create_funding_rates_staging_marts: Close
[0m14:36:27.609680 [debug] [ThreadPool]: Re-using an available connection from the pool (formerly create_funding_rates_staging_marts, now list_funding_rates_staging_staging)
[0m14:36:27.612370 [debug] [ThreadPool]: Using postgres connection "list_funding_rates_staging_staging"
[0m14:36:27.612697 [debug] [ThreadPool]: On list_funding_rates_staging_staging: /* {"app": "dbt", "dbt_version": "1.12.0b2", "profile_name": "funding_rate_analytics", "target_name": "dev", "connection_name": "list_funding_rates_staging_staging"} */
select
      'funding_rates' as database,
      tablename as name,
      schemaname as schema,
      'table' as type
    from pg_tables
    where schemaname ilike 'staging_staging'
    union all
    select
      'funding_rates' as database,
      viewname as name,
      schemaname as schema,
      'view' as type
    from pg_views
    where schemaname ilike 'staging_staging'
    union all
    select
      'funding_rates' as database,
      matviewname as name,
      schemaname as schema,
      'materialized_view' as type
    from pg_matviews
    where schemaname ilike 'staging_staging'
  
[0m14:36:27.612856 [debug] [ThreadPool]: Opening a new connection, currently in state closed
[0m14:36:27.612554 [debug] [ThreadPool]: Re-using an available connection from the pool (formerly list_funding_rates, now list_funding_rates_staging_marts)
[0m14:36:27.613551 [debug] [ThreadPool]: Using postgres connection "list_funding_rates_staging_marts"
[0m14:36:27.613692 [debug] [ThreadPool]: On list_funding_rates_staging_marts: /* {"app": "dbt", "dbt_version": "1.12.0b2", "profile_name": "funding_rate_analytics", "target_name": "dev", "connection_name": "list_funding_rates_staging_marts"} */
select
      'funding_rates' as database,
      tablename as name,
      schemaname as schema,
      'table' as type
    from pg_tables
    where schemaname ilike 'staging_marts'
    union all
    select
      'funding_rates' as database,
      viewname as name,
      schemaname as schema,
      'view' as type
    from pg_views
    where schemaname ilike 'staging_marts'
    union all
    select
      'funding_rates' as database,
      matviewname as name,
      schemaname as schema,
      'materialized_view' as type
    from pg_matviews
    where schemaname ilike 'staging_marts'
  
[0m14:36:27.613831 [debug] [ThreadPool]: Opening a new connection, currently in state closed
[0m14:36:27.625385 [debug] [ThreadPool]: SQL status: SELECT 0 in 0.012 seconds
[0m14:36:27.625933 [debug] [ThreadPool]: On list_funding_rates_staging_marts: ROLLBACK
[0m14:36:27.625539 [debug] [ThreadPool]: SQL status: SELECT 1 in 0.013 seconds
[0m14:36:27.626350 [debug] [ThreadPool]: On list_funding_rates_staging_staging: ROLLBACK
[0m14:36:27.626455 [debug] [ThreadPool]: On list_funding_rates_staging_marts: Close
[0m14:36:27.626894 [debug] [ThreadPool]: On list_funding_rates_staging_staging: Close
[0m14:36:27.628833 [debug] [MainThread]: Using postgres connection "master"
[0m14:36:27.629032 [debug] [MainThread]: On master: /* {"app": "dbt", "dbt_version": "1.12.0b2", "profile_name": "funding_rate_analytics", "target_name": "dev", "connection_name": "master"} */
select distinct
        dependent_namespace.nspname as dependent_schema,
        dependent_class.relname as dependent_name,
        referenced_namespace.nspname as referenced_schema,
        referenced_class.relname as referenced_name

    -- Query for views: views are entries in pg_class with an entry in pg_rewrite, but we avoid
    -- a seq scan on pg_rewrite by leveraging the fact there is an "internal" row in pg_depend for
    -- the view...
    from pg_class as dependent_class
    join pg_namespace as dependent_namespace on dependent_namespace.oid = dependent_class.relnamespace
    join pg_depend as dependent_depend on dependent_depend.refobjid = dependent_class.oid
        and dependent_depend.classid = 'pg_rewrite'::regclass
        and dependent_depend.refclassid = 'pg_class'::regclass
        and dependent_depend.deptype = 'i'

    -- ... and via pg_depend (that has a row per column, hence the need for "distinct" above, and
    -- making sure to exclude the internal row to avoid a view appearing to depend on itself)...
    join pg_depend as joining_depend on joining_depend.objid = dependent_depend.objid
        and joining_depend.classid = 'pg_rewrite'::regclass
        and joining_depend.refclassid = 'pg_class'::regclass
        and joining_depend.refobjid != dependent_depend.refobjid

    -- ... we can find the tables they query from in pg_class, but excluding system tables. Note we
    -- don't need need to exclude _dependent_ system tables, because they only query from other
    -- system tables, and so are automatically excluded by excluding _referenced_ system tables
    join pg_class as referenced_class on referenced_class.oid = joining_depend.refobjid
    join pg_namespace as referenced_namespace on referenced_namespace.oid = referenced_class.relnamespace
        and referenced_namespace.nspname != 'information_schema'
        and referenced_namespace.nspname not like 'pg\_%'

    order by
        dependent_schema, dependent_name, referenced_schema, referenced_name;
[0m14:36:27.629186 [debug] [MainThread]: Opening a new connection, currently in state init
[0m14:36:27.637623 [debug] [MainThread]: SQL status: SELECT 8 in 0.008 seconds
[0m14:36:27.638154 [debug] [MainThread]: Sending event: {'category': 'dbt', 'action': 'runnable_timing', 'label': 'b8040d75-6f6b-45de-abcf-966d604418a1', 'context': [<snowplow_tracker.self_describing_json.SelfDescribingJson object at 0x10def9a50>]}
[0m14:36:27.638338 [debug] [MainThread]: On master: ROLLBACK
[0m14:36:27.638729 [debug] [MainThread]: On master: COMMIT
[0m14:36:27.638831 [debug] [MainThread]: Using postgres connection "master"
[0m14:36:27.638945 [debug] [MainThread]: On master: COMMIT
[0m14:36:27.639607 [debug] [MainThread]: SQL status: COMMIT in 0.001 seconds
[0m14:36:27.639709 [debug] [MainThread]: On master: Close
[0m14:36:27.641664 [debug] [Thread-1 (]: Began running node model.funding_rate_analytics.stg_funding_events
[0m14:36:27.641874 [info ] [Thread-1 (]: 1 of 4 START sql view model staging_staging.stg_funding_events ................. [RUN]
[0m14:36:27.642048 [debug] [Thread-1 (]: Re-using an available connection from the pool (formerly list_funding_rates_staging_staging, now model.funding_rate_analytics.stg_funding_events)
[0m14:36:27.642192 [debug] [Thread-1 (]: Began compiling node model.funding_rate_analytics.stg_funding_events
[0m14:36:27.644585 [debug] [Thread-1 (]: Writing injected SQL for node "model.funding_rate_analytics.stg_funding_events"
[0m14:36:27.645064 [debug] [Thread-1 (]: Began executing node model.funding_rate_analytics.stg_funding_events
[0m14:36:27.657942 [debug] [Thread-1 (]: Writing runtime sql for node "model.funding_rate_analytics.stg_funding_events"
[0m14:36:27.658563 [debug] [Thread-1 (]: Using postgres connection "model.funding_rate_analytics.stg_funding_events"
[0m14:36:27.658741 [debug] [Thread-1 (]: On model.funding_rate_analytics.stg_funding_events: /* {"app": "dbt", "dbt_version": "1.12.0b2", "profile_name": "funding_rate_analytics", "target_name": "dev", "node_id": "model.funding_rate_analytics.stg_funding_events"} */

  create view "funding_rates"."staging_staging"."stg_funding_events__dbt_tmp"
    
    
  as (
    -- Binance: 8h, decimal rate
SELECT
    'binance' AS venue,
    symbol,
    CASE WHEN symbol IN ('BTCUSDT','ETHUSDT','SOLUSDT') THEN 'crypto' ELSE 'equity' END AS asset_class,
    ts AS interval_start,
    8 AS interval_hours,
    funding_rate AS funding_rate_raw,
    funding_rate * 3 * 365 * 100 AS funding_rate_annualized_pct,
    mark_price,
    index_price,
    CASE WHEN index_price > 0 THEN (mark_price - index_price) / index_price * 10000 ELSE NULL END AS premium_bps,
    NOW() AS _loaded_at
FROM raw.funding_binance

UNION ALL

-- Hyperliquid: hourly, decimal rate
SELECT
    'hyperliquid' AS venue,
    coin AS symbol,
    'crypto' AS asset_class,
    ts AS interval_start,
    1 AS interval_hours,
    funding_rate AS funding_rate_raw,
    funding_rate * 24 * 365 * 100 AS funding_rate_annualized_pct,
    mark_price,
    NULL AS index_price,
    NULL AS premium_bps,
    NOW() AS _loaded_at
FROM raw.funding_hyperliquid

UNION ALL

-- Deribit: 8h, percentage interest
SELECT
    'deribit' AS venue,
    REPLACE(instrument_name, '-PERPETUAL', '') || 'USDT' AS symbol,
    'crypto' AS asset_class,
    ts AS interval_start,
    8 AS interval_hours,
    interest_8h AS funding_rate_raw,
    interest_8h / 100 * 3 * 365 AS funding_rate_annualized_pct,
    mark_price,
    index_price,
    CASE WHEN index_price > 0 THEN (mark_price - index_price) / index_price * 10000 ELSE NULL END AS premium_bps,
    NOW() AS _loaded_at
FROM raw.funding_deribit

UNION ALL

-- Equity perps: variable intervals
SELECT
    venue,
    symbol,
    'equity' AS asset_class,
    ts AS interval_start,
    funding_interval_hours,
    funding_rate AS funding_rate_raw,
    CASE
        WHEN funding_interval_hours > 0
        THEN funding_rate * (24.0 / funding_interval_hours) * 365 * 100
        ELSE NULL
    END AS funding_rate_annualized_pct,
    mark_price,
    index_price,
    CASE WHEN index_price > 0 THEN (mark_price - index_price) / index_price * 10000 ELSE NULL END AS premium_bps,
    NOW() AS _loaded_at
FROM raw.funding_equity_perps
  );
[0m14:36:27.658905 [debug] [Thread-1 (]: Opening a new connection, currently in state closed
[0m14:36:27.670107 [debug] [Thread-1 (]: SQL status: CREATE VIEW in 0.011 seconds
[0m14:36:27.672676 [debug] [Thread-1 (]: Using postgres connection "model.funding_rate_analytics.stg_funding_events"
[0m14:36:27.672842 [debug] [Thread-1 (]: On model.funding_rate_analytics.stg_funding_events: /* {"app": "dbt", "dbt_version": "1.12.0b2", "profile_name": "funding_rate_analytics", "target_name": "dev", "node_id": "model.funding_rate_analytics.stg_funding_events"} */
alter table "funding_rates"."staging_staging"."stg_funding_events" rename to "stg_funding_events__dbt_backup"
[0m14:36:27.673624 [debug] [Thread-1 (]: SQL status: ALTER TABLE in 0.001 seconds
[0m14:36:27.674784 [debug] [Thread-1 (]: Using postgres connection "model.funding_rate_analytics.stg_funding_events"
[0m14:36:27.674913 [debug] [Thread-1 (]: On model.funding_rate_analytics.stg_funding_events: /* {"app": "dbt", "dbt_version": "1.12.0b2", "profile_name": "funding_rate_analytics", "target_name": "dev", "node_id": "model.funding_rate_analytics.stg_funding_events"} */
alter table "funding_rates"."staging_staging"."stg_funding_events__dbt_tmp" rename to "stg_funding_events"
[0m14:36:27.675616 [debug] [Thread-1 (]: SQL status: ALTER TABLE in 0.001 seconds
[0m14:36:27.681974 [debug] [Thread-1 (]: On model.funding_rate_analytics.stg_funding_events: COMMIT
[0m14:36:27.682116 [debug] [Thread-1 (]: Using postgres connection "model.funding_rate_analytics.stg_funding_events"
[0m14:36:27.682235 [debug] [Thread-1 (]: On model.funding_rate_analytics.stg_funding_events: COMMIT
[0m14:36:27.683847 [debug] [Thread-1 (]: SQL status: COMMIT in 0.001 seconds
[0m14:36:27.686668 [debug] [Thread-1 (]: Applying DROP to: "funding_rates"."staging_staging"."stg_funding_events__dbt_backup"
[0m14:36:27.688286 [debug] [Thread-1 (]: Using postgres connection "model.funding_rate_analytics.stg_funding_events"
[0m14:36:27.688429 [debug] [Thread-1 (]: On model.funding_rate_analytics.stg_funding_events: /* {"app": "dbt", "dbt_version": "1.12.0b2", "profile_name": "funding_rate_analytics", "target_name": "dev", "node_id": "model.funding_rate_analytics.stg_funding_events"} */
drop view if exists "funding_rates"."staging_staging"."stg_funding_events__dbt_backup" cascade
[0m14:36:27.691569 [debug] [Thread-1 (]: SQL status: DROP VIEW in 0.003 seconds
[0m14:36:27.692455 [debug] [Thread-1 (]: On model.funding_rate_analytics.stg_funding_events: Close
[0m14:36:27.693469 [debug] [Thread-1 (]: Sending event: {'category': 'dbt', 'action': 'run_model', 'label': 'b8040d75-6f6b-45de-abcf-966d604418a1', 'context': [<snowplow_tracker.self_describing_json.SelfDescribingJson object at 0x10dc337d0>]}
[0m14:36:27.693690 [info ] [Thread-1 (]: 1 of 4 OK created sql view model staging_staging.stg_funding_events ............ [[32mCREATE VIEW[0m in 0.05s]
[0m14:36:27.693886 [debug] [Thread-1 (]: Finished running node model.funding_rate_analytics.stg_funding_events
[0m14:36:27.694251 [debug] [Thread-2 (]: Began running node model.funding_rate_analytics.mart_daily_funding
[0m14:36:27.694578 [info ] [Thread-2 (]: 2 of 4 START sql table model staging_marts.mart_daily_funding .................. [RUN]
[0m14:36:27.694748 [debug] [Thread-2 (]: Re-using an available connection from the pool (formerly list_funding_rates_staging_marts, now model.funding_rate_analytics.mart_daily_funding)
[0m14:36:27.694887 [debug] [Thread-2 (]: Began compiling node model.funding_rate_analytics.mart_daily_funding
[0m14:36:27.695905 [debug] [Thread-2 (]: Writing injected SQL for node "model.funding_rate_analytics.mart_daily_funding"
[0m14:36:27.694404 [debug] [Thread-3 (]: Began running node model.funding_rate_analytics.mart_hourly_funding
[0m14:36:27.696096 [info ] [Thread-3 (]: 3 of 4 START sql table model staging_marts.mart_hourly_funding ................. [RUN]
[0m14:36:27.696300 [debug] [Thread-3 (]: Acquiring new postgres connection 'model.funding_rate_analytics.mart_hourly_funding'
[0m14:36:27.696433 [debug] [Thread-3 (]: Began compiling node model.funding_rate_analytics.mart_hourly_funding
[0m14:36:27.697308 [debug] [Thread-3 (]: Writing injected SQL for node "model.funding_rate_analytics.mart_hourly_funding"
[0m14:36:27.697507 [debug] [Thread-2 (]: Began executing node model.funding_rate_analytics.mart_daily_funding
[0m14:36:27.705684 [debug] [Thread-2 (]: Writing runtime sql for node "model.funding_rate_analytics.mart_daily_funding"
[0m14:36:27.705893 [debug] [Thread-3 (]: Began executing node model.funding_rate_analytics.mart_hourly_funding
[0m14:36:27.709002 [debug] [Thread-3 (]: Writing runtime sql for node "model.funding_rate_analytics.mart_hourly_funding"
[0m14:36:27.709371 [debug] [Thread-3 (]: Using postgres connection "model.funding_rate_analytics.mart_hourly_funding"
[0m14:36:27.709688 [debug] [Thread-3 (]: On model.funding_rate_analytics.mart_hourly_funding: /* {"app": "dbt", "dbt_version": "1.12.0b2", "profile_name": "funding_rate_analytics", "target_name": "dev", "node_id": "model.funding_rate_analytics.mart_hourly_funding"} */

  
    

  create  table "funding_rates"."staging_marts"."mart_hourly_funding__dbt_tmp"
  
  
    as
  
  (
    SELECT
    venue,
    symbol,
    asset_class,
    DATE_TRUNC('hour', interval_start) AS hour_start,
    AVG(funding_rate_annualized_pct) * 100 AS avg_rate_bps,
    MIN(funding_rate_annualized_pct) * 100 AS min_rate_bps,
    MAX(funding_rate_annualized_pct) * 100 AS max_rate_bps,
    STDDEV(funding_rate_annualized_pct) * 100 AS rate_stddev,
    COUNT(*) AS sample_count,
    AVG(premium_bps) AS avg_premium_bps,
    AVG(mark_price) AS avg_mark_price,
    AVG(index_price) AS avg_index_price
FROM "funding_rates"."staging_staging"."stg_funding_events"
WHERE funding_rate_annualized_pct IS NOT NULL
GROUP BY 1, 2, 3, 4
  );
  
[0m14:36:27.709835 [debug] [Thread-3 (]: Opening a new connection, currently in state init
[0m14:36:27.709530 [debug] [Thread-2 (]: Using postgres connection "model.funding_rate_analytics.mart_daily_funding"
[0m14:36:27.710031 [debug] [Thread-2 (]: On model.funding_rate_analytics.mart_daily_funding: /* {"app": "dbt", "dbt_version": "1.12.0b2", "profile_name": "funding_rate_analytics", "target_name": "dev", "node_id": "model.funding_rate_analytics.mart_daily_funding"} */

  
    

  create  table "funding_rates"."staging_marts"."mart_daily_funding__dbt_tmp"
  
  
    as
  
  (
    SELECT
    venue,
    symbol,
    asset_class,
    DATE_TRUNC('day', interval_start)::DATE AS date,
    AVG(funding_rate_annualized_pct) * 100 AS avg_rate_bps,
    MIN(funding_rate_annualized_pct) * 100 AS min_rate_bps,
    MAX(funding_rate_annualized_pct) * 100 AS max_rate_bps,
    STDDEV(funding_rate_annualized_pct) * 100 AS rate_volatility,
    AVG(premium_bps) AS avg_premium_bps,
    EXTRACT(DOW FROM DATE_TRUNC('day', interval_start)) IN (0, 6) AS is_weekend,
    AVG(funding_rate_annualized_pct) AS daily_annualized_yield_pct
FROM "funding_rates"."staging_staging"."stg_funding_events"
WHERE funding_rate_annualized_pct IS NOT NULL
GROUP BY 1, 2, 3, 4
  );
  
[0m14:36:27.710175 [debug] [Thread-2 (]: Opening a new connection, currently in state closed
[0m14:36:27.722237 [debug] [Thread-2 (]: Postgres adapter: Postgres error: column "stg_funding_events.interval_start" must appear in the GROUP BY clause or be used in an aggregate function
LINE 22:     EXTRACT(DOW FROM DATE_TRUNC('day', interval_start)) IN (...
                                                ^

[0m14:36:27.722442 [debug] [Thread-2 (]: On model.funding_rate_analytics.mart_daily_funding: ROLLBACK
[0m14:36:27.723049 [debug] [Thread-2 (]: On model.funding_rate_analytics.mart_daily_funding: Close
[0m14:36:27.731212 [debug] [Thread-2 (]: Database Error in model mart_daily_funding (models/marts/mart_daily_funding.sql)
  column "stg_funding_events.interval_start" must appear in the GROUP BY clause or be used in an aggregate function
  LINE 22:     EXTRACT(DOW FROM DATE_TRUNC('day', interval_start)) IN (...
                                                  ^
  compiled code at target/run/funding_rate_analytics/models/marts/mart_daily_funding.sql
[0m14:36:27.731440 [debug] [Thread-2 (]: Sending event: {'category': 'dbt', 'action': 'run_model', 'label': 'b8040d75-6f6b-45de-abcf-966d604418a1', 'context': [<snowplow_tracker.self_describing_json.SelfDescribingJson object at 0x10e0cc5d0>]}
[0m14:36:27.731695 [error] [Thread-2 (]: 2 of 4 ERROR creating sql table model staging_marts.mart_daily_funding ......... [[31mERROR[0m in 0.04s]
[0m14:36:27.731909 [debug] [Thread-2 (]: Finished running node model.funding_rate_analytics.mart_daily_funding
[0m14:36:27.732122 [debug] [Thread-7 (]: Marking all children of 'model.funding_rate_analytics.mart_daily_funding' to be skipped because of status 'error'.  Reason: Database Error in model mart_daily_funding (models/marts/mart_daily_funding.sql)
  column "stg_funding_events.interval_start" must appear in the GROUP BY clause or be used in an aggregate function
  LINE 22:     EXTRACT(DOW FROM DATE_TRUNC('day', interval_start)) IN (...
                                                  ^
  compiled code at target/run/funding_rate_analytics/models/marts/mart_daily_funding.sql.
[0m14:36:27.732592 [debug] [Thread-4 (]: Began running node model.funding_rate_analytics.mart_venue_comparison
[0m14:36:27.732741 [info ] [Thread-4 (]: 4 of 4 SKIP relation staging_marts.mart_venue_comparison ....................... [[33mSKIP[0m]
[0m14:36:27.732889 [debug] [Thread-4 (]: Finished running node model.funding_rate_analytics.mart_venue_comparison
[0m14:36:28.492659 [debug] [Thread-3 (]: SQL status: SELECT 260956 in 0.783 seconds
[0m14:36:28.496369 [debug] [Thread-3 (]: Using postgres connection "model.funding_rate_analytics.mart_hourly_funding"
[0m14:36:28.496522 [debug] [Thread-3 (]: On model.funding_rate_analytics.mart_hourly_funding: /* {"app": "dbt", "dbt_version": "1.12.0b2", "profile_name": "funding_rate_analytics", "target_name": "dev", "node_id": "model.funding_rate_analytics.mart_hourly_funding"} */
alter table "funding_rates"."staging_marts"."mart_hourly_funding__dbt_tmp" rename to "mart_hourly_funding"
[0m14:36:28.497134 [debug] [Thread-3 (]: SQL status: ALTER TABLE in 0.000 seconds
[0m14:36:28.497627 [debug] [Thread-3 (]: On model.funding_rate_analytics.mart_hourly_funding: COMMIT
[0m14:36:28.497758 [debug] [Thread-3 (]: Using postgres connection "model.funding_rate_analytics.mart_hourly_funding"
[0m14:36:28.497925 [debug] [Thread-3 (]: On model.funding_rate_analytics.mart_hourly_funding: COMMIT
[0m14:36:28.511491 [debug] [Thread-3 (]: SQL status: COMMIT in 0.013 seconds
[0m14:36:28.512851 [debug] [Thread-3 (]: Applying DROP to: "funding_rates"."staging_marts"."mart_hourly_funding__dbt_backup"
[0m14:36:28.514030 [debug] [Thread-3 (]: Using postgres connection "model.funding_rate_analytics.mart_hourly_funding"
[0m14:36:28.514182 [debug] [Thread-3 (]: On model.funding_rate_analytics.mart_hourly_funding: /* {"app": "dbt", "dbt_version": "1.12.0b2", "profile_name": "funding_rate_analytics", "target_name": "dev", "node_id": "model.funding_rate_analytics.mart_hourly_funding"} */
drop table if exists "funding_rates"."staging_marts"."mart_hourly_funding__dbt_backup" cascade
[0m14:36:28.514874 [debug] [Thread-3 (]: SQL status: DROP TABLE in 0.001 seconds
[0m14:36:28.515437 [debug] [Thread-3 (]: On model.funding_rate_analytics.mart_hourly_funding: Close
[0m14:36:28.515696 [debug] [Thread-3 (]: Sending event: {'category': 'dbt', 'action': 'run_model', 'label': 'b8040d75-6f6b-45de-abcf-966d604418a1', 'context': [<snowplow_tracker.self_describing_json.SelfDescribingJson object at 0x10e0c6530>]}
[0m14:36:28.515972 [info ] [Thread-3 (]: 3 of 4 OK created sql table model staging_marts.mart_hourly_funding ............ [[32mSELECT 260956[0m in 0.82s]
[0m14:36:28.516196 [debug] [Thread-3 (]: Finished running node model.funding_rate_analytics.mart_hourly_funding
[0m14:36:28.517204 [debug] [MainThread]: On master: COMMIT
[0m14:36:28.517397 [debug] [MainThread]: Using postgres connection "master"
[0m14:36:28.517535 [debug] [MainThread]: On master: COMMIT
[0m14:36:28.517665 [debug] [MainThread]: Opening a new connection, currently in state closed
[0m14:36:28.524059 [debug] [MainThread]: SQL status: COMMIT in 0.006 seconds
[0m14:36:28.524266 [debug] [MainThread]: On master: Close
[0m14:36:28.524453 [debug] [MainThread]: Connection 'master' was properly closed.
[0m14:36:28.524561 [debug] [MainThread]: Connection 'model.funding_rate_analytics.stg_funding_events' was properly closed.
[0m14:36:28.524657 [debug] [MainThread]: Connection 'model.funding_rate_analytics.mart_daily_funding' was properly closed.
[0m14:36:28.524751 [debug] [MainThread]: Connection 'model.funding_rate_analytics.mart_hourly_funding' was properly closed.
[0m14:36:28.524902 [info ] [MainThread]: 
[0m14:36:28.525031 [info ] [MainThread]: Finished running 3 table models, 1 view model in 0 hours 0 minutes and 1.06 seconds (1.06s).
[0m14:36:28.525414 [debug] [MainThread]: Command end result
[0m14:36:28.540680 [debug] [MainThread]: Wrote artifact WritableManifest to /Users/nformenton/Dev/funding-rate-analytics/dbt/target/manifest.json
[0m14:36:28.543310 [debug] [MainThread]: Wrote artifact SemanticManifest to /Users/nformenton/Dev/funding-rate-analytics/dbt/target/semantic_manifest.json
[0m14:36:28.545213 [debug] [MainThread]: Wrote artifact OsiDocument to /Users/nformenton/Dev/funding-rate-analytics/dbt/target/osi_document.json
[0m14:36:28.548609 [debug] [MainThread]: Wrote artifact RunExecutionResult to /Users/nformenton/Dev/funding-rate-analytics/dbt/target/run_results.json
[0m14:36:28.548754 [info ] [MainThread]: 
[0m14:36:28.548902 [info ] [MainThread]: [31mCompleted with 1 error, 0 partial successes, and 0 warnings:[0m
[0m14:36:28.549023 [info ] [MainThread]: 
[0m14:36:28.549166 [error] [MainThread]: [[31mERROR[0m]: in model mart_daily_funding (models/marts/mart_daily_funding.sql)
[0m14:36:28.549303 [error] [MainThread]:   Database Error in model mart_daily_funding (models/marts/mart_daily_funding.sql)
  column "stg_funding_events.interval_start" must appear in the GROUP BY clause or be used in an aggregate function
  LINE 22:     EXTRACT(DOW FROM DATE_TRUNC('day', interval_start)) IN (...
                                                  ^
  compiled code at target/run/funding_rate_analytics/models/marts/mart_daily_funding.sql
[0m14:36:28.549410 [info ] [MainThread]: 
[0m14:36:28.549530 [info ] [MainThread]:   compiled code at target/compiled/funding_rate_analytics/models/marts/mart_daily_funding.sql
[0m14:36:28.549652 [info ] [MainThread]: 
[0m14:36:28.549792 [info ] [MainThread]: Done. PASS=2 WARN=0 ERROR=1 SKIP=1 NO-OP=0 REUSED=0 TOTAL=4
[0m14:36:28.552297 [debug] [MainThread]: Resource report: {"command_name": "run", "command_success": false, "command_wall_clock_time": 1.5044422, "process_in_blocks": "0", "process_kernel_time": 0.224014, "process_mem_max_rss": "167034880", "process_out_blocks": "0", "process_user_time": 0.956897}
[0m14:36:28.552526 [debug] [MainThread]: Command `dbt run` failed at 14:36:28.552490 after 1.50 seconds
[0m14:36:28.552701 [debug] [MainThread]: Sending event: {'category': 'dbt', 'action': 'invocation', 'label': 'end', 'context': [<snowplow_tracker.self_describing_json.SelfDescribingJson object at 0x10da23550>, <snowplow_tracker.self_describing_json.SelfDescribingJson object at 0x10da19350>, <snowplow_tracker.self_describing_json.SelfDescribingJson object at 0x10c8ab930>]}
[0m14:36:28.552846 [debug] [MainThread]: Flushing usage events
[0m14:36:29.237994 [debug] [MainThread]: An error was encountered while trying to flush usage events
[0m14:36:56.733106 [debug] [MainThread]: Sending event: {'category': 'dbt', 'action': 'invocation', 'label': 'start', 'context': [<snowplow_tracker.self_describing_json.SelfDescribingJson object at 0x10add02f0>, <snowplow_tracker.self_describing_json.SelfDescribingJson object at 0x10c37e710>, <snowplow_tracker.self_describing_json.SelfDescribingJson object at 0x10c37e990>]}


============================== 14:36:56.736043 | 9328d984-46c2-4733-9e59-f64f4ceacac7 ==============================
[0m14:36:56.736043 [info ] [MainThread]: Running with dbt=1.12.0-b2
[0m14:36:56.736294 [debug] [MainThread]: running dbt with arguments {'log_path': '/Users/nformenton/Dev/funding-rate-analytics/dbt/logs', 'static_parser': 'True', 'printer_width': '80', 'use_colors': 'True', 'quiet': 'False', 'partial_parse': 'True', 'debug': 'False', 'no_print': 'None', 'fail_fast': 'False', 'use_experimental_parser': 'False', 'invocation_command': 'dbt run', 'indirect_selection': 'eager', 'write_json': 'True', 'version_check': 'True', 'warn_error_options': 'WarnErrorOptionsV2(error=[], warn=[], silence=[])', 'log_cache_events': 'False', 'warn_error': 'None', 'send_anonymous_usage_stats': 'True', 'log_format': 'default', 'empty': 'False', 'introspect': 'True', 'maximum_seed_size_mib': '1', 'cache_selected_only': 'False', 'target_path': 'None', 'profiles_dir': '/Users/nformenton/Dev/funding-rate-analytics/dbt'}
[0m14:36:56.843532 [debug] [MainThread]: Sending event: {'category': 'dbt', 'action': 'project_id', 'label': '9328d984-46c2-4733-9e59-f64f4ceacac7', 'context': [<snowplow_tracker.self_describing_json.SelfDescribingJson object at 0x10c329e00>]}
[0m14:36:56.867010 [debug] [MainThread]: Sending event: {'category': 'dbt', 'action': 'adapter_info', 'label': '9328d984-46c2-4733-9e59-f64f4ceacac7', 'context': [<snowplow_tracker.self_describing_json.SelfDescribingJson object at 0x108e16f10>]}
[0m14:36:56.868765 [info ] [MainThread]: Registered adapter: postgres=1.10.0
[0m14:36:56.910728 [debug] [MainThread]: checksum: 4028e76001202c6d79cbd6497f04f8a5167c54a3cd8d4daed1786e25b5aa8f08, vars: {}, profile: funding_rate_analytics, target: dev, version: 1.12.0b2
[0m14:36:57.030552 [debug] [MainThread]: Partial parsing enabled: 0 files deleted, 0 files added, 1 files changed.
[0m14:36:57.030855 [debug] [MainThread]: Partial parsing: updated file: funding_rate_analytics://models/marts/mart_daily_funding.sql
[0m14:36:57.138413 [debug] [MainThread]: Sending event: {'category': 'dbt', 'action': 'load_project', 'label': '9328d984-46c2-4733-9e59-f64f4ceacac7', 'context': [<snowplow_tracker.self_describing_json.SelfDescribingJson object at 0x10d3d2e50>]}
[0m14:36:57.173199 [debug] [MainThread]: Wrote artifact WritableManifest to /Users/nformenton/Dev/funding-rate-analytics/dbt/target/manifest.json
[0m14:36:57.175510 [debug] [MainThread]: Wrote artifact SemanticManifest to /Users/nformenton/Dev/funding-rate-analytics/dbt/target/semantic_manifest.json
[0m14:36:57.193171 [debug] [MainThread]: Wrote artifact OsiDocument to /Users/nformenton/Dev/funding-rate-analytics/dbt/target/osi_document.json
[0m14:36:57.200666 [debug] [MainThread]: Sending event: {'category': 'dbt', 'action': 'resource_counts', 'label': '9328d984-46c2-4733-9e59-f64f4ceacac7', 'context': [<snowplow_tracker.self_describing_json.SelfDescribingJson object at 0x10d84d8b0>]}
[0m14:36:57.200868 [info ] [MainThread]: Found 4 models, 7 data tests, 591 macros
[0m14:36:57.201002 [debug] [MainThread]: Sending event: {'category': 'dbt', 'action': 'runnable_timing', 'label': '9328d984-46c2-4733-9e59-f64f4ceacac7', 'context': [<snowplow_tracker.self_describing_json.SelfDescribingJson object at 0x10d8c1fd0>]}
[0m14:36:57.201842 [info ] [MainThread]: 
[0m14:36:57.201980 [info ] [MainThread]: Concurrency: 4 threads (target='dev')
[0m14:36:57.202091 [info ] [MainThread]: 
[0m14:36:57.202297 [debug] [MainThread]: Acquiring new postgres connection 'master'
[0m14:36:57.204093 [debug] [ThreadPool]: Acquiring new postgres connection 'list_funding_rates'
[0m14:36:57.204468 [debug] [ThreadPool]: Acquiring new postgres connection 'list_funding_rates'
[0m14:36:57.272713 [debug] [ThreadPool]: Using postgres connection "list_funding_rates"
[0m14:36:57.273071 [debug] [ThreadPool]: On list_funding_rates: /* {"app": "dbt", "dbt_version": "1.12.0b2", "profile_name": "funding_rate_analytics", "target_name": "dev", "connection_name": "list_funding_rates"} */

    select distinct nspname from pg_namespace
  
[0m14:36:57.273198 [debug] [ThreadPool]: Opening a new connection, currently in state init
[0m14:36:57.272923 [debug] [ThreadPool]: Using postgres connection "list_funding_rates"
[0m14:36:57.273816 [debug] [ThreadPool]: On list_funding_rates: /* {"app": "dbt", "dbt_version": "1.12.0b2", "profile_name": "funding_rate_analytics", "target_name": "dev", "connection_name": "list_funding_rates"} */

    select distinct nspname from pg_namespace
  
[0m14:36:57.273931 [debug] [ThreadPool]: Opening a new connection, currently in state init
[0m14:36:57.312076 [debug] [ThreadPool]: SQL status: SELECT 9 in 0.038 seconds
[0m14:36:57.312774 [debug] [ThreadPool]: On list_funding_rates: Close
[0m14:36:57.312291 [debug] [ThreadPool]: SQL status: SELECT 9 in 0.039 seconds
[0m14:36:57.313174 [debug] [ThreadPool]: On list_funding_rates: Close
[0m14:36:57.313781 [debug] [ThreadPool]: Re-using an available connection from the pool (formerly list_funding_rates, now list_funding_rates_staging_staging)
[0m14:36:57.316157 [debug] [ThreadPool]: Using postgres connection "list_funding_rates_staging_staging"
[0m14:36:57.313975 [debug] [ThreadPool]: Re-using an available connection from the pool (formerly list_funding_rates, now list_funding_rates_staging_marts)
[0m14:36:57.317191 [debug] [ThreadPool]: Using postgres connection "list_funding_rates_staging_marts"
[0m14:36:57.317322 [debug] [ThreadPool]: On list_funding_rates_staging_marts: /* {"app": "dbt", "dbt_version": "1.12.0b2", "profile_name": "funding_rate_analytics", "target_name": "dev", "connection_name": "list_funding_rates_staging_marts"} */
select
      'funding_rates' as database,
      tablename as name,
      schemaname as schema,
      'table' as type
    from pg_tables
    where schemaname ilike 'staging_marts'
    union all
    select
      'funding_rates' as database,
      viewname as name,
      schemaname as schema,
      'view' as type
    from pg_views
    where schemaname ilike 'staging_marts'
    union all
    select
      'funding_rates' as database,
      matviewname as name,
      schemaname as schema,
      'materialized_view' as type
    from pg_matviews
    where schemaname ilike 'staging_marts'
  
[0m14:36:57.316314 [debug] [ThreadPool]: On list_funding_rates_staging_staging: /* {"app": "dbt", "dbt_version": "1.12.0b2", "profile_name": "funding_rate_analytics", "target_name": "dev", "connection_name": "list_funding_rates_staging_staging"} */
select
      'funding_rates' as database,
      tablename as name,
      schemaname as schema,
      'table' as type
    from pg_tables
    where schemaname ilike 'staging_staging'
    union all
    select
      'funding_rates' as database,
      viewname as name,
      schemaname as schema,
      'view' as type
    from pg_views
    where schemaname ilike 'staging_staging'
    union all
    select
      'funding_rates' as database,
      matviewname as name,
      schemaname as schema,
      'materialized_view' as type
    from pg_matviews
    where schemaname ilike 'staging_staging'
  
[0m14:36:57.317526 [debug] [ThreadPool]: Opening a new connection, currently in state closed
[0m14:36:57.317432 [debug] [ThreadPool]: Opening a new connection, currently in state closed
[0m14:36:57.329715 [debug] [ThreadPool]: SQL status: SELECT 1 in 0.012 seconds
[0m14:36:57.330376 [debug] [ThreadPool]: On list_funding_rates_staging_staging: ROLLBACK
[0m14:36:57.329901 [debug] [ThreadPool]: SQL status: SELECT 1 in 0.012 seconds
[0m14:36:57.330782 [debug] [ThreadPool]: On list_funding_rates_staging_marts: ROLLBACK
[0m14:36:57.331050 [debug] [ThreadPool]: On list_funding_rates_staging_staging: Close
[0m14:36:57.331325 [debug] [ThreadPool]: On list_funding_rates_staging_marts: Close
[0m14:36:57.333025 [debug] [MainThread]: Using postgres connection "master"
[0m14:36:57.333176 [debug] [MainThread]: On master: /* {"app": "dbt", "dbt_version": "1.12.0b2", "profile_name": "funding_rate_analytics", "target_name": "dev", "connection_name": "master"} */
select distinct
        dependent_namespace.nspname as dependent_schema,
        dependent_class.relname as dependent_name,
        referenced_namespace.nspname as referenced_schema,
        referenced_class.relname as referenced_name

    -- Query for views: views are entries in pg_class with an entry in pg_rewrite, but we avoid
    -- a seq scan on pg_rewrite by leveraging the fact there is an "internal" row in pg_depend for
    -- the view...
    from pg_class as dependent_class
    join pg_namespace as dependent_namespace on dependent_namespace.oid = dependent_class.relnamespace
    join pg_depend as dependent_depend on dependent_depend.refobjid = dependent_class.oid
        and dependent_depend.classid = 'pg_rewrite'::regclass
        and dependent_depend.refclassid = 'pg_class'::regclass
        and dependent_depend.deptype = 'i'

    -- ... and via pg_depend (that has a row per column, hence the need for "distinct" above, and
    -- making sure to exclude the internal row to avoid a view appearing to depend on itself)...
    join pg_depend as joining_depend on joining_depend.objid = dependent_depend.objid
        and joining_depend.classid = 'pg_rewrite'::regclass
        and joining_depend.refclassid = 'pg_class'::regclass
        and joining_depend.refobjid != dependent_depend.refobjid

    -- ... we can find the tables they query from in pg_class, but excluding system tables. Note we
    -- don't need need to exclude _dependent_ system tables, because they only query from other
    -- system tables, and so are automatically excluded by excluding _referenced_ system tables
    join pg_class as referenced_class on referenced_class.oid = joining_depend.refobjid
    join pg_namespace as referenced_namespace on referenced_namespace.oid = referenced_class.relnamespace
        and referenced_namespace.nspname != 'information_schema'
        and referenced_namespace.nspname not like 'pg\_%'

    order by
        dependent_schema, dependent_name, referenced_schema, referenced_name;
[0m14:36:57.333318 [debug] [MainThread]: Opening a new connection, currently in state init
[0m14:36:57.345675 [debug] [MainThread]: SQL status: SELECT 8 in 0.012 seconds
[0m14:36:57.346161 [debug] [MainThread]: Sending event: {'category': 'dbt', 'action': 'runnable_timing', 'label': '9328d984-46c2-4733-9e59-f64f4ceacac7', 'context': [<snowplow_tracker.self_describing_json.SelfDescribingJson object at 0x10db34ef0>]}
[0m14:36:57.346370 [debug] [MainThread]: On master: ROLLBACK
[0m14:36:57.346891 [debug] [MainThread]: On master: COMMIT
[0m14:36:57.346998 [debug] [MainThread]: Using postgres connection "master"
[0m14:36:57.347089 [debug] [MainThread]: On master: COMMIT
[0m14:36:57.347790 [debug] [MainThread]: SQL status: COMMIT in 0.001 seconds
[0m14:36:57.347891 [debug] [MainThread]: On master: Close
[0m14:36:57.349547 [debug] [Thread-1 (]: Began running node model.funding_rate_analytics.stg_funding_events
[0m14:36:57.349730 [info ] [Thread-1 (]: 1 of 4 START sql view model staging_staging.stg_funding_events ................. [RUN]
[0m14:36:57.349904 [debug] [Thread-1 (]: Re-using an available connection from the pool (formerly list_funding_rates_staging_staging, now model.funding_rate_analytics.stg_funding_events)
[0m14:36:57.350035 [debug] [Thread-1 (]: Began compiling node model.funding_rate_analytics.stg_funding_events
[0m14:36:57.352688 [debug] [Thread-1 (]: Writing injected SQL for node "model.funding_rate_analytics.stg_funding_events"
[0m14:36:57.353136 [debug] [Thread-1 (]: Began executing node model.funding_rate_analytics.stg_funding_events
[0m14:36:57.365760 [debug] [Thread-1 (]: Writing runtime sql for node "model.funding_rate_analytics.stg_funding_events"
[0m14:36:57.366340 [debug] [Thread-1 (]: Using postgres connection "model.funding_rate_analytics.stg_funding_events"
[0m14:36:57.366508 [debug] [Thread-1 (]: On model.funding_rate_analytics.stg_funding_events: /* {"app": "dbt", "dbt_version": "1.12.0b2", "profile_name": "funding_rate_analytics", "target_name": "dev", "node_id": "model.funding_rate_analytics.stg_funding_events"} */

  create view "funding_rates"."staging_staging"."stg_funding_events__dbt_tmp"
    
    
  as (
    -- Binance: 8h, decimal rate
SELECT
    'binance' AS venue,
    symbol,
    CASE WHEN symbol IN ('BTCUSDT','ETHUSDT','SOLUSDT') THEN 'crypto' ELSE 'equity' END AS asset_class,
    ts AS interval_start,
    8 AS interval_hours,
    funding_rate AS funding_rate_raw,
    funding_rate * 3 * 365 * 100 AS funding_rate_annualized_pct,
    mark_price,
    index_price,
    CASE WHEN index_price > 0 THEN (mark_price - index_price) / index_price * 10000 ELSE NULL END AS premium_bps,
    NOW() AS _loaded_at
FROM raw.funding_binance

UNION ALL

-- Hyperliquid: hourly, decimal rate
SELECT
    'hyperliquid' AS venue,
    coin AS symbol,
    'crypto' AS asset_class,
    ts AS interval_start,
    1 AS interval_hours,
    funding_rate AS funding_rate_raw,
    funding_rate * 24 * 365 * 100 AS funding_rate_annualized_pct,
    mark_price,
    NULL AS index_price,
    NULL AS premium_bps,
    NOW() AS _loaded_at
FROM raw.funding_hyperliquid

UNION ALL

-- Deribit: 8h, percentage interest
SELECT
    'deribit' AS venue,
    REPLACE(instrument_name, '-PERPETUAL', '') || 'USDT' AS symbol,
    'crypto' AS asset_class,
    ts AS interval_start,
    8 AS interval_hours,
    interest_8h AS funding_rate_raw,
    interest_8h / 100 * 3 * 365 AS funding_rate_annualized_pct,
    mark_price,
    index_price,
    CASE WHEN index_price > 0 THEN (mark_price - index_price) / index_price * 10000 ELSE NULL END AS premium_bps,
    NOW() AS _loaded_at
FROM raw.funding_deribit

UNION ALL

-- Equity perps: variable intervals
SELECT
    venue,
    symbol,
    'equity' AS asset_class,
    ts AS interval_start,
    funding_interval_hours,
    funding_rate AS funding_rate_raw,
    CASE
        WHEN funding_interval_hours > 0
        THEN funding_rate * (24.0 / funding_interval_hours) * 365 * 100
        ELSE NULL
    END AS funding_rate_annualized_pct,
    mark_price,
    index_price,
    CASE WHEN index_price > 0 THEN (mark_price - index_price) / index_price * 10000 ELSE NULL END AS premium_bps,
    NOW() AS _loaded_at
FROM raw.funding_equity_perps
  );
[0m14:36:57.366676 [debug] [Thread-1 (]: Opening a new connection, currently in state closed
[0m14:36:57.378165 [debug] [Thread-1 (]: SQL status: CREATE VIEW in 0.011 seconds
[0m14:36:57.380573 [debug] [Thread-1 (]: Using postgres connection "model.funding_rate_analytics.stg_funding_events"
[0m14:36:57.380731 [debug] [Thread-1 (]: On model.funding_rate_analytics.stg_funding_events: /* {"app": "dbt", "dbt_version": "1.12.0b2", "profile_name": "funding_rate_analytics", "target_name": "dev", "node_id": "model.funding_rate_analytics.stg_funding_events"} */
alter table "funding_rates"."staging_staging"."stg_funding_events" rename to "stg_funding_events__dbt_backup"
[0m14:36:57.382269 [debug] [Thread-1 (]: SQL status: ALTER TABLE in 0.001 seconds
[0m14:36:57.383185 [debug] [Thread-1 (]: Using postgres connection "model.funding_rate_analytics.stg_funding_events"
[0m14:36:57.383314 [debug] [Thread-1 (]: On model.funding_rate_analytics.stg_funding_events: /* {"app": "dbt", "dbt_version": "1.12.0b2", "profile_name": "funding_rate_analytics", "target_name": "dev", "node_id": "model.funding_rate_analytics.stg_funding_events"} */
alter table "funding_rates"."staging_staging"."stg_funding_events__dbt_tmp" rename to "stg_funding_events"
[0m14:36:57.384845 [debug] [Thread-1 (]: SQL status: ALTER TABLE in 0.001 seconds
[0m14:36:57.391410 [debug] [Thread-1 (]: On model.funding_rate_analytics.stg_funding_events: COMMIT
[0m14:36:57.391563 [debug] [Thread-1 (]: Using postgres connection "model.funding_rate_analytics.stg_funding_events"
[0m14:36:57.391684 [debug] [Thread-1 (]: On model.funding_rate_analytics.stg_funding_events: COMMIT
[0m14:36:57.392927 [debug] [Thread-1 (]: SQL status: COMMIT in 0.001 seconds
[0m14:36:57.395138 [debug] [Thread-1 (]: Applying DROP to: "funding_rates"."staging_staging"."stg_funding_events__dbt_backup"
[0m14:36:57.396713 [debug] [Thread-1 (]: Using postgres connection "model.funding_rate_analytics.stg_funding_events"
[0m14:36:57.396855 [debug] [Thread-1 (]: On model.funding_rate_analytics.stg_funding_events: /* {"app": "dbt", "dbt_version": "1.12.0b2", "profile_name": "funding_rate_analytics", "target_name": "dev", "node_id": "model.funding_rate_analytics.stg_funding_events"} */
drop view if exists "funding_rates"."staging_staging"."stg_funding_events__dbt_backup" cascade
[0m14:36:57.399775 [debug] [Thread-1 (]: SQL status: DROP VIEW in 0.003 seconds
[0m14:36:57.400639 [debug] [Thread-1 (]: On model.funding_rate_analytics.stg_funding_events: Close
[0m14:36:57.401686 [debug] [Thread-1 (]: Sending event: {'category': 'dbt', 'action': 'run_model', 'label': '9328d984-46c2-4733-9e59-f64f4ceacac7', 'context': [<snowplow_tracker.self_describing_json.SelfDescribingJson object at 0x10d487e90>]}
[0m14:36:57.401931 [info ] [Thread-1 (]: 1 of 4 OK created sql view model staging_staging.stg_funding_events ............ [[32mCREATE VIEW[0m in 0.05s]
[0m14:36:57.402127 [debug] [Thread-1 (]: Finished running node model.funding_rate_analytics.stg_funding_events
[0m14:36:57.402477 [debug] [Thread-2 (]: Began running node model.funding_rate_analytics.mart_daily_funding
[0m14:36:57.402829 [info ] [Thread-2 (]: 2 of 4 START sql table model staging_marts.mart_daily_funding .................. [RUN]
[0m14:36:57.403040 [debug] [Thread-2 (]: Re-using an available connection from the pool (formerly list_funding_rates_staging_marts, now model.funding_rate_analytics.mart_daily_funding)
[0m14:36:57.403177 [debug] [Thread-2 (]: Began compiling node model.funding_rate_analytics.mart_daily_funding
[0m14:36:57.404421 [debug] [Thread-2 (]: Writing injected SQL for node "model.funding_rate_analytics.mart_daily_funding"
[0m14:36:57.402631 [debug] [Thread-3 (]: Began running node model.funding_rate_analytics.mart_hourly_funding
[0m14:36:57.404649 [info ] [Thread-3 (]: 3 of 4 START sql table model staging_marts.mart_hourly_funding ................. [RUN]
[0m14:36:57.404838 [debug] [Thread-3 (]: Acquiring new postgres connection 'model.funding_rate_analytics.mart_hourly_funding'
[0m14:36:57.404969 [debug] [Thread-3 (]: Began compiling node model.funding_rate_analytics.mart_hourly_funding
[0m14:36:57.405892 [debug] [Thread-3 (]: Writing injected SQL for node "model.funding_rate_analytics.mart_hourly_funding"
[0m14:36:57.406086 [debug] [Thread-2 (]: Began executing node model.funding_rate_analytics.mart_daily_funding
[0m14:36:57.414104 [debug] [Thread-2 (]: Writing runtime sql for node "model.funding_rate_analytics.mart_daily_funding"
[0m14:36:57.414290 [debug] [Thread-3 (]: Began executing node model.funding_rate_analytics.mart_hourly_funding
[0m14:36:57.415617 [debug] [Thread-3 (]: Writing runtime sql for node "model.funding_rate_analytics.mart_hourly_funding"
[0m14:36:57.415909 [debug] [Thread-2 (]: Using postgres connection "model.funding_rate_analytics.mart_daily_funding"
[0m14:36:57.416112 [debug] [Thread-2 (]: On model.funding_rate_analytics.mart_daily_funding: /* {"app": "dbt", "dbt_version": "1.12.0b2", "profile_name": "funding_rate_analytics", "target_name": "dev", "node_id": "model.funding_rate_analytics.mart_daily_funding"} */

  
    

  create  table "funding_rates"."staging_marts"."mart_daily_funding__dbt_tmp"
  
  
    as
  
  (
    WITH daily_agg AS (
    SELECT
        venue,
        symbol,
        asset_class,
        DATE_TRUNC('day', interval_start)::DATE AS date,
        AVG(funding_rate_annualized_pct) * 100 AS avg_rate_bps,
        MIN(funding_rate_annualized_pct) * 100 AS min_rate_bps,
        MAX(funding_rate_annualized_pct) * 100 AS max_rate_bps,
        STDDEV(funding_rate_annualized_pct) * 100 AS rate_volatility,
        AVG(premium_bps) AS avg_premium_bps,
        AVG(funding_rate_annualized_pct) AS daily_annualized_yield_pct
    FROM "funding_rates"."staging_staging"."stg_funding_events"
    WHERE funding_rate_annualized_pct IS NOT NULL
    GROUP BY 1, 2, 3, 4
)
SELECT
    venue,
    symbol,
    asset_class,
    date,
    avg_rate_bps,
    min_rate_bps,
    max_rate_bps,
    rate_volatility,
    avg_premium_bps,
    EXTRACT(DOW FROM date) IN (0, 6) AS is_weekend,
    daily_annualized_yield_pct
FROM daily_agg
  );
  
[0m14:36:57.416275 [debug] [Thread-2 (]: Opening a new connection, currently in state closed
[0m14:36:57.416420 [debug] [Thread-3 (]: Using postgres connection "model.funding_rate_analytics.mart_hourly_funding"
[0m14:36:57.416619 [debug] [Thread-3 (]: On model.funding_rate_analytics.mart_hourly_funding: /* {"app": "dbt", "dbt_version": "1.12.0b2", "profile_name": "funding_rate_analytics", "target_name": "dev", "node_id": "model.funding_rate_analytics.mart_hourly_funding"} */

  
    

  create  table "funding_rates"."staging_marts"."mart_hourly_funding__dbt_tmp"
  
  
    as
  
  (
    SELECT
    venue,
    symbol,
    asset_class,
    DATE_TRUNC('hour', interval_start) AS hour_start,
    AVG(funding_rate_annualized_pct) * 100 AS avg_rate_bps,
    MIN(funding_rate_annualized_pct) * 100 AS min_rate_bps,
    MAX(funding_rate_annualized_pct) * 100 AS max_rate_bps,
    STDDEV(funding_rate_annualized_pct) * 100 AS rate_stddev,
    COUNT(*) AS sample_count,
    AVG(premium_bps) AS avg_premium_bps,
    AVG(mark_price) AS avg_mark_price,
    AVG(index_price) AS avg_index_price
FROM "funding_rates"."staging_staging"."stg_funding_events"
WHERE funding_rate_annualized_pct IS NOT NULL
GROUP BY 1, 2, 3, 4
  );
  
[0m14:36:57.416756 [debug] [Thread-3 (]: Opening a new connection, currently in state init
[0m14:36:57.809744 [debug] [Thread-2 (]: SQL status: SELECT 18437 in 0.393 seconds
[0m14:36:57.816621 [debug] [Thread-2 (]: Using postgres connection "model.funding_rate_analytics.mart_daily_funding"
[0m14:36:57.816813 [debug] [Thread-2 (]: On model.funding_rate_analytics.mart_daily_funding: /* {"app": "dbt", "dbt_version": "1.12.0b2", "profile_name": "funding_rate_analytics", "target_name": "dev", "node_id": "model.funding_rate_analytics.mart_daily_funding"} */
alter table "funding_rates"."staging_marts"."mart_daily_funding__dbt_tmp" rename to "mart_daily_funding"
[0m14:36:57.817793 [debug] [Thread-2 (]: SQL status: ALTER TABLE in 0.001 seconds
[0m14:36:57.818470 [debug] [Thread-2 (]: On model.funding_rate_analytics.mart_daily_funding: COMMIT
[0m14:36:57.818622 [debug] [Thread-2 (]: Using postgres connection "model.funding_rate_analytics.mart_daily_funding"
[0m14:36:57.818750 [debug] [Thread-2 (]: On model.funding_rate_analytics.mart_daily_funding: COMMIT
[0m14:36:57.822745 [debug] [Thread-2 (]: SQL status: COMMIT in 0.004 seconds
[0m14:36:57.823735 [debug] [Thread-2 (]: Applying DROP to: "funding_rates"."staging_marts"."mart_daily_funding__dbt_backup"
[0m14:36:57.824869 [debug] [Thread-2 (]: Using postgres connection "model.funding_rate_analytics.mart_daily_funding"
[0m14:36:57.825009 [debug] [Thread-2 (]: On model.funding_rate_analytics.mart_daily_funding: /* {"app": "dbt", "dbt_version": "1.12.0b2", "profile_name": "funding_rate_analytics", "target_name": "dev", "node_id": "model.funding_rate_analytics.mart_daily_funding"} */
drop table if exists "funding_rates"."staging_marts"."mart_daily_funding__dbt_backup" cascade
[0m14:36:57.825527 [debug] [Thread-2 (]: SQL status: DROP TABLE in 0.000 seconds
[0m14:36:57.826202 [debug] [Thread-2 (]: On model.funding_rate_analytics.mart_daily_funding: Close
[0m14:36:57.826472 [debug] [Thread-2 (]: Sending event: {'category': 'dbt', 'action': 'run_model', 'label': '9328d984-46c2-4733-9e59-f64f4ceacac7', 'context': [<snowplow_tracker.self_describing_json.SelfDescribingJson object at 0x10dd357b0>]}
[0m14:36:57.826730 [info ] [Thread-2 (]: 2 of 4 OK created sql table model staging_marts.mart_daily_funding ............. [[32mSELECT 18437[0m in 0.42s]
[0m14:36:57.826942 [debug] [Thread-2 (]: Finished running node model.funding_rate_analytics.mart_daily_funding
[0m14:36:57.827242 [debug] [Thread-4 (]: Began running node model.funding_rate_analytics.mart_venue_comparison
[0m14:36:57.827412 [info ] [Thread-4 (]: 4 of 4 START sql table model staging_marts.mart_venue_comparison ............... [RUN]
[0m14:36:57.827597 [debug] [Thread-4 (]: Acquiring new postgres connection 'model.funding_rate_analytics.mart_venue_comparison'
[0m14:36:57.827723 [debug] [Thread-4 (]: Began compiling node model.funding_rate_analytics.mart_venue_comparison
[0m14:36:57.828869 [debug] [Thread-4 (]: Writing injected SQL for node "model.funding_rate_analytics.mart_venue_comparison"
[0m14:36:57.829237 [debug] [Thread-4 (]: Began executing node model.funding_rate_analytics.mart_venue_comparison
[0m14:36:57.832359 [debug] [Thread-4 (]: Writing runtime sql for node "model.funding_rate_analytics.mart_venue_comparison"
[0m14:36:57.832640 [debug] [Thread-4 (]: Using postgres connection "model.funding_rate_analytics.mart_venue_comparison"
[0m14:36:57.832799 [debug] [Thread-4 (]: On model.funding_rate_analytics.mart_venue_comparison: /* {"app": "dbt", "dbt_version": "1.12.0b2", "profile_name": "funding_rate_analytics", "target_name": "dev", "node_id": "model.funding_rate_analytics.mart_venue_comparison"} */

  
    

  create  table "funding_rates"."staging_marts"."mart_venue_comparison__dbt_tmp"
  
  
    as
  
  (
    WITH daily AS (
    SELECT * FROM "funding_rates"."staging_marts"."mart_daily_funding"
)
SELECT
    COALESCE(b.date, h.date, d.date) AS date,
    COALESCE(b.symbol, h.symbol, d.symbol) AS symbol,
    COALESCE(b.asset_class, h.asset_class, d.asset_class) AS asset_class,
    b.avg_rate_bps AS binance_rate_bps,
    h.avg_rate_bps AS hyperliquid_rate_bps,
    d.avg_rate_bps AS deribit_rate_bps,
    GREATEST(
        COALESCE(ABS(b.avg_rate_bps - h.avg_rate_bps), 0),
        COALESCE(ABS(b.avg_rate_bps - d.avg_rate_bps), 0),
        COALESCE(ABS(h.avg_rate_bps - d.avg_rate_bps), 0)
    ) AS max_cross_spread_bps,
    CASE
        WHEN ABS(COALESCE(b.avg_rate_bps, 0) - COALESCE(h.avg_rate_bps, 0))
            >= GREATEST(
                COALESCE(ABS(b.avg_rate_bps - d.avg_rate_bps), 0),
                COALESCE(ABS(h.avg_rate_bps - d.avg_rate_bps), 0)
            )
            THEN 'binance-hyperliquid'
        WHEN ABS(COALESCE(b.avg_rate_bps, 0) - COALESCE(d.avg_rate_bps, 0))
            >= COALESCE(ABS(h.avg_rate_bps - d.avg_rate_bps), 0)
            THEN 'binance-deribit'
        ELSE 'hyperliquid-deribit'
    END AS arb_venue_pair,
    0 AS arb_apy_pct
FROM daily b
FULL OUTER JOIN daily h
    ON b.date = h.date AND b.symbol = h.symbol AND h.venue = 'hyperliquid'
FULL OUTER JOIN daily d
    ON COALESCE(b.date, h.date) = d.date
    AND COALESCE(b.symbol, h.symbol) = d.symbol
    AND d.venue = 'deribit'
WHERE b.venue = 'binance' OR b.venue IS NULL
  );
  
[0m14:36:57.832949 [debug] [Thread-4 (]: Opening a new connection, currently in state init
[0m14:36:57.883003 [debug] [Thread-4 (]: SQL status: SELECT 35621 in 0.050 seconds
[0m14:36:57.884374 [debug] [Thread-4 (]: Using postgres connection "model.funding_rate_analytics.mart_venue_comparison"
[0m14:36:57.884538 [debug] [Thread-4 (]: On model.funding_rate_analytics.mart_venue_comparison: /* {"app": "dbt", "dbt_version": "1.12.0b2", "profile_name": "funding_rate_analytics", "target_name": "dev", "node_id": "model.funding_rate_analytics.mart_venue_comparison"} */
alter table "funding_rates"."staging_marts"."mart_venue_comparison__dbt_tmp" rename to "mart_venue_comparison"
[0m14:36:57.885206 [debug] [Thread-4 (]: SQL status: ALTER TABLE in 0.001 seconds
[0m14:36:57.885796 [debug] [Thread-4 (]: On model.funding_rate_analytics.mart_venue_comparison: COMMIT
[0m14:36:57.885948 [debug] [Thread-4 (]: Using postgres connection "model.funding_rate_analytics.mart_venue_comparison"
[0m14:36:57.886076 [debug] [Thread-4 (]: On model.funding_rate_analytics.mart_venue_comparison: COMMIT
[0m14:36:57.891464 [debug] [Thread-4 (]: SQL status: COMMIT in 0.005 seconds
[0m14:36:57.892417 [debug] [Thread-4 (]: Applying DROP to: "funding_rates"."staging_marts"."mart_venue_comparison__dbt_backup"
[0m14:36:57.892762 [debug] [Thread-4 (]: Using postgres connection "model.funding_rate_analytics.mart_venue_comparison"
[0m14:36:57.892898 [debug] [Thread-4 (]: On model.funding_rate_analytics.mart_venue_comparison: /* {"app": "dbt", "dbt_version": "1.12.0b2", "profile_name": "funding_rate_analytics", "target_name": "dev", "node_id": "model.funding_rate_analytics.mart_venue_comparison"} */
drop table if exists "funding_rates"."staging_marts"."mart_venue_comparison__dbt_backup" cascade
[0m14:36:57.893346 [debug] [Thread-4 (]: SQL status: DROP TABLE in 0.000 seconds
[0m14:36:57.893922 [debug] [Thread-4 (]: On model.funding_rate_analytics.mart_venue_comparison: Close
[0m14:36:57.894175 [debug] [Thread-4 (]: Sending event: {'category': 'dbt', 'action': 'run_model', 'label': '9328d984-46c2-4733-9e59-f64f4ceacac7', 'context': [<snowplow_tracker.self_describing_json.SelfDescribingJson object at 0x10dd10f50>]}
[0m14:36:57.894431 [info ] [Thread-4 (]: 4 of 4 OK created sql table model staging_marts.mart_venue_comparison .......... [[32mSELECT 35621[0m in 0.07s]
[0m14:36:57.894643 [debug] [Thread-4 (]: Finished running node model.funding_rate_analytics.mart_venue_comparison
[0m14:36:58.085935 [debug] [Thread-3 (]: SQL status: SELECT 260956 in 0.669 seconds
[0m14:36:58.088060 [debug] [Thread-3 (]: Using postgres connection "model.funding_rate_analytics.mart_hourly_funding"
[0m14:36:58.088274 [debug] [Thread-3 (]: On model.funding_rate_analytics.mart_hourly_funding: /* {"app": "dbt", "dbt_version": "1.12.0b2", "profile_name": "funding_rate_analytics", "target_name": "dev", "node_id": "model.funding_rate_analytics.mart_hourly_funding"} */
alter table "funding_rates"."staging_marts"."mart_hourly_funding" rename to "mart_hourly_funding__dbt_backup"
[0m14:36:58.088980 [debug] [Thread-3 (]: SQL status: ALTER TABLE in 0.001 seconds
[0m14:36:58.090544 [debug] [Thread-3 (]: Using postgres connection "model.funding_rate_analytics.mart_hourly_funding"
[0m14:36:58.090913 [debug] [Thread-3 (]: On model.funding_rate_analytics.mart_hourly_funding: /* {"app": "dbt", "dbt_version": "1.12.0b2", "profile_name": "funding_rate_analytics", "target_name": "dev", "node_id": "model.funding_rate_analytics.mart_hourly_funding"} */
alter table "funding_rates"."staging_marts"."mart_hourly_funding__dbt_tmp" rename to "mart_hourly_funding"
[0m14:36:58.091668 [debug] [Thread-3 (]: SQL status: ALTER TABLE in 0.000 seconds
[0m14:36:58.092221 [debug] [Thread-3 (]: On model.funding_rate_analytics.mart_hourly_funding: COMMIT
[0m14:36:58.092347 [debug] [Thread-3 (]: Using postgres connection "model.funding_rate_analytics.mart_hourly_funding"
[0m14:36:58.092462 [debug] [Thread-3 (]: On model.funding_rate_analytics.mart_hourly_funding: COMMIT
[0m14:36:58.110069 [debug] [Thread-3 (]: SQL status: COMMIT in 0.017 seconds
[0m14:36:58.111822 [debug] [Thread-3 (]: Applying DROP to: "funding_rates"."staging_marts"."mart_hourly_funding__dbt_backup"
[0m14:36:58.112252 [debug] [Thread-3 (]: Using postgres connection "model.funding_rate_analytics.mart_hourly_funding"
[0m14:36:58.112560 [debug] [Thread-3 (]: On model.funding_rate_analytics.mart_hourly_funding: /* {"app": "dbt", "dbt_version": "1.12.0b2", "profile_name": "funding_rate_analytics", "target_name": "dev", "node_id": "model.funding_rate_analytics.mart_hourly_funding"} */
drop table if exists "funding_rates"."staging_marts"."mart_hourly_funding__dbt_backup" cascade
[0m14:36:58.114461 [debug] [Thread-3 (]: SQL status: DROP TABLE in 0.002 seconds
[0m14:36:58.114978 [debug] [Thread-3 (]: On model.funding_rate_analytics.mart_hourly_funding: Close
[0m14:36:58.115272 [debug] [Thread-3 (]: Sending event: {'category': 'dbt', 'action': 'run_model', 'label': '9328d984-46c2-4733-9e59-f64f4ceacac7', 'context': [<snowplow_tracker.self_describing_json.SelfDescribingJson object at 0x10dba4f50>]}
[0m14:36:58.115532 [info ] [Thread-3 (]: 3 of 4 OK created sql table model staging_marts.mart_hourly_funding ............ [[32mSELECT 260956[0m in 0.71s]
[0m14:36:58.115751 [debug] [Thread-3 (]: Finished running node model.funding_rate_analytics.mart_hourly_funding
[0m14:36:58.116565 [debug] [MainThread]: On master: COMMIT
[0m14:36:58.116701 [debug] [MainThread]: Using postgres connection "master"
[0m14:36:58.116810 [debug] [MainThread]: On master: COMMIT
[0m14:36:58.116913 [debug] [MainThread]: Opening a new connection, currently in state closed
[0m14:36:58.122427 [debug] [MainThread]: SQL status: COMMIT in 0.005 seconds
[0m14:36:58.122618 [debug] [MainThread]: On master: Close
[0m14:36:58.122795 [debug] [MainThread]: Connection 'master' was properly closed.
[0m14:36:58.122899 [debug] [MainThread]: Connection 'model.funding_rate_analytics.stg_funding_events' was properly closed.
[0m14:36:58.122990 [debug] [MainThread]: Connection 'model.funding_rate_analytics.mart_daily_funding' was properly closed.
[0m14:36:58.123082 [debug] [MainThread]: Connection 'model.funding_rate_analytics.mart_hourly_funding' was properly closed.
[0m14:36:58.123170 [debug] [MainThread]: Connection 'model.funding_rate_analytics.mart_venue_comparison' was properly closed.
[0m14:36:58.123318 [info ] [MainThread]: 
[0m14:36:58.123448 [info ] [MainThread]: Finished running 3 table models, 1 view model in 0 hours 0 minutes and 0.92 seconds (0.92s).
[0m14:36:58.123842 [debug] [MainThread]: Command end result
[0m14:36:58.142829 [debug] [MainThread]: Wrote artifact WritableManifest to /Users/nformenton/Dev/funding-rate-analytics/dbt/target/manifest.json
[0m14:36:58.145302 [debug] [MainThread]: Wrote artifact SemanticManifest to /Users/nformenton/Dev/funding-rate-analytics/dbt/target/semantic_manifest.json
[0m14:36:58.147152 [debug] [MainThread]: Wrote artifact OsiDocument to /Users/nformenton/Dev/funding-rate-analytics/dbt/target/osi_document.json
[0m14:36:58.150915 [debug] [MainThread]: Wrote artifact RunExecutionResult to /Users/nformenton/Dev/funding-rate-analytics/dbt/target/run_results.json
[0m14:36:58.151072 [info ] [MainThread]: 
[0m14:36:58.151227 [info ] [MainThread]: [32mCompleted successfully[0m
[0m14:36:58.151342 [info ] [MainThread]: 
[0m14:36:58.151470 [info ] [MainThread]: Done. PASS=4 WARN=0 ERROR=0 SKIP=0 NO-OP=0 REUSED=0 TOTAL=4
[0m14:36:58.154109 [debug] [MainThread]: Resource report: {"command_name": "run", "command_success": true, "command_wall_clock_time": 1.4644464, "process_in_blocks": "0", "process_kernel_time": 0.211786, "process_mem_max_rss": "172507136", "process_out_blocks": "0", "process_user_time": 1.039559}
[0m14:36:58.154409 [debug] [MainThread]: Command `dbt run` succeeded at 14:36:58.154362 after 1.46 seconds
[0m14:36:58.154617 [debug] [MainThread]: Sending event: {'category': 'dbt', 'action': 'invocation', 'label': 'end', 'context': [<snowplow_tracker.self_describing_json.SelfDescribingJson object at 0x10c3a3930>, <snowplow_tracker.self_describing_json.SelfDescribingJson object at 0x10c160e50>, <snowplow_tracker.self_describing_json.SelfDescribingJson object at 0x10b6c2c30>]}
[0m14:36:58.154822 [debug] [MainThread]: Flushing usage events
[0m14:36:58.879896 [debug] [MainThread]: An error was encountered while trying to flush usage events
[0m14:37:15.341209 [debug] [MainThread]: Sending event: {'category': 'dbt', 'action': 'invocation', 'label': 'start', 'context': [<snowplow_tracker.self_describing_json.SelfDescribingJson object at 0x10d1742f0>, <snowplow_tracker.self_describing_json.SelfDescribingJson object at 0x10e71e710>, <snowplow_tracker.self_describing_json.SelfDescribingJson object at 0x10e71e990>]}


============================== 14:37:15.344057 | c9338681-776c-4124-b97e-c35cb0ffbeeb ==============================
[0m14:37:15.344057 [info ] [MainThread]: Running with dbt=1.12.0-b2
[0m14:37:15.344309 [debug] [MainThread]: running dbt with arguments {'target_path': 'None', 'static_parser': 'True', 'maximum_seed_size_mib': '1', 'indirect_selection': 'eager', 'quiet': 'False', 'version_check': 'True', 'empty': 'None', 'warn_error_options': 'WarnErrorOptionsV2(error=[], warn=[], silence=[])', 'send_anonymous_usage_stats': 'True', 'no_print': 'None', 'fail_fast': 'False', 'use_experimental_parser': 'False', 'partial_parse': 'True', 'invocation_command': 'dbt test', 'cache_selected_only': 'False', 'profiles_dir': '/Users/nformenton/Dev/funding-rate-analytics/dbt', 'log_path': '/Users/nformenton/Dev/funding-rate-analytics/dbt/logs', 'write_json': 'True', 'use_colors': 'True', 'printer_width': '80', 'debug': 'False', 'introspect': 'True', 'warn_error': 'None', 'log_format': 'default', 'log_cache_events': 'False'}
[0m14:37:15.444998 [debug] [MainThread]: Sending event: {'category': 'dbt', 'action': 'project_id', 'label': 'c9338681-776c-4124-b97e-c35cb0ffbeeb', 'context': [<snowplow_tracker.self_describing_json.SelfDescribingJson object at 0x10e6cde00>]}
[0m14:37:15.468294 [debug] [MainThread]: Sending event: {'category': 'dbt', 'action': 'adapter_info', 'label': 'c9338681-776c-4124-b97e-c35cb0ffbeeb', 'context': [<snowplow_tracker.self_describing_json.SelfDescribingJson object at 0x10b1f6f10>]}
[0m14:37:15.470204 [info ] [MainThread]: Registered adapter: postgres=1.10.0
[0m14:37:15.512762 [debug] [MainThread]: checksum: 4028e76001202c6d79cbd6497f04f8a5167c54a3cd8d4daed1786e25b5aa8f08, vars: {}, profile: funding_rate_analytics, target: dev, version: 1.12.0b2
[0m14:37:15.636508 [debug] [MainThread]: Partial parsing enabled: 0 files deleted, 0 files added, 0 files changed.
[0m14:37:15.636723 [debug] [MainThread]: Nothing changed, skipping partial parsing.
[0m14:37:15.636829 [debug] [MainThread]: Partial parsing enabled, no changes found, skipping parsing
[0m14:37:15.652971 [debug] [MainThread]: Sending event: {'category': 'dbt', 'action': 'load_project', 'label': 'c9338681-776c-4124-b97e-c35cb0ffbeeb', 'context': [<snowplow_tracker.self_describing_json.SelfDescribingJson object at 0x10f822450>]}
[0m14:37:15.690427 [debug] [MainThread]: Wrote artifact WritableManifest to /Users/nformenton/Dev/funding-rate-analytics/dbt/target/manifest.json
[0m14:37:15.692664 [debug] [MainThread]: Wrote artifact SemanticManifest to /Users/nformenton/Dev/funding-rate-analytics/dbt/target/semantic_manifest.json
[0m14:37:15.713166 [debug] [MainThread]: Wrote artifact OsiDocument to /Users/nformenton/Dev/funding-rate-analytics/dbt/target/osi_document.json
[0m14:37:15.725919 [debug] [MainThread]: Sending event: {'category': 'dbt', 'action': 'resource_counts', 'label': 'c9338681-776c-4124-b97e-c35cb0ffbeeb', 'context': [<snowplow_tracker.self_describing_json.SelfDescribingJson object at 0x10facaf30>]}
[0m14:37:15.726134 [info ] [MainThread]: Found 4 models, 7 data tests, 591 macros
[0m14:37:15.726264 [debug] [MainThread]: Sending event: {'category': 'dbt', 'action': 'runnable_timing', 'label': 'c9338681-776c-4124-b97e-c35cb0ffbeeb', 'context': [<snowplow_tracker.self_describing_json.SelfDescribingJson object at 0x10fb4a430>]}
[0m14:37:15.727142 [info ] [MainThread]: 
[0m14:37:15.727277 [info ] [MainThread]: Concurrency: 4 threads (target='dev')
[0m14:37:15.727378 [info ] [MainThread]: 
[0m14:37:15.727597 [debug] [MainThread]: Acquiring new postgres connection 'master'
[0m14:37:15.729173 [debug] [ThreadPool]: Acquiring new postgres connection 'list_funding_rates_staging_marts'
[0m14:37:15.729389 [debug] [ThreadPool]: Acquiring new postgres connection 'list_funding_rates_staging_staging'
[0m14:37:15.800279 [debug] [ThreadPool]: Using postgres connection "list_funding_rates_staging_marts"
[0m14:37:15.800658 [debug] [ThreadPool]: On list_funding_rates_staging_marts: /* {"app": "dbt", "dbt_version": "1.12.0b2", "profile_name": "funding_rate_analytics", "target_name": "dev", "connection_name": "list_funding_rates_staging_marts"} */
select
      'funding_rates' as database,
      tablename as name,
      schemaname as schema,
      'table' as type
    from pg_tables
    where schemaname ilike 'staging_marts'
    union all
    select
      'funding_rates' as database,
      viewname as name,
      schemaname as schema,
      'view' as type
    from pg_views
    where schemaname ilike 'staging_marts'
    union all
    select
      'funding_rates' as database,
      matviewname as name,
      schemaname as schema,
      'materialized_view' as type
    from pg_matviews
    where schemaname ilike 'staging_marts'
  
[0m14:37:15.800804 [debug] [ThreadPool]: Opening a new connection, currently in state init
[0m14:37:15.800500 [debug] [ThreadPool]: Using postgres connection "list_funding_rates_staging_staging"
[0m14:37:15.801418 [debug] [ThreadPool]: On list_funding_rates_staging_staging: /* {"app": "dbt", "dbt_version": "1.12.0b2", "profile_name": "funding_rate_analytics", "target_name": "dev", "connection_name": "list_funding_rates_staging_staging"} */
select
      'funding_rates' as database,
      tablename as name,
      schemaname as schema,
      'table' as type
    from pg_tables
    where schemaname ilike 'staging_staging'
    union all
    select
      'funding_rates' as database,
      viewname as name,
      schemaname as schema,
      'view' as type
    from pg_views
    where schemaname ilike 'staging_staging'
    union all
    select
      'funding_rates' as database,
      matviewname as name,
      schemaname as schema,
      'materialized_view' as type
    from pg_matviews
    where schemaname ilike 'staging_staging'
  
[0m14:37:15.801526 [debug] [ThreadPool]: Opening a new connection, currently in state init
[0m14:37:15.844795 [debug] [ThreadPool]: SQL status: SELECT 3 in 0.044 seconds
[0m14:37:15.845571 [debug] [ThreadPool]: On list_funding_rates_staging_marts: ROLLBACK
[0m14:37:15.845011 [debug] [ThreadPool]: SQL status: SELECT 1 in 0.043 seconds
[0m14:37:15.846041 [debug] [ThreadPool]: On list_funding_rates_staging_staging: ROLLBACK
[0m14:37:15.846250 [debug] [ThreadPool]: On list_funding_rates_staging_marts: Close
[0m14:37:15.846665 [debug] [ThreadPool]: On list_funding_rates_staging_staging: Close
[0m14:37:15.848521 [debug] [MainThread]: Using postgres connection "master"
[0m14:37:15.848726 [debug] [MainThread]: On master: /* {"app": "dbt", "dbt_version": "1.12.0b2", "profile_name": "funding_rate_analytics", "target_name": "dev", "connection_name": "master"} */
select distinct
        dependent_namespace.nspname as dependent_schema,
        dependent_class.relname as dependent_name,
        referenced_namespace.nspname as referenced_schema,
        referenced_class.relname as referenced_name

    -- Query for views: views are entries in pg_class with an entry in pg_rewrite, but we avoid
    -- a seq scan on pg_rewrite by leveraging the fact there is an "internal" row in pg_depend for
    -- the view...
    from pg_class as dependent_class
    join pg_namespace as dependent_namespace on dependent_namespace.oid = dependent_class.relnamespace
    join pg_depend as dependent_depend on dependent_depend.refobjid = dependent_class.oid
        and dependent_depend.classid = 'pg_rewrite'::regclass
        and dependent_depend.refclassid = 'pg_class'::regclass
        and dependent_depend.deptype = 'i'

    -- ... and via pg_depend (that has a row per column, hence the need for "distinct" above, and
    -- making sure to exclude the internal row to avoid a view appearing to depend on itself)...
    join pg_depend as joining_depend on joining_depend.objid = dependent_depend.objid
        and joining_depend.classid = 'pg_rewrite'::regclass
        and joining_depend.refclassid = 'pg_class'::regclass
        and joining_depend.refobjid != dependent_depend.refobjid

    -- ... we can find the tables they query from in pg_class, but excluding system tables. Note we
    -- don't need need to exclude _dependent_ system tables, because they only query from other
    -- system tables, and so are automatically excluded by excluding _referenced_ system tables
    join pg_class as referenced_class on referenced_class.oid = joining_depend.refobjid
    join pg_namespace as referenced_namespace on referenced_namespace.oid = referenced_class.relnamespace
        and referenced_namespace.nspname != 'information_schema'
        and referenced_namespace.nspname not like 'pg\_%'

    order by
        dependent_schema, dependent_name, referenced_schema, referenced_name;
[0m14:37:15.848878 [debug] [MainThread]: Opening a new connection, currently in state init
[0m14:37:15.862245 [debug] [MainThread]: SQL status: SELECT 8 in 0.013 seconds
[0m14:37:15.862791 [debug] [MainThread]: Sending event: {'category': 'dbt', 'action': 'runnable_timing', 'label': 'c9338681-776c-4124-b97e-c35cb0ffbeeb', 'context': [<snowplow_tracker.self_describing_json.SelfDescribingJson object at 0x10fda3450>]}
[0m14:37:15.862976 [debug] [MainThread]: On master: ROLLBACK
[0m14:37:15.863794 [debug] [MainThread]: On master: COMMIT
[0m14:37:15.863905 [debug] [MainThread]: Using postgres connection "master"
[0m14:37:15.863999 [debug] [MainThread]: On master: COMMIT
[0m14:37:15.864818 [debug] [MainThread]: SQL status: COMMIT in 0.001 seconds
[0m14:37:15.864926 [debug] [MainThread]: On master: Close
[0m14:37:15.866968 [debug] [Thread-4 (]: Began running node test.funding_rate_analytics.not_null_stg_funding_events_funding_rate_annualized_pct.89653db3eb
[0m14:37:15.867136 [debug] [Thread-1 (]: Began running node test.funding_rate_analytics.accepted_values_stg_funding_events_asset_class__crypto__equity.8c0e938519
[0m14:37:15.867729 [info ] [Thread-1 (]: 1 of 7 START test accepted_values_stg_funding_events_asset_class__crypto__equity  [RUN]
[0m14:37:15.867926 [debug] [Thread-1 (]: Re-using an available connection from the pool (formerly list_funding_rates_staging_marts, now test.funding_rate_analytics.accepted_values_stg_funding_events_asset_class__crypto__equity.8c0e938519)
[0m14:37:15.868067 [debug] [Thread-1 (]: Began compiling node test.funding_rate_analytics.accepted_values_stg_funding_events_asset_class__crypto__equity.8c0e938519
[0m14:37:15.867275 [debug] [Thread-3 (]: Began running node test.funding_rate_analytics.not_null_stg_funding_events_asset_class.102539e1bd
[0m14:37:15.867402 [debug] [Thread-2 (]: Began running node test.funding_rate_analytics.dbt_utils_accepted_range_stg_funding_events_funding_rate_annualized_pct__True__1000___3000.88ff2d9413
[0m14:37:15.867551 [info ] [Thread-4 (]: 4 of 7 START test not_null_stg_funding_events_funding_rate_annualized_pct ...... [RUN]
[0m14:37:15.875269 [debug] [Thread-4 (]: Acquiring new postgres connection 'test.funding_rate_analytics.not_null_stg_funding_events_funding_rate_annualized_pct.89653db3eb'
[0m14:37:15.875407 [debug] [Thread-4 (]: Began compiling node test.funding_rate_analytics.not_null_stg_funding_events_funding_rate_annualized_pct.89653db3eb
[0m14:37:15.878421 [debug] [Thread-4 (]: Writing injected SQL for node "test.funding_rate_analytics.not_null_stg_funding_events_funding_rate_annualized_pct.89653db3eb"
[0m14:37:15.874688 [debug] [Thread-1 (]: Writing injected SQL for node "test.funding_rate_analytics.accepted_values_stg_funding_events_asset_class__crypto__equity.8c0e938519"
[0m14:37:15.874850 [info ] [Thread-3 (]: 3 of 7 START test not_null_stg_funding_events_asset_class ...................... [RUN]
[0m14:37:15.875050 [info ] [Thread-2 (]: 2 of 7 START test dbt_utils_accepted_range_stg_funding_events_funding_rate_annualized_pct__True__1000___3000  [RUN]
[0m14:37:15.878908 [debug] [Thread-2 (]: Re-using an available connection from the pool (formerly list_funding_rates_staging_staging, now test.funding_rate_analytics.dbt_utils_accepted_range_stg_funding_events_funding_rate_annualized_pct__True__1000___3000.88ff2d9413)
[0m14:37:15.879070 [debug] [Thread-2 (]: Began compiling node test.funding_rate_analytics.dbt_utils_accepted_range_stg_funding_events_funding_rate_annualized_pct__True__1000___3000.88ff2d9413
[0m14:37:15.881983 [debug] [Thread-2 (]: Writing injected SQL for node "test.funding_rate_analytics.dbt_utils_accepted_range_stg_funding_events_funding_rate_annualized_pct__True__1000___3000.88ff2d9413"
[0m14:37:15.878717 [debug] [Thread-3 (]: Acquiring new postgres connection 'test.funding_rate_analytics.not_null_stg_funding_events_asset_class.102539e1bd'
[0m14:37:15.882163 [debug] [Thread-3 (]: Began compiling node test.funding_rate_analytics.not_null_stg_funding_events_asset_class.102539e1bd
[0m14:37:15.883833 [debug] [Thread-3 (]: Writing injected SQL for node "test.funding_rate_analytics.not_null_stg_funding_events_asset_class.102539e1bd"
[0m14:37:15.882465 [debug] [Thread-1 (]: Began executing node test.funding_rate_analytics.accepted_values_stg_funding_events_asset_class__crypto__equity.8c0e938519
[0m14:37:15.882315 [debug] [Thread-4 (]: Began executing node test.funding_rate_analytics.not_null_stg_funding_events_funding_rate_annualized_pct.89653db3eb
[0m14:37:15.892086 [debug] [Thread-4 (]: Writing runtime sql for node "test.funding_rate_analytics.not_null_stg_funding_events_funding_rate_annualized_pct.89653db3eb"
[0m14:37:15.891232 [debug] [Thread-2 (]: Began executing node test.funding_rate_analytics.dbt_utils_accepted_range_stg_funding_events_funding_rate_annualized_pct__True__1000___3000.88ff2d9413
[0m14:37:15.891037 [debug] [Thread-1 (]: Writing runtime sql for node "test.funding_rate_analytics.accepted_values_stg_funding_events_asset_class__crypto__equity.8c0e938519"
[0m14:37:15.893018 [debug] [Thread-2 (]: Writing runtime sql for node "test.funding_rate_analytics.dbt_utils_accepted_range_stg_funding_events_funding_rate_annualized_pct__True__1000___3000.88ff2d9413"
[0m14:37:15.893175 [debug] [Thread-3 (]: Began executing node test.funding_rate_analytics.not_null_stg_funding_events_asset_class.102539e1bd
[0m14:37:15.893993 [debug] [Thread-3 (]: Writing runtime sql for node "test.funding_rate_analytics.not_null_stg_funding_events_asset_class.102539e1bd"
[0m14:37:15.894245 [debug] [Thread-4 (]: Using postgres connection "test.funding_rate_analytics.not_null_stg_funding_events_funding_rate_annualized_pct.89653db3eb"
[0m14:37:15.894692 [debug] [Thread-4 (]: On test.funding_rate_analytics.not_null_stg_funding_events_funding_rate_annualized_pct.89653db3eb: /* {"app": "dbt", "dbt_version": "1.12.0b2", "profile_name": "funding_rate_analytics", "target_name": "dev", "node_id": "test.funding_rate_analytics.not_null_stg_funding_events_funding_rate_annualized_pct.89653db3eb"} */

    
    select
      count(*) as failures,
      count(*) != 0 as should_warn,
      count(*) != 0 as should_error
    from (
      
    
  
    
    



select funding_rate_annualized_pct
from "funding_rates"."staging_staging"."stg_funding_events"
where funding_rate_annualized_pct is null



  
  
      
    ) dbt_internal_test
[0m14:37:15.894841 [debug] [Thread-4 (]: Opening a new connection, currently in state init
[0m14:37:15.894545 [debug] [Thread-1 (]: Using postgres connection "test.funding_rate_analytics.accepted_values_stg_funding_events_asset_class__crypto__equity.8c0e938519"
[0m14:37:15.895161 [debug] [Thread-1 (]: On test.funding_rate_analytics.accepted_values_stg_funding_events_asset_class__crypto__equity.8c0e938519: /* {"app": "dbt", "dbt_version": "1.12.0b2", "profile_name": "funding_rate_analytics", "target_name": "dev", "node_id": "test.funding_rate_analytics.accepted_values_stg_funding_events_asset_class__crypto__equity.8c0e938519"} */

    
    select
      count(*) as failures,
      count(*) != 0 as should_warn,
      count(*) != 0 as should_error
    from (
      
    
  
    
    

with all_values as (

    select
        asset_class as value_field,
        count(*) as n_records

    from "funding_rates"."staging_staging"."stg_funding_events"
    group by asset_class

)

select *
from all_values
where value_field not in (
    'crypto','equity'
)



  
  
      
    ) dbt_internal_test
[0m14:37:15.895304 [debug] [Thread-1 (]: Opening a new connection, currently in state closed
[0m14:37:15.895020 [debug] [Thread-3 (]: Using postgres connection "test.funding_rate_analytics.not_null_stg_funding_events_asset_class.102539e1bd"
[0m14:37:15.895470 [debug] [Thread-3 (]: On test.funding_rate_analytics.not_null_stg_funding_events_asset_class.102539e1bd: /* {"app": "dbt", "dbt_version": "1.12.0b2", "profile_name": "funding_rate_analytics", "target_name": "dev", "node_id": "test.funding_rate_analytics.not_null_stg_funding_events_asset_class.102539e1bd"} */

    
    select
      count(*) as failures,
      count(*) != 0 as should_warn,
      count(*) != 0 as should_error
    from (
      
    
  
    
    



select asset_class
from "funding_rates"."staging_staging"."stg_funding_events"
where asset_class is null



  
  
      
    ) dbt_internal_test
[0m14:37:15.894395 [debug] [Thread-2 (]: Using postgres connection "test.funding_rate_analytics.dbt_utils_accepted_range_stg_funding_events_funding_rate_annualized_pct__True__1000___3000.88ff2d9413"
[0m14:37:15.895751 [debug] [Thread-2 (]: On test.funding_rate_analytics.dbt_utils_accepted_range_stg_funding_events_funding_rate_annualized_pct__True__1000___3000.88ff2d9413: /* {"app": "dbt", "dbt_version": "1.12.0b2", "profile_name": "funding_rate_analytics", "target_name": "dev", "node_id": "test.funding_rate_analytics.dbt_utils_accepted_range_stg_funding_events_funding_rate_annualized_pct__True__1000___3000.88ff2d9413"} */

    
    select
      count(*) as failures,
      count(*) != 0 as should_warn,
      count(*) != 0 as should_error
    from (
      
    
  

with meet_condition as(
  select *
  from "funding_rates"."staging_staging"."stg_funding_events"
),

validation_errors as (
  select *
  from meet_condition
  where
    -- never true, defaults to an empty result set. Exists to ensure any combo of the `or` clauses below succeeds
    1 = 2
    -- records with a value >= min_value are permitted. The `not` flips this to find records that don't meet the rule.
    or not funding_rate_annualized_pct >= -3000
    -- records with a value <= max_value are permitted. The `not` flips this to find records that don't meet the rule.
    or not funding_rate_annualized_pct <= 1000
)

select *
from validation_errors


  
  
      
    ) dbt_internal_test
[0m14:37:15.895903 [debug] [Thread-2 (]: Opening a new connection, currently in state closed
[0m14:37:15.895598 [debug] [Thread-3 (]: Opening a new connection, currently in state init
[0m14:37:15.910832 [debug] [Thread-3 (]: SQL status: SELECT 1 in 0.015 seconds
[0m14:37:15.914513 [debug] [Thread-3 (]: On test.funding_rate_analytics.not_null_stg_funding_events_asset_class.102539e1bd: ROLLBACK
[0m14:37:15.911005 [debug] [Thread-1 (]: SQL status: SELECT 1 in 0.016 seconds
[0m14:37:15.915031 [debug] [Thread-1 (]: On test.funding_rate_analytics.accepted_values_stg_funding_events_asset_class__crypto__equity.8c0e938519: ROLLBACK
[0m14:37:15.915156 [debug] [Thread-3 (]: On test.funding_rate_analytics.not_null_stg_funding_events_asset_class.102539e1bd: Close
[0m14:37:15.915414 [info ] [Thread-3 (]: 3 of 7 PASS not_null_stg_funding_events_asset_class ............................ [[32mPASS[0m in 0.04s]
[0m14:37:15.915612 [debug] [Thread-3 (]: Finished running node test.funding_rate_analytics.not_null_stg_funding_events_asset_class.102539e1bd
[0m14:37:15.915884 [debug] [Thread-3 (]: Began running node test.funding_rate_analytics.not_null_stg_funding_events_interval_start.571c9ad96b
[0m14:37:15.916043 [info ] [Thread-3 (]: 5 of 7 START test not_null_stg_funding_events_interval_start ................... [RUN]
[0m14:37:15.916221 [debug] [Thread-3 (]: Re-using an available connection from the pool (formerly test.funding_rate_analytics.not_null_stg_funding_events_asset_class.102539e1bd, now test.funding_rate_analytics.not_null_stg_funding_events_interval_start.571c9ad96b)
[0m14:37:15.916353 [debug] [Thread-3 (]: Began compiling node test.funding_rate_analytics.not_null_stg_funding_events_interval_start.571c9ad96b
[0m14:37:15.917926 [debug] [Thread-3 (]: Writing injected SQL for node "test.funding_rate_analytics.not_null_stg_funding_events_interval_start.571c9ad96b"
[0m14:37:15.915739 [debug] [Thread-1 (]: On test.funding_rate_analytics.accepted_values_stg_funding_events_asset_class__crypto__equity.8c0e938519: Close
[0m14:37:15.918201 [info ] [Thread-1 (]: 1 of 7 PASS accepted_values_stg_funding_events_asset_class__crypto__equity ..... [[32mPASS[0m in 0.05s]
[0m14:37:15.918405 [debug] [Thread-1 (]: Finished running node test.funding_rate_analytics.accepted_values_stg_funding_events_asset_class__crypto__equity.8c0e938519
[0m14:37:15.918542 [debug] [Thread-1 (]: Began running node test.funding_rate_analytics.not_null_stg_funding_events_symbol.979ec2bdf0
[0m14:37:15.918739 [info ] [Thread-1 (]: 6 of 7 START test not_null_stg_funding_events_symbol ........................... [RUN]
[0m14:37:15.918884 [debug] [Thread-1 (]: Re-using an available connection from the pool (formerly test.funding_rate_analytics.accepted_values_stg_funding_events_asset_class__crypto__equity.8c0e938519, now test.funding_rate_analytics.not_null_stg_funding_events_symbol.979ec2bdf0)
[0m14:37:15.919007 [debug] [Thread-1 (]: Began compiling node test.funding_rate_analytics.not_null_stg_funding_events_symbol.979ec2bdf0
[0m14:37:15.920532 [debug] [Thread-1 (]: Writing injected SQL for node "test.funding_rate_analytics.not_null_stg_funding_events_symbol.979ec2bdf0"
[0m14:37:15.920777 [debug] [Thread-3 (]: Began executing node test.funding_rate_analytics.not_null_stg_funding_events_interval_start.571c9ad96b
[0m14:37:15.922019 [debug] [Thread-3 (]: Writing runtime sql for node "test.funding_rate_analytics.not_null_stg_funding_events_interval_start.571c9ad96b"
[0m14:37:15.922349 [debug] [Thread-1 (]: Began executing node test.funding_rate_analytics.not_null_stg_funding_events_symbol.979ec2bdf0
[0m14:37:15.923196 [debug] [Thread-1 (]: Writing runtime sql for node "test.funding_rate_analytics.not_null_stg_funding_events_symbol.979ec2bdf0"
[0m14:37:15.923602 [debug] [Thread-3 (]: Using postgres connection "test.funding_rate_analytics.not_null_stg_funding_events_interval_start.571c9ad96b"
[0m14:37:15.923749 [debug] [Thread-3 (]: On test.funding_rate_analytics.not_null_stg_funding_events_interval_start.571c9ad96b: /* {"app": "dbt", "dbt_version": "1.12.0b2", "profile_name": "funding_rate_analytics", "target_name": "dev", "node_id": "test.funding_rate_analytics.not_null_stg_funding_events_interval_start.571c9ad96b"} */

    
    select
      count(*) as failures,
      count(*) != 0 as should_warn,
      count(*) != 0 as should_error
    from (
      
    
  
    
    



select interval_start
from "funding_rates"."staging_staging"."stg_funding_events"
where interval_start is null



  
  
      
    ) dbt_internal_test
[0m14:37:15.923897 [debug] [Thread-3 (]: Opening a new connection, currently in state closed
[0m14:37:15.924384 [debug] [Thread-1 (]: Using postgres connection "test.funding_rate_analytics.not_null_stg_funding_events_symbol.979ec2bdf0"
[0m14:37:15.924521 [debug] [Thread-1 (]: On test.funding_rate_analytics.not_null_stg_funding_events_symbol.979ec2bdf0: /* {"app": "dbt", "dbt_version": "1.12.0b2", "profile_name": "funding_rate_analytics", "target_name": "dev", "node_id": "test.funding_rate_analytics.not_null_stg_funding_events_symbol.979ec2bdf0"} */

    
    select
      count(*) as failures,
      count(*) != 0 as should_warn,
      count(*) != 0 as should_error
    from (
      
    
  
    
    



select symbol
from "funding_rates"."staging_staging"."stg_funding_events"
where symbol is null



  
  
      
    ) dbt_internal_test
[0m14:37:15.924643 [debug] [Thread-1 (]: Opening a new connection, currently in state closed
[0m14:37:15.942042 [debug] [Thread-3 (]: SQL status: SELECT 1 in 0.018 seconds
[0m14:37:15.943499 [debug] [Thread-3 (]: On test.funding_rate_analytics.not_null_stg_funding_events_interval_start.571c9ad96b: ROLLBACK
[0m14:37:15.944184 [debug] [Thread-3 (]: On test.funding_rate_analytics.not_null_stg_funding_events_interval_start.571c9ad96b: Close
[0m14:37:15.944473 [info ] [Thread-3 (]: 5 of 7 PASS not_null_stg_funding_events_interval_start ......................... [[32mPASS[0m in 0.03s]
[0m14:37:15.944693 [debug] [Thread-3 (]: Finished running node test.funding_rate_analytics.not_null_stg_funding_events_interval_start.571c9ad96b
[0m14:37:15.944849 [debug] [Thread-3 (]: Began running node test.funding_rate_analytics.not_null_stg_funding_events_venue.e2f31a7991
[0m14:37:15.945134 [info ] [Thread-3 (]: 7 of 7 START test not_null_stg_funding_events_venue ............................ [RUN]
[0m14:37:15.945672 [debug] [Thread-3 (]: Re-using an available connection from the pool (formerly test.funding_rate_analytics.not_null_stg_funding_events_interval_start.571c9ad96b, now test.funding_rate_analytics.not_null_stg_funding_events_venue.e2f31a7991)
[0m14:37:15.946137 [debug] [Thread-3 (]: Began compiling node test.funding_rate_analytics.not_null_stg_funding_events_venue.e2f31a7991
[0m14:37:15.948488 [debug] [Thread-3 (]: Writing injected SQL for node "test.funding_rate_analytics.not_null_stg_funding_events_venue.e2f31a7991"
[0m14:37:15.949155 [debug] [Thread-3 (]: Began executing node test.funding_rate_analytics.not_null_stg_funding_events_venue.e2f31a7991
[0m14:37:15.950066 [debug] [Thread-3 (]: Writing runtime sql for node "test.funding_rate_analytics.not_null_stg_funding_events_venue.e2f31a7991"
[0m14:37:15.950707 [debug] [Thread-3 (]: Using postgres connection "test.funding_rate_analytics.not_null_stg_funding_events_venue.e2f31a7991"
[0m14:37:15.950881 [debug] [Thread-3 (]: On test.funding_rate_analytics.not_null_stg_funding_events_venue.e2f31a7991: /* {"app": "dbt", "dbt_version": "1.12.0b2", "profile_name": "funding_rate_analytics", "target_name": "dev", "node_id": "test.funding_rate_analytics.not_null_stg_funding_events_venue.e2f31a7991"} */

    
    select
      count(*) as failures,
      count(*) != 0 as should_warn,
      count(*) != 0 as should_error
    from (
      
    
  
    
    



select venue
from "funding_rates"."staging_staging"."stg_funding_events"
where venue is null



  
  
      
    ) dbt_internal_test
[0m14:37:15.951026 [debug] [Thread-3 (]: Opening a new connection, currently in state closed
[0m14:37:15.956303 [debug] [Thread-4 (]: SQL status: SELECT 1 in 0.061 seconds
[0m14:37:15.957238 [debug] [Thread-4 (]: On test.funding_rate_analytics.not_null_stg_funding_events_funding_rate_annualized_pct.89653db3eb: ROLLBACK
[0m14:37:15.957919 [debug] [Thread-4 (]: On test.funding_rate_analytics.not_null_stg_funding_events_funding_rate_annualized_pct.89653db3eb: Close
[0m14:37:15.958607 [info ] [Thread-4 (]: 4 of 7 PASS not_null_stg_funding_events_funding_rate_annualized_pct ............ [[32mPASS[0m in 0.08s]
[0m14:37:15.959110 [debug] [Thread-4 (]: Finished running node test.funding_rate_analytics.not_null_stg_funding_events_funding_rate_annualized_pct.89653db3eb
[0m14:37:15.993286 [debug] [Thread-2 (]: SQL status: SELECT 1 in 0.097 seconds
[0m14:37:15.994084 [debug] [Thread-2 (]: On test.funding_rate_analytics.dbt_utils_accepted_range_stg_funding_events_funding_rate_annualized_pct__True__1000___3000.88ff2d9413: ROLLBACK
[0m14:37:15.994713 [debug] [Thread-2 (]: On test.funding_rate_analytics.dbt_utils_accepted_range_stg_funding_events_funding_rate_annualized_pct__True__1000___3000.88ff2d9413: Close
[0m14:37:15.994990 [info ] [Thread-2 (]: 2 of 7 PASS dbt_utils_accepted_range_stg_funding_events_funding_rate_annualized_pct__True__1000___3000  [[32mPASS[0m in 0.12s]
[0m14:37:15.995201 [debug] [Thread-2 (]: Finished running node test.funding_rate_analytics.dbt_utils_accepted_range_stg_funding_events_funding_rate_annualized_pct__True__1000___3000.88ff2d9413
[0m14:37:16.004739 [debug] [Thread-1 (]: SQL status: SELECT 1 in 0.080 seconds
[0m14:37:16.005390 [debug] [Thread-1 (]: On test.funding_rate_analytics.not_null_stg_funding_events_symbol.979ec2bdf0: ROLLBACK
[0m14:37:16.005840 [debug] [Thread-1 (]: On test.funding_rate_analytics.not_null_stg_funding_events_symbol.979ec2bdf0: Close
[0m14:37:16.006093 [info ] [Thread-1 (]: 6 of 7 PASS not_null_stg_funding_events_symbol ................................. [[32mPASS[0m in 0.09s]
[0m14:37:16.006294 [debug] [Thread-1 (]: Finished running node test.funding_rate_analytics.not_null_stg_funding_events_symbol.979ec2bdf0
[0m14:37:16.026058 [debug] [Thread-3 (]: SQL status: SELECT 1 in 0.075 seconds
[0m14:37:16.026653 [debug] [Thread-3 (]: On test.funding_rate_analytics.not_null_stg_funding_events_venue.e2f31a7991: ROLLBACK
[0m14:37:16.027134 [debug] [Thread-3 (]: On test.funding_rate_analytics.not_null_stg_funding_events_venue.e2f31a7991: Close
[0m14:37:16.027375 [info ] [Thread-3 (]: 7 of 7 PASS not_null_stg_funding_events_venue .................................. [[32mPASS[0m in 0.08s]
[0m14:37:16.027578 [debug] [Thread-3 (]: Finished running node test.funding_rate_analytics.not_null_stg_funding_events_venue.e2f31a7991
[0m14:37:16.028200 [debug] [MainThread]: On master: COMMIT
[0m14:37:16.028352 [debug] [MainThread]: Using postgres connection "master"
[0m14:37:16.028465 [debug] [MainThread]: On master: COMMIT
[0m14:37:16.028569 [debug] [MainThread]: Opening a new connection, currently in state closed
[0m14:37:16.034388 [debug] [MainThread]: SQL status: COMMIT in 0.006 seconds
[0m14:37:16.034564 [debug] [MainThread]: On master: Close
[0m14:37:16.034729 [debug] [MainThread]: Connection 'master' was properly closed.
[0m14:37:16.034837 [debug] [MainThread]: Connection 'test.funding_rate_analytics.not_null_stg_funding_events_symbol.979ec2bdf0' was properly closed.
[0m14:37:16.034935 [debug] [MainThread]: Connection 'test.funding_rate_analytics.dbt_utils_accepted_range_stg_funding_events_funding_rate_annualized_pct__True__1000___3000.88ff2d9413' was properly closed.
[0m14:37:16.035028 [debug] [MainThread]: Connection 'test.funding_rate_analytics.not_null_stg_funding_events_funding_rate_annualized_pct.89653db3eb' was properly closed.
[0m14:37:16.035120 [debug] [MainThread]: Connection 'test.funding_rate_analytics.not_null_stg_funding_events_venue.e2f31a7991' was properly closed.
[0m14:37:16.035243 [info ] [MainThread]: 
[0m14:37:16.035370 [info ] [MainThread]: Finished running 7 data tests in 0 hours 0 minutes and 0.31 seconds (0.31s).
[0m14:37:16.035875 [debug] [MainThread]: Command end result
[0m14:37:16.050546 [debug] [MainThread]: Wrote artifact WritableManifest to /Users/nformenton/Dev/funding-rate-analytics/dbt/target/manifest.json
[0m14:37:16.052564 [debug] [MainThread]: Wrote artifact SemanticManifest to /Users/nformenton/Dev/funding-rate-analytics/dbt/target/semantic_manifest.json
[0m14:37:16.054102 [debug] [MainThread]: Wrote artifact OsiDocument to /Users/nformenton/Dev/funding-rate-analytics/dbt/target/osi_document.json
[0m14:37:16.057363 [debug] [MainThread]: Wrote artifact RunExecutionResult to /Users/nformenton/Dev/funding-rate-analytics/dbt/target/run_results.json
[0m14:37:16.057503 [info ] [MainThread]: 
[0m14:37:16.057646 [info ] [MainThread]: [32mCompleted successfully[0m
[0m14:37:16.057754 [info ] [MainThread]: 
[0m14:37:16.057873 [info ] [MainThread]: Done. PASS=7 WARN=0 ERROR=0 SKIP=0 NO-OP=0 REUSED=0 TOTAL=7
[0m14:37:16.060187 [debug] [MainThread]: Resource report: {"command_name": "test", "command_success": true, "command_wall_clock_time": 0.7655347, "process_in_blocks": "0", "process_kernel_time": 0.222385, "process_mem_max_rss": "170409984", "process_out_blocks": "0", "process_user_time": 0.94477}
[0m14:37:16.060395 [debug] [MainThread]: Command `dbt test` succeeded at 14:37:16.060362 after 0.77 seconds
[0m14:37:16.060544 [debug] [MainThread]: Sending event: {'category': 'dbt', 'action': 'invocation', 'label': 'end', 'context': [<snowplow_tracker.self_describing_json.SelfDescribingJson object at 0x10fb96690>, <snowplow_tracker.self_describing_json.SelfDescribingJson object at 0x10fc094f0>, <snowplow_tracker.self_describing_json.SelfDescribingJson object at 0x10fc09390>]}
[0m14:37:16.060693 [debug] [MainThread]: Flushing usage events
[0m14:37:16.723651 [debug] [MainThread]: An error was encountered while trying to flush usage events
[0m14:37:40.417859 [debug] [MainThread]: Sending event: {'category': 'dbt', 'action': 'invocation', 'label': 'start', 'context': [<snowplow_tracker.self_describing_json.SelfDescribingJson object at 0x10d63c2f0>, <snowplow_tracker.self_describing_json.SelfDescribingJson object at 0x10ebe6710>, <snowplow_tracker.self_describing_json.SelfDescribingJson object at 0x10ebe6990>]}


============================== 14:37:40.420970 | 1e731087-b0a0-4088-923a-b9297db413ee ==============================
[0m14:37:40.420970 [info ] [MainThread]: Running with dbt=1.12.0-b2
[0m14:37:40.421306 [debug] [MainThread]: running dbt with arguments {'log_cache_events': 'False', 'log_path': '/Users/nformenton/Dev/funding-rate-analytics/dbt/logs', 'no_print': 'None', 'profiles_dir': '/Users/nformenton/Dev/funding-rate-analytics/dbt', 'version_check': 'True', 'target_path': 'None', 'introspect': 'True', 'maximum_seed_size_mib': '1', 'send_anonymous_usage_stats': 'True', 'write_json': 'True', 'quiet': 'False', 'use_experimental_parser': 'False', 'cache_selected_only': 'False', 'static_parser': 'True', 'fail_fast': 'False', 'printer_width': '80', 'warn_error': 'None', 'log_format': 'default', 'use_colors': 'True', 'invocation_command': 'dbt test --select mart_hourly_funding', 'warn_error_options': 'WarnErrorOptionsV2(error=[], warn=[], silence=[])', 'debug': 'False', 'partial_parse': 'True', 'indirect_selection': 'eager', 'empty': 'None'}
[0m14:37:40.522434 [debug] [MainThread]: Sending event: {'category': 'dbt', 'action': 'project_id', 'label': '1e731087-b0a0-4088-923a-b9297db413ee', 'context': [<snowplow_tracker.self_describing_json.SelfDescribingJson object at 0x10eb95e00>]}
[0m14:37:40.545745 [debug] [MainThread]: Sending event: {'category': 'dbt', 'action': 'adapter_info', 'label': '1e731087-b0a0-4088-923a-b9297db413ee', 'context': [<snowplow_tracker.self_describing_json.SelfDescribingJson object at 0x10b67ef10>]}
[0m14:37:40.547597 [info ] [MainThread]: Registered adapter: postgres=1.10.0
[0m14:37:40.588416 [debug] [MainThread]: checksum: 4028e76001202c6d79cbd6497f04f8a5167c54a3cd8d4daed1786e25b5aa8f08, vars: {}, profile: funding_rate_analytics, target: dev, version: 1.12.0b2
[0m14:37:40.711286 [debug] [MainThread]: Partial parsing enabled: 0 files deleted, 0 files added, 0 files changed.
[0m14:37:40.711497 [debug] [MainThread]: Nothing changed, skipping partial parsing.
[0m14:37:40.711605 [debug] [MainThread]: Partial parsing enabled, no changes found, skipping parsing
[0m14:37:40.727640 [debug] [MainThread]: Sending event: {'category': 'dbt', 'action': 'load_project', 'label': '1e731087-b0a0-4088-923a-b9297db413ee', 'context': [<snowplow_tracker.self_describing_json.SelfDescribingJson object at 0x10fc3e450>]}
[0m14:37:40.765599 [debug] [MainThread]: Wrote artifact WritableManifest to /Users/nformenton/Dev/funding-rate-analytics/dbt/target/manifest.json
[0m14:37:40.768311 [debug] [MainThread]: Wrote artifact SemanticManifest to /Users/nformenton/Dev/funding-rate-analytics/dbt/target/semantic_manifest.json
[0m14:37:40.786410 [debug] [MainThread]: Wrote artifact OsiDocument to /Users/nformenton/Dev/funding-rate-analytics/dbt/target/osi_document.json
[0m14:37:40.798745 [debug] [MainThread]: Sending event: {'category': 'dbt', 'action': 'resource_counts', 'label': '1e731087-b0a0-4088-923a-b9297db413ee', 'context': [<snowplow_tracker.self_describing_json.SelfDescribingJson object at 0x10fee6f30>]}
[0m14:37:40.798967 [info ] [MainThread]: Found 4 models, 7 data tests, 591 macros
[0m14:37:40.799100 [debug] [MainThread]: Sending event: {'category': 'dbt', 'action': 'runnable_timing', 'label': '1e731087-b0a0-4088-923a-b9297db413ee', 'context': [<snowplow_tracker.self_describing_json.SelfDescribingJson object at 0x10ff62430>]}
[0m14:37:40.799736 [warn ] [MainThread]: [[33mWARNING[0m]: Nothing to do. Try checking your model configs and model specification args
[0m14:37:40.800644 [debug] [MainThread]: Command end result
[0m14:37:40.814994 [debug] [MainThread]: Wrote artifact WritableManifest to /Users/nformenton/Dev/funding-rate-analytics/dbt/target/manifest.json
[0m14:37:40.817021 [debug] [MainThread]: Wrote artifact SemanticManifest to /Users/nformenton/Dev/funding-rate-analytics/dbt/target/semantic_manifest.json
[0m14:37:40.818640 [debug] [MainThread]: Wrote artifact OsiDocument to /Users/nformenton/Dev/funding-rate-analytics/dbt/target/osi_document.json
[0m14:37:40.820217 [debug] [MainThread]: Wrote artifact RunExecutionResult to /Users/nformenton/Dev/funding-rate-analytics/dbt/target/run_results.json
[0m14:37:40.822368 [debug] [MainThread]: Resource report: {"command_name": "test", "command_success": true, "command_wall_clock_time": 0.44867724, "process_in_blocks": "0", "process_kernel_time": 0.183372, "process_mem_max_rss": "150437888", "process_out_blocks": "0", "process_user_time": 0.814284}
[0m14:37:40.822611 [debug] [MainThread]: Command `dbt test` succeeded at 14:37:40.822573 after 0.45 seconds
[0m14:37:40.822782 [debug] [MainThread]: Sending event: {'category': 'dbt', 'action': 'invocation', 'label': 'end', 'context': [<snowplow_tracker.self_describing_json.SelfDescribingJson object at 0x10ec58530>, <snowplow_tracker.self_describing_json.SelfDescribingJson object at 0x10ffa8950>, <snowplow_tracker.self_describing_json.SelfDescribingJson object at 0x10ffa8ad0>]}
[0m14:37:40.822935 [debug] [MainThread]: Flushing usage events
[0m14:37:41.592398 [debug] [MainThread]: An error was encountered while trying to flush usage events
[0m14:37:53.769051 [debug] [MainThread]: Sending event: {'category': 'dbt', 'action': 'invocation', 'label': 'start', 'context': [<snowplow_tracker.self_describing_json.SelfDescribingJson object at 0x1096b42f0>, <snowplow_tracker.self_describing_json.SelfDescribingJson object at 0x10abeead0>, <snowplow_tracker.self_describing_json.SelfDescribingJson object at 0x10abeec10>]}


============================== 14:37:53.772281 | 3e11e9cd-b4ac-43cd-8c16-659256d417d1 ==============================
[0m14:37:53.772281 [info ] [MainThread]: Running with dbt=1.12.0-b2
[0m14:37:53.772527 [debug] [MainThread]: running dbt with arguments {'no_print': 'None', 'cache_selected_only': 'False', 'static_parser': 'True', 'warn_error_options': 'WarnErrorOptionsV2(error=[], warn=[], silence=[])', 'log_path': '/Users/nformenton/Dev/funding-rate-analytics/dbt/logs', 'warn_error': 'None', 'introspect': 'True', 'indirect_selection': 'eager', 'send_anonymous_usage_stats': 'True', 'log_format': 'default', 'fail_fast': 'False', 'empty': 'None', 'partial_parse': 'True', 'debug': 'False', 'target_path': 'None', 'write_json': 'True', 'printer_width': '80', 'maximum_seed_size_mib': '1', 'invocation_command': 'dbt parse', 'profiles_dir': '/Users/nformenton/Dev/funding-rate-analytics/dbt', 'use_colors': 'True', 'use_experimental_parser': 'False', 'log_cache_events': 'False', 'version_check': 'True', 'quiet': 'False'}
[0m14:37:53.876932 [debug] [MainThread]: Sending event: {'category': 'dbt', 'action': 'project_id', 'label': '3e11e9cd-b4ac-43cd-8c16-659256d417d1', 'context': [<snowplow_tracker.self_describing_json.SelfDescribingJson object at 0x10ac8c9d0>]}
[0m14:37:53.900047 [debug] [MainThread]: Sending event: {'category': 'dbt', 'action': 'adapter_info', 'label': '3e11e9cd-b4ac-43cd-8c16-659256d417d1', 'context': [<snowplow_tracker.self_describing_json.SelfDescribingJson object at 0x10acc3130>]}
[0m14:37:53.901613 [info ] [MainThread]: Registered adapter: postgres=1.10.0
[0m14:37:53.945849 [debug] [MainThread]: checksum: 4028e76001202c6d79cbd6497f04f8a5167c54a3cd8d4daed1786e25b5aa8f08, vars: {}, profile: funding_rate_analytics, target: dev, version: 1.12.0b2
[0m14:37:54.064809 [debug] [MainThread]: Partial parsing enabled: 0 files deleted, 0 files added, 0 files changed.
[0m14:37:54.065024 [debug] [MainThread]: Nothing changed, skipping partial parsing.
[0m14:37:54.065131 [debug] [MainThread]: Partial parsing enabled, no changes found, skipping parsing
[0m14:37:54.081254 [debug] [MainThread]: Sending event: {'category': 'dbt', 'action': 'load_project', 'label': '3e11e9cd-b4ac-43cd-8c16-659256d417d1', 'context': [<snowplow_tracker.self_describing_json.SelfDescribingJson object at 0x10bdb4c50>]}
[0m14:37:54.082752 [info ] [MainThread]: Performance info: /Users/nformenton/Dev/funding-rate-analytics/dbt/target/perf_info.json
[0m14:37:54.119139 [debug] [MainThread]: Wrote artifact WritableManifest to /Users/nformenton/Dev/funding-rate-analytics/dbt/target/manifest.json
[0m14:37:54.121863 [debug] [MainThread]: Wrote artifact SemanticManifest to /Users/nformenton/Dev/funding-rate-analytics/dbt/target/semantic_manifest.json
[0m14:37:54.139881 [debug] [MainThread]: Wrote artifact OsiDocument to /Users/nformenton/Dev/funding-rate-analytics/dbt/target/osi_document.json
[0m14:37:54.142447 [debug] [MainThread]: Resource report: {"command_name": "parse", "command_success": true, "command_wall_clock_time": 0.44755492, "process_in_blocks": "0", "process_kernel_time": 0.174194, "process_mem_max_rss": "148373504", "process_out_blocks": "0", "process_user_time": 0.812943}
[0m14:37:54.142698 [debug] [MainThread]: Command `dbt parse` succeeded at 14:37:54.142648 after 0.45 seconds
[0m14:37:54.142867 [debug] [MainThread]: Sending event: {'category': 'dbt', 'action': 'invocation', 'label': 'end', 'context': [<snowplow_tracker.self_describing_json.SelfDescribingJson object at 0x10ba81040>, <snowplow_tracker.self_describing_json.SelfDescribingJson object at 0x10ba80e60>, <snowplow_tracker.self_describing_json.SelfDescribingJson object at 0x10aaa73f0>]}
[0m14:37:54.143012 [debug] [MainThread]: Flushing usage events
[0m14:37:54.720702 [debug] [MainThread]: An error was encountered while trying to flush usage events
[0m14:39:04.728402 [debug] [MainThread]: Sending event: {'category': 'dbt', 'action': 'invocation', 'label': 'start', 'context': [<snowplow_tracker.self_describing_json.SelfDescribingJson object at 0x108e142f0>, <snowplow_tracker.self_describing_json.SelfDescribingJson object at 0x10a3be710>, <snowplow_tracker.self_describing_json.SelfDescribingJson object at 0x10a3be990>]}


============================== 14:39:04.731390 | b1a570da-84dc-4093-9305-8af4d822666b ==============================
[0m14:39:04.731390 [info ] [MainThread]: Running with dbt=1.12.0-b2
[0m14:39:04.731647 [debug] [MainThread]: running dbt with arguments {'use_experimental_parser': 'False', 'use_colors': 'True', 'indirect_selection': 'eager', 'profiles_dir': '/Users/nformenton/Dev/funding-rate-analytics/dbt', 'target_path': 'None', 'printer_width': '80', 'log_format': 'default', 'debug': 'False', 'no_print': 'None', 'invocation_command': 'dbt test', 'log_path': '/Users/nformenton/Dev/funding-rate-analytics/dbt/logs', 'maximum_seed_size_mib': '1', 'warn_error': 'None', 'send_anonymous_usage_stats': 'True', 'cache_selected_only': 'False', 'introspect': 'True', 'log_cache_events': 'False', 'warn_error_options': 'WarnErrorOptionsV2(error=[], warn=[], silence=[])', 'empty': 'None', 'quiet': 'False', 'version_check': 'True', 'partial_parse': 'True', 'write_json': 'True', 'static_parser': 'True', 'fail_fast': 'False'}
[0m14:39:04.833911 [debug] [MainThread]: Sending event: {'category': 'dbt', 'action': 'project_id', 'label': 'b1a570da-84dc-4093-9305-8af4d822666b', 'context': [<snowplow_tracker.self_describing_json.SelfDescribingJson object at 0x10a36de00>]}
[0m14:39:04.857702 [debug] [MainThread]: Sending event: {'category': 'dbt', 'action': 'adapter_info', 'label': 'b1a570da-84dc-4093-9305-8af4d822666b', 'context': [<snowplow_tracker.self_describing_json.SelfDescribingJson object at 0x106e5af10>]}
[0m14:39:04.858732 [info ] [MainThread]: Registered adapter: postgres=1.10.0
[0m14:39:04.899455 [debug] [MainThread]: checksum: 4028e76001202c6d79cbd6497f04f8a5167c54a3cd8d4daed1786e25b5aa8f08, vars: {}, profile: funding_rate_analytics, target: dev, version: 1.12.0b2
[0m14:39:05.020781 [debug] [MainThread]: Partial parsing enabled: 0 files deleted, 0 files added, 1 files changed.
[0m14:39:05.021194 [debug] [MainThread]: Partial parsing: updated file: funding_rate_analytics://models/marts/schema.yml
[0m14:39:05.136953 [warn ] [MainThread]: [[33mWARNING[0m][MissingArgumentsPropertyInGenericTestDeprecation]: Deprecated
functionality
Found top-level arguments to test `accepted_values` defined on
'mart_daily_funding' in package 'funding_rate_analytics'
(models/marts/schema.yml). Arguments to generic tests should be nested under the
`arguments` property.
[0m14:39:05.137220 [debug] [MainThread]: Sending event: {'category': 'dbt', 'action': 'deprecation', 'label': 'b1a570da-84dc-4093-9305-8af4d822666b', 'property_': 'warn', 'context': [<snowplow_tracker.self_describing_json.SelfDescribingJson object at 0x10b416550>]}
[0m14:39:05.189810 [debug] [MainThread]: Sending event: {'category': 'dbt', 'action': 'load_project', 'label': 'b1a570da-84dc-4093-9305-8af4d822666b', 'context': [<snowplow_tracker.self_describing_json.SelfDescribingJson object at 0x10b897b60>]}
[0m14:39:05.226052 [debug] [MainThread]: Wrote artifact WritableManifest to /Users/nformenton/Dev/funding-rate-analytics/dbt/target/manifest.json
[0m14:39:05.228600 [debug] [MainThread]: Wrote artifact SemanticManifest to /Users/nformenton/Dev/funding-rate-analytics/dbt/target/semantic_manifest.json
[0m14:39:05.246632 [debug] [MainThread]: Wrote artifact OsiDocument to /Users/nformenton/Dev/funding-rate-analytics/dbt/target/osi_document.json
[0m14:39:05.259834 [debug] [MainThread]: Sending event: {'category': 'dbt', 'action': 'resource_counts', 'label': 'b1a570da-84dc-4093-9305-8af4d822666b', 'context': [<snowplow_tracker.self_describing_json.SelfDescribingJson object at 0x10ba152b0>]}
[0m14:39:05.260064 [info ] [MainThread]: Found 4 models, 24 data tests, 591 macros
[0m14:39:05.260187 [debug] [MainThread]: Sending event: {'category': 'dbt', 'action': 'runnable_timing', 'label': 'b1a570da-84dc-4093-9305-8af4d822666b', 'context': [<snowplow_tracker.self_describing_json.SelfDescribingJson object at 0x10ba9dcc0>]}
[0m14:39:05.261306 [info ] [MainThread]: 
[0m14:39:05.261451 [info ] [MainThread]: Concurrency: 4 threads (target='dev')
[0m14:39:05.261556 [info ] [MainThread]: 
[0m14:39:05.261758 [debug] [MainThread]: Acquiring new postgres connection 'master'
[0m14:39:05.263333 [debug] [ThreadPool]: Acquiring new postgres connection 'list_funding_rates_staging_marts'
[0m14:39:05.263550 [debug] [ThreadPool]: Acquiring new postgres connection 'list_funding_rates_staging_staging'
[0m14:39:05.335825 [debug] [ThreadPool]: Using postgres connection "list_funding_rates_staging_marts"
[0m14:39:05.336200 [debug] [ThreadPool]: On list_funding_rates_staging_marts: /* {"app": "dbt", "dbt_version": "1.12.0b2", "profile_name": "funding_rate_analytics", "target_name": "dev", "connection_name": "list_funding_rates_staging_marts"} */
select
      'funding_rates' as database,
      tablename as name,
      schemaname as schema,
      'table' as type
    from pg_tables
    where schemaname ilike 'staging_marts'
    union all
    select
      'funding_rates' as database,
      viewname as name,
      schemaname as schema,
      'view' as type
    from pg_views
    where schemaname ilike 'staging_marts'
    union all
    select
      'funding_rates' as database,
      matviewname as name,
      schemaname as schema,
      'materialized_view' as type
    from pg_matviews
    where schemaname ilike 'staging_marts'
  
[0m14:39:05.336351 [debug] [ThreadPool]: Opening a new connection, currently in state init
[0m14:39:05.336044 [debug] [ThreadPool]: Using postgres connection "list_funding_rates_staging_staging"
[0m14:39:05.337192 [debug] [ThreadPool]: On list_funding_rates_staging_staging: /* {"app": "dbt", "dbt_version": "1.12.0b2", "profile_name": "funding_rate_analytics", "target_name": "dev", "connection_name": "list_funding_rates_staging_staging"} */
select
      'funding_rates' as database,
      tablename as name,
      schemaname as schema,
      'table' as type
    from pg_tables
    where schemaname ilike 'staging_staging'
    union all
    select
      'funding_rates' as database,
      viewname as name,
      schemaname as schema,
      'view' as type
    from pg_views
    where schemaname ilike 'staging_staging'
    union all
    select
      'funding_rates' as database,
      matviewname as name,
      schemaname as schema,
      'materialized_view' as type
    from pg_matviews
    where schemaname ilike 'staging_staging'
  
[0m14:39:05.337369 [debug] [ThreadPool]: Opening a new connection, currently in state init
[0m14:39:05.389274 [debug] [ThreadPool]: SQL status: SELECT 3 in 0.053 seconds
[0m14:39:05.390073 [debug] [ThreadPool]: On list_funding_rates_staging_marts: ROLLBACK
[0m14:39:05.389498 [debug] [ThreadPool]: SQL status: SELECT 1 in 0.052 seconds
[0m14:39:05.390484 [debug] [ThreadPool]: On list_funding_rates_staging_staging: ROLLBACK
[0m14:39:05.390717 [debug] [ThreadPool]: On list_funding_rates_staging_marts: Close
[0m14:39:05.391073 [debug] [ThreadPool]: On list_funding_rates_staging_staging: Close
[0m14:39:05.392884 [debug] [MainThread]: Using postgres connection "master"
[0m14:39:05.393051 [debug] [MainThread]: On master: /* {"app": "dbt", "dbt_version": "1.12.0b2", "profile_name": "funding_rate_analytics", "target_name": "dev", "connection_name": "master"} */
select distinct
        dependent_namespace.nspname as dependent_schema,
        dependent_class.relname as dependent_name,
        referenced_namespace.nspname as referenced_schema,
        referenced_class.relname as referenced_name

    -- Query for views: views are entries in pg_class with an entry in pg_rewrite, but we avoid
    -- a seq scan on pg_rewrite by leveraging the fact there is an "internal" row in pg_depend for
    -- the view...
    from pg_class as dependent_class
    join pg_namespace as dependent_namespace on dependent_namespace.oid = dependent_class.relnamespace
    join pg_depend as dependent_depend on dependent_depend.refobjid = dependent_class.oid
        and dependent_depend.classid = 'pg_rewrite'::regclass
        and dependent_depend.refclassid = 'pg_class'::regclass
        and dependent_depend.deptype = 'i'

    -- ... and via pg_depend (that has a row per column, hence the need for "distinct" above, and
    -- making sure to exclude the internal row to avoid a view appearing to depend on itself)...
    join pg_depend as joining_depend on joining_depend.objid = dependent_depend.objid
        and joining_depend.classid = 'pg_rewrite'::regclass
        and joining_depend.refclassid = 'pg_class'::regclass
        and joining_depend.refobjid != dependent_depend.refobjid

    -- ... we can find the tables they query from in pg_class, but excluding system tables. Note we
    -- don't need need to exclude _dependent_ system tables, because they only query from other
    -- system tables, and so are automatically excluded by excluding _referenced_ system tables
    join pg_class as referenced_class on referenced_class.oid = joining_depend.refobjid
    join pg_namespace as referenced_namespace on referenced_namespace.oid = referenced_class.relnamespace
        and referenced_namespace.nspname != 'information_schema'
        and referenced_namespace.nspname not like 'pg\_%'

    order by
        dependent_schema, dependent_name, referenced_schema, referenced_name;
[0m14:39:05.393192 [debug] [MainThread]: Opening a new connection, currently in state init
[0m14:39:05.406884 [debug] [MainThread]: SQL status: SELECT 8 in 0.014 seconds
[0m14:39:05.407468 [debug] [MainThread]: Sending event: {'category': 'dbt', 'action': 'runnable_timing', 'label': 'b1a570da-84dc-4093-9305-8af4d822666b', 'context': [<snowplow_tracker.self_describing_json.SelfDescribingJson object at 0x10b4aba10>]}
[0m14:39:05.407676 [debug] [MainThread]: On master: ROLLBACK
[0m14:39:05.408692 [debug] [MainThread]: On master: COMMIT
[0m14:39:05.408802 [debug] [MainThread]: Using postgres connection "master"
[0m14:39:05.408892 [debug] [MainThread]: On master: COMMIT
[0m14:39:05.409811 [debug] [MainThread]: SQL status: COMMIT in 0.001 seconds
[0m14:39:05.409906 [debug] [MainThread]: On master: Close
[0m14:39:05.411630 [debug] [Thread-1 (]: Began running node test.funding_rate_analytics.accepted_values_mart_daily_funding_asset_class__crypto__equity.aa8969997c
[0m14:39:05.411814 [debug] [Thread-2 (]: Began running node test.funding_rate_analytics.accepted_values_mart_hourly_funding_asset_class__crypto__equity.a873e5f13c
[0m14:39:05.412320 [info ] [Thread-2 (]: 2 of 24 START test accepted_values_mart_hourly_funding_asset_class__crypto__equity  [RUN]
[0m14:39:05.412499 [debug] [Thread-2 (]: Re-using an available connection from the pool (formerly list_funding_rates_staging_staging, now test.funding_rate_analytics.accepted_values_mart_hourly_funding_asset_class__crypto__equity.a873e5f13c)
[0m14:39:05.412645 [debug] [Thread-2 (]: Began compiling node test.funding_rate_analytics.accepted_values_mart_hourly_funding_asset_class__crypto__equity.a873e5f13c
[0m14:39:05.416437 [debug] [Thread-2 (]: Writing injected SQL for node "test.funding_rate_analytics.accepted_values_mart_hourly_funding_asset_class__crypto__equity.a873e5f13c"
[0m14:39:05.412166 [info ] [Thread-1 (]: 1 of 24 START test accepted_values_mart_daily_funding_asset_class__crypto__equity  [RUN]
[0m14:39:05.411928 [debug] [Thread-4 (]: Began running node test.funding_rate_analytics.accepted_values_stg_funding_events_asset_class__crypto__equity.8c0e938519
[0m14:39:05.412033 [debug] [Thread-3 (]: Began running node test.funding_rate_analytics.accepted_values_mart_venue_comparison_asset_class__crypto__equity.37675ad8cb
[0m14:39:05.416881 [info ] [Thread-4 (]: 4 of 24 START test accepted_values_stg_funding_events_asset_class__crypto__equity  [RUN]
[0m14:39:05.417295 [debug] [Thread-4 (]: Acquiring new postgres connection 'test.funding_rate_analytics.accepted_values_stg_funding_events_asset_class__crypto__equity.8c0e938519'
[0m14:39:05.417450 [debug] [Thread-4 (]: Began compiling node test.funding_rate_analytics.accepted_values_stg_funding_events_asset_class__crypto__equity.8c0e938519
[0m14:39:05.418955 [debug] [Thread-4 (]: Writing injected SQL for node "test.funding_rate_analytics.accepted_values_stg_funding_events_asset_class__crypto__equity.8c0e938519"
[0m14:39:05.417033 [info ] [Thread-3 (]: 3 of 24 START test accepted_values_mart_venue_comparison_asset_class__crypto__equity  [RUN]
[0m14:39:05.416695 [debug] [Thread-1 (]: Re-using an available connection from the pool (formerly list_funding_rates_staging_marts, now test.funding_rate_analytics.accepted_values_mart_daily_funding_asset_class__crypto__equity.aa8969997c)
[0m14:39:05.419511 [debug] [Thread-1 (]: Began compiling node test.funding_rate_analytics.accepted_values_mart_daily_funding_asset_class__crypto__equity.aa8969997c
[0m14:39:05.421244 [debug] [Thread-1 (]: Writing injected SQL for node "test.funding_rate_analytics.accepted_values_mart_daily_funding_asset_class__crypto__equity.aa8969997c"
[0m14:39:05.419128 [debug] [Thread-2 (]: Began executing node test.funding_rate_analytics.accepted_values_mart_hourly_funding_asset_class__crypto__equity.a873e5f13c
[0m14:39:05.419357 [debug] [Thread-3 (]: Acquiring new postgres connection 'test.funding_rate_analytics.accepted_values_mart_venue_comparison_asset_class__crypto__equity.37675ad8cb'
[0m14:39:05.427720 [debug] [Thread-4 (]: Began executing node test.funding_rate_analytics.accepted_values_stg_funding_events_asset_class__crypto__equity.8c0e938519
[0m14:39:05.430197 [debug] [Thread-4 (]: Writing runtime sql for node "test.funding_rate_analytics.accepted_values_stg_funding_events_asset_class__crypto__equity.8c0e938519"
[0m14:39:05.429179 [debug] [Thread-3 (]: Began compiling node test.funding_rate_analytics.accepted_values_mart_venue_comparison_asset_class__crypto__equity.37675ad8cb
[0m14:39:05.429006 [debug] [Thread-2 (]: Writing runtime sql for node "test.funding_rate_analytics.accepted_values_mart_hourly_funding_asset_class__crypto__equity.a873e5f13c"
[0m14:39:05.430344 [debug] [Thread-1 (]: Began executing node test.funding_rate_analytics.accepted_values_mart_daily_funding_asset_class__crypto__equity.aa8969997c
[0m14:39:05.432696 [debug] [Thread-1 (]: Writing runtime sql for node "test.funding_rate_analytics.accepted_values_mart_daily_funding_asset_class__crypto__equity.aa8969997c"
[0m14:39:05.432864 [debug] [Thread-4 (]: Using postgres connection "test.funding_rate_analytics.accepted_values_stg_funding_events_asset_class__crypto__equity.8c0e938519"
[0m14:39:05.431757 [debug] [Thread-3 (]: Writing injected SQL for node "test.funding_rate_analytics.accepted_values_mart_venue_comparison_asset_class__crypto__equity.37675ad8cb"
[0m14:39:05.433043 [debug] [Thread-4 (]: On test.funding_rate_analytics.accepted_values_stg_funding_events_asset_class__crypto__equity.8c0e938519: /* {"app": "dbt", "dbt_version": "1.12.0b2", "profile_name": "funding_rate_analytics", "target_name": "dev", "node_id": "test.funding_rate_analytics.accepted_values_stg_funding_events_asset_class__crypto__equity.8c0e938519"} */

    
    select
      count(*) as failures,
      count(*) != 0 as should_warn,
      count(*) != 0 as should_error
    from (
      
    
  
    
    

with all_values as (

    select
        asset_class as value_field,
        count(*) as n_records

    from "funding_rates"."staging_staging"."stg_funding_events"
    group by asset_class

)

select *
from all_values
where value_field not in (
    'crypto','equity'
)



  
  
      
    ) dbt_internal_test
[0m14:39:05.433279 [debug] [Thread-4 (]: Opening a new connection, currently in state init
[0m14:39:05.433643 [debug] [Thread-1 (]: Using postgres connection "test.funding_rate_analytics.accepted_values_mart_daily_funding_asset_class__crypto__equity.aa8969997c"
[0m14:39:05.433914 [debug] [Thread-1 (]: On test.funding_rate_analytics.accepted_values_mart_daily_funding_asset_class__crypto__equity.aa8969997c: /* {"app": "dbt", "dbt_version": "1.12.0b2", "profile_name": "funding_rate_analytics", "target_name": "dev", "node_id": "test.funding_rate_analytics.accepted_values_mart_daily_funding_asset_class__crypto__equity.aa8969997c"} */

    
    select
      count(*) as failures,
      count(*) != 0 as should_warn,
      count(*) != 0 as should_error
    from (
      
    
  
    
    

with all_values as (

    select
        asset_class as value_field,
        count(*) as n_records

    from "funding_rates"."staging_marts"."mart_daily_funding"
    group by asset_class

)

select *
from all_values
where value_field not in (
    'crypto','equity'
)



  
  
      
    ) dbt_internal_test
[0m14:39:05.434055 [debug] [Thread-1 (]: Opening a new connection, currently in state closed
[0m14:39:05.433463 [debug] [Thread-2 (]: Using postgres connection "test.funding_rate_analytics.accepted_values_mart_hourly_funding_asset_class__crypto__equity.a873e5f13c"
[0m14:39:05.434297 [debug] [Thread-2 (]: On test.funding_rate_analytics.accepted_values_mart_hourly_funding_asset_class__crypto__equity.a873e5f13c: /* {"app": "dbt", "dbt_version": "1.12.0b2", "profile_name": "funding_rate_analytics", "target_name": "dev", "node_id": "test.funding_rate_analytics.accepted_values_mart_hourly_funding_asset_class__crypto__equity.a873e5f13c"} */

    
    select
      count(*) as failures,
      count(*) != 0 as should_warn,
      count(*) != 0 as should_error
    from (
      
    
  
    
    

with all_values as (

    select
        asset_class as value_field,
        count(*) as n_records

    from "funding_rates"."staging_marts"."mart_hourly_funding"
    group by asset_class

)

select *
from all_values
where value_field not in (
    'crypto','equity'
)



  
  
      
    ) dbt_internal_test
[0m14:39:05.434461 [debug] [Thread-2 (]: Opening a new connection, currently in state closed
[0m14:39:05.433771 [debug] [Thread-3 (]: Began executing node test.funding_rate_analytics.accepted_values_mart_venue_comparison_asset_class__crypto__equity.37675ad8cb
[0m14:39:05.435363 [debug] [Thread-3 (]: Writing runtime sql for node "test.funding_rate_analytics.accepted_values_mart_venue_comparison_asset_class__crypto__equity.37675ad8cb"
[0m14:39:05.435682 [debug] [Thread-3 (]: Using postgres connection "test.funding_rate_analytics.accepted_values_mart_venue_comparison_asset_class__crypto__equity.37675ad8cb"
[0m14:39:05.435821 [debug] [Thread-3 (]: On test.funding_rate_analytics.accepted_values_mart_venue_comparison_asset_class__crypto__equity.37675ad8cb: /* {"app": "dbt", "dbt_version": "1.12.0b2", "profile_name": "funding_rate_analytics", "target_name": "dev", "node_id": "test.funding_rate_analytics.accepted_values_mart_venue_comparison_asset_class__crypto__equity.37675ad8cb"} */

    
    select
      count(*) as failures,
      count(*) != 0 as should_warn,
      count(*) != 0 as should_error
    from (
      
    
  
    
    

with all_values as (

    select
        asset_class as value_field,
        count(*) as n_records

    from "funding_rates"."staging_marts"."mart_venue_comparison"
    group by asset_class

)

select *
from all_values
where value_field not in (
    'crypto','equity'
)



  
  
      
    ) dbt_internal_test
[0m14:39:05.435951 [debug] [Thread-3 (]: Opening a new connection, currently in state init
[0m14:39:05.449867 [debug] [Thread-1 (]: SQL status: SELECT 1 in 0.016 seconds
[0m14:39:05.452031 [debug] [Thread-4 (]: SQL status: SELECT 1 in 0.019 seconds
[0m14:39:05.453325 [debug] [Thread-4 (]: On test.funding_rate_analytics.accepted_values_stg_funding_events_asset_class__crypto__equity.8c0e938519: ROLLBACK
[0m14:39:05.452794 [debug] [Thread-1 (]: On test.funding_rate_analytics.accepted_values_mart_daily_funding_asset_class__crypto__equity.aa8969997c: ROLLBACK
[0m14:39:05.452210 [debug] [Thread-3 (]: SQL status: SELECT 1 in 0.016 seconds
[0m14:39:05.454044 [debug] [Thread-3 (]: On test.funding_rate_analytics.accepted_values_mart_venue_comparison_asset_class__crypto__equity.37675ad8cb: ROLLBACK
[0m14:39:05.454209 [debug] [Thread-4 (]: On test.funding_rate_analytics.accepted_values_stg_funding_events_asset_class__crypto__equity.8c0e938519: Close
[0m14:39:05.454368 [debug] [Thread-1 (]: On test.funding_rate_analytics.accepted_values_mart_daily_funding_asset_class__crypto__equity.aa8969997c: Close
[0m14:39:05.454695 [info ] [Thread-4 (]: 4 of 24 PASS accepted_values_stg_funding_events_asset_class__crypto__equity .... [[32mPASS[0m in 0.04s]
[0m14:39:05.455409 [debug] [Thread-4 (]: Finished running node test.funding_rate_analytics.accepted_values_stg_funding_events_asset_class__crypto__equity.8c0e938519
[0m14:39:05.456065 [debug] [Thread-4 (]: Began running node test.funding_rate_analytics.dbt_utils_accepted_range_stg_funding_events_funding_rate_annualized_pct__True__1000___3000.88ff2d9413
[0m14:39:05.456281 [info ] [Thread-4 (]: 5 of 24 START test dbt_utils_accepted_range_stg_funding_events_funding_rate_annualized_pct__True__1000___3000  [RUN]
[0m14:39:05.454972 [info ] [Thread-1 (]: 1 of 24 PASS accepted_values_mart_daily_funding_asset_class__crypto__equity .... [[32mPASS[0m in 0.04s]
[0m14:39:05.456658 [debug] [Thread-1 (]: Finished running node test.funding_rate_analytics.accepted_values_mart_daily_funding_asset_class__crypto__equity.aa8969997c
[0m14:39:05.456801 [debug] [Thread-1 (]: Began running node test.funding_rate_analytics.dbt_utils_unique_combination_of_columns_mart_daily_funding_venue__symbol__date.061286e973
[0m14:39:05.456933 [info ] [Thread-1 (]: 6 of 24 START test dbt_utils_unique_combination_of_columns_mart_daily_funding_venue__symbol__date  [RUN]
[0m14:39:05.457077 [debug] [Thread-1 (]: Re-using an available connection from the pool (formerly test.funding_rate_analytics.accepted_values_mart_daily_funding_asset_class__crypto__equity.aa8969997c, now test.funding_rate_analytics.dbt_utils_unique_combination_of_columns_mart_daily_funding_venue__symbol__date.061286e973)
[0m14:39:05.455751 [debug] [Thread-3 (]: On test.funding_rate_analytics.accepted_values_mart_venue_comparison_asset_class__crypto__equity.37675ad8cb: Close
[0m14:39:05.457398 [debug] [Thread-1 (]: Began compiling node test.funding_rate_analytics.dbt_utils_unique_combination_of_columns_mart_daily_funding_venue__symbol__date.061286e973
[0m14:39:05.456459 [debug] [Thread-4 (]: Re-using an available connection from the pool (formerly test.funding_rate_analytics.accepted_values_stg_funding_events_asset_class__crypto__equity.8c0e938519, now test.funding_rate_analytics.dbt_utils_accepted_range_stg_funding_events_funding_rate_annualized_pct__True__1000___3000.88ff2d9413)
[0m14:39:05.460110 [debug] [Thread-4 (]: Began compiling node test.funding_rate_analytics.dbt_utils_accepted_range_stg_funding_events_funding_rate_annualized_pct__True__1000___3000.88ff2d9413
[0m14:39:05.463591 [debug] [Thread-4 (]: Writing injected SQL for node "test.funding_rate_analytics.dbt_utils_accepted_range_stg_funding_events_funding_rate_annualized_pct__True__1000___3000.88ff2d9413"
[0m14:39:05.459899 [debug] [Thread-1 (]: Writing injected SQL for node "test.funding_rate_analytics.dbt_utils_unique_combination_of_columns_mart_daily_funding_venue__symbol__date.061286e973"
[0m14:39:05.460331 [info ] [Thread-3 (]: 3 of 24 PASS accepted_values_mart_venue_comparison_asset_class__crypto__equity . [[32mPASS[0m in 0.04s]
[0m14:39:05.464140 [debug] [Thread-3 (]: Finished running node test.funding_rate_analytics.accepted_values_mart_venue_comparison_asset_class__crypto__equity.37675ad8cb
[0m14:39:05.464373 [debug] [Thread-3 (]: Began running node test.funding_rate_analytics.dbt_utils_unique_combination_of_columns_mart_hourly_funding_venue__symbol__hour_start.868c9b487e
[0m14:39:05.464664 [debug] [Thread-4 (]: Began executing node test.funding_rate_analytics.dbt_utils_accepted_range_stg_funding_events_funding_rate_annualized_pct__True__1000___3000.88ff2d9413
[0m14:39:05.466146 [debug] [Thread-4 (]: Writing runtime sql for node "test.funding_rate_analytics.dbt_utils_accepted_range_stg_funding_events_funding_rate_annualized_pct__True__1000___3000.88ff2d9413"
[0m14:39:05.464860 [debug] [Thread-1 (]: Began executing node test.funding_rate_analytics.dbt_utils_unique_combination_of_columns_mart_daily_funding_venue__symbol__date.061286e973
[0m14:39:05.467238 [debug] [Thread-1 (]: Writing runtime sql for node "test.funding_rate_analytics.dbt_utils_unique_combination_of_columns_mart_daily_funding_venue__symbol__date.061286e973"
[0m14:39:05.464515 [info ] [Thread-3 (]: 7 of 24 START test dbt_utils_unique_combination_of_columns_mart_hourly_funding_venue__symbol__hour_start  [RUN]
[0m14:39:05.467449 [debug] [Thread-3 (]: Re-using an available connection from the pool (formerly test.funding_rate_analytics.accepted_values_mart_venue_comparison_asset_class__crypto__equity.37675ad8cb, now test.funding_rate_analytics.dbt_utils_unique_combination_of_columns_mart_hourly_funding_venue__symbol__hour_start.868c9b487e)
[0m14:39:05.466346 [debug] [Thread-2 (]: SQL status: SELECT 1 in 0.032 seconds
[0m14:39:05.468137 [debug] [Thread-2 (]: On test.funding_rate_analytics.accepted_values_mart_hourly_funding_asset_class__crypto__equity.a873e5f13c: ROLLBACK
[0m14:39:05.468323 [debug] [Thread-4 (]: Using postgres connection "test.funding_rate_analytics.dbt_utils_accepted_range_stg_funding_events_funding_rate_annualized_pct__True__1000___3000.88ff2d9413"
[0m14:39:05.468490 [debug] [Thread-4 (]: On test.funding_rate_analytics.dbt_utils_accepted_range_stg_funding_events_funding_rate_annualized_pct__True__1000___3000.88ff2d9413: /* {"app": "dbt", "dbt_version": "1.12.0b2", "profile_name": "funding_rate_analytics", "target_name": "dev", "node_id": "test.funding_rate_analytics.dbt_utils_accepted_range_stg_funding_events_funding_rate_annualized_pct__True__1000___3000.88ff2d9413"} */

    
    select
      count(*) as failures,
      count(*) != 0 as should_warn,
      count(*) != 0 as should_error
    from (
      
    
  

with meet_condition as(
  select *
  from "funding_rates"."staging_staging"."stg_funding_events"
),

validation_errors as (
  select *
  from meet_condition
  where
    -- never true, defaults to an empty result set. Exists to ensure any combo of the `or` clauses below succeeds
    1 = 2
    -- records with a value >= min_value are permitted. The `not` flips this to find records that don't meet the rule.
    or not funding_rate_annualized_pct >= -3000
    -- records with a value <= max_value are permitted. The `not` flips this to find records that don't meet the rule.
    or not funding_rate_annualized_pct <= 1000
)

select *
from validation_errors


  
  
      
    ) dbt_internal_test
[0m14:39:05.468806 [debug] [Thread-4 (]: Opening a new connection, currently in state closed
[0m14:39:05.467585 [debug] [Thread-3 (]: Began compiling node test.funding_rate_analytics.dbt_utils_unique_combination_of_columns_mart_hourly_funding_venue__symbol__hour_start.868c9b487e
[0m14:39:05.470877 [debug] [Thread-3 (]: Writing injected SQL for node "test.funding_rate_analytics.dbt_utils_unique_combination_of_columns_mart_hourly_funding_venue__symbol__hour_start.868c9b487e"
[0m14:39:05.468935 [debug] [Thread-2 (]: On test.funding_rate_analytics.accepted_values_mart_hourly_funding_asset_class__crypto__equity.a873e5f13c: Close
[0m14:39:05.468666 [debug] [Thread-1 (]: Using postgres connection "test.funding_rate_analytics.dbt_utils_unique_combination_of_columns_mart_daily_funding_venue__symbol__date.061286e973"
[0m14:39:05.471502 [debug] [Thread-1 (]: On test.funding_rate_analytics.dbt_utils_unique_combination_of_columns_mart_daily_funding_venue__symbol__date.061286e973: /* {"app": "dbt", "dbt_version": "1.12.0b2", "profile_name": "funding_rate_analytics", "target_name": "dev", "node_id": "test.funding_rate_analytics.dbt_utils_unique_combination_of_columns_mart_daily_funding_venue__symbol__date.061286e973"} */

    
    select
      count(*) as failures,
      count(*) != 0 as should_warn,
      count(*) != 0 as should_error
    from (
      
    
  





with validation_errors as (

    select
        venue, symbol, date
    from "funding_rates"."staging_marts"."mart_daily_funding"
    group by venue, symbol, date
    having count(*) > 1

)

select *
from validation_errors



  
  
      
    ) dbt_internal_test
[0m14:39:05.471719 [debug] [Thread-1 (]: Opening a new connection, currently in state closed
[0m14:39:05.471296 [info ] [Thread-2 (]: 2 of 24 PASS accepted_values_mart_hourly_funding_asset_class__crypto__equity ... [[32mPASS[0m in 0.06s]
[0m14:39:05.472431 [debug] [Thread-2 (]: Finished running node test.funding_rate_analytics.accepted_values_mart_hourly_funding_asset_class__crypto__equity.a873e5f13c
[0m14:39:05.472618 [debug] [Thread-2 (]: Began running node test.funding_rate_analytics.dbt_utils_unique_combination_of_columns_mart_venue_comparison_date__symbol.8d8bb853b9
[0m14:39:05.472825 [info ] [Thread-2 (]: 8 of 24 START test dbt_utils_unique_combination_of_columns_mart_venue_comparison_date__symbol  [RUN]
[0m14:39:05.473002 [debug] [Thread-2 (]: Re-using an available connection from the pool (formerly test.funding_rate_analytics.accepted_values_mart_hourly_funding_asset_class__crypto__equity.a873e5f13c, now test.funding_rate_analytics.dbt_utils_unique_combination_of_columns_mart_venue_comparison_date__symbol.8d8bb853b9)
[0m14:39:05.471986 [debug] [Thread-3 (]: Began executing node test.funding_rate_analytics.dbt_utils_unique_combination_of_columns_mart_hourly_funding_venue__symbol__hour_start.868c9b487e
[0m14:39:05.474380 [debug] [Thread-3 (]: Writing runtime sql for node "test.funding_rate_analytics.dbt_utils_unique_combination_of_columns_mart_hourly_funding_venue__symbol__hour_start.868c9b487e"
[0m14:39:05.473149 [debug] [Thread-2 (]: Began compiling node test.funding_rate_analytics.dbt_utils_unique_combination_of_columns_mart_venue_comparison_date__symbol.8d8bb853b9
[0m14:39:05.476271 [debug] [Thread-2 (]: Writing injected SQL for node "test.funding_rate_analytics.dbt_utils_unique_combination_of_columns_mart_venue_comparison_date__symbol.8d8bb853b9"
[0m14:39:05.476609 [debug] [Thread-2 (]: Began executing node test.funding_rate_analytics.dbt_utils_unique_combination_of_columns_mart_venue_comparison_date__symbol.8d8bb853b9
[0m14:39:05.477592 [debug] [Thread-2 (]: Writing runtime sql for node "test.funding_rate_analytics.dbt_utils_unique_combination_of_columns_mart_venue_comparison_date__symbol.8d8bb853b9"
[0m14:39:05.476781 [debug] [Thread-3 (]: Using postgres connection "test.funding_rate_analytics.dbt_utils_unique_combination_of_columns_mart_hourly_funding_venue__symbol__hour_start.868c9b487e"
[0m14:39:05.477787 [debug] [Thread-3 (]: On test.funding_rate_analytics.dbt_utils_unique_combination_of_columns_mart_hourly_funding_venue__symbol__hour_start.868c9b487e: /* {"app": "dbt", "dbt_version": "1.12.0b2", "profile_name": "funding_rate_analytics", "target_name": "dev", "node_id": "test.funding_rate_analytics.dbt_utils_unique_combination_of_columns_mart_hourly_funding_venue__symbol__hour_start.868c9b487e"} */

    
    select
      count(*) as failures,
      count(*) != 0 as should_warn,
      count(*) != 0 as should_error
    from (
      
    
  





with validation_errors as (

    select
        venue, symbol, hour_start
    from "funding_rates"."staging_marts"."mart_hourly_funding"
    group by venue, symbol, hour_start
    having count(*) > 1

)

select *
from validation_errors



  
  
      
    ) dbt_internal_test
[0m14:39:05.477936 [debug] [Thread-3 (]: Opening a new connection, currently in state closed
[0m14:39:05.478138 [debug] [Thread-2 (]: Using postgres connection "test.funding_rate_analytics.dbt_utils_unique_combination_of_columns_mart_venue_comparison_date__symbol.8d8bb853b9"
[0m14:39:05.478277 [debug] [Thread-2 (]: On test.funding_rate_analytics.dbt_utils_unique_combination_of_columns_mart_venue_comparison_date__symbol.8d8bb853b9: /* {"app": "dbt", "dbt_version": "1.12.0b2", "profile_name": "funding_rate_analytics", "target_name": "dev", "node_id": "test.funding_rate_analytics.dbt_utils_unique_combination_of_columns_mart_venue_comparison_date__symbol.8d8bb853b9"} */

    
    select
      count(*) as failures,
      count(*) != 0 as should_warn,
      count(*) != 0 as should_error
    from (
      
    
  





with validation_errors as (

    select
        date, symbol
    from "funding_rates"."staging_marts"."mart_venue_comparison"
    group by date, symbol
    having count(*) > 1

)

select *
from validation_errors



  
  
      
    ) dbt_internal_test
[0m14:39:05.478408 [debug] [Thread-2 (]: Opening a new connection, currently in state closed
[0m14:39:05.482824 [debug] [Thread-1 (]: SQL status: SELECT 1 in 0.011 seconds
[0m14:39:05.483949 [debug] [Thread-1 (]: On test.funding_rate_analytics.dbt_utils_unique_combination_of_columns_mart_daily_funding_venue__symbol__date.061286e973: ROLLBACK
[0m14:39:05.484770 [debug] [Thread-1 (]: On test.funding_rate_analytics.dbt_utils_unique_combination_of_columns_mart_daily_funding_venue__symbol__date.061286e973: Close
[0m14:39:05.485144 [info ] [Thread-1 (]: 6 of 24 PASS dbt_utils_unique_combination_of_columns_mart_daily_funding_venue__symbol__date  [[32mPASS[0m in 0.03s]
[0m14:39:05.485830 [debug] [Thread-1 (]: Finished running node test.funding_rate_analytics.dbt_utils_unique_combination_of_columns_mart_daily_funding_venue__symbol__date.061286e973
[0m14:39:05.486748 [debug] [Thread-1 (]: Began running node test.funding_rate_analytics.not_null_mart_daily_funding_asset_class.0ed59c2af1
[0m14:39:05.487281 [info ] [Thread-1 (]: 9 of 24 START test not_null_mart_daily_funding_asset_class ..................... [RUN]
[0m14:39:05.487742 [debug] [Thread-1 (]: Re-using an available connection from the pool (formerly test.funding_rate_analytics.dbt_utils_unique_combination_of_columns_mart_daily_funding_venue__symbol__date.061286e973, now test.funding_rate_analytics.not_null_mart_daily_funding_asset_class.0ed59c2af1)
[0m14:39:05.487925 [debug] [Thread-1 (]: Began compiling node test.funding_rate_analytics.not_null_mart_daily_funding_asset_class.0ed59c2af1
[0m14:39:05.490938 [debug] [Thread-1 (]: Writing injected SQL for node "test.funding_rate_analytics.not_null_mart_daily_funding_asset_class.0ed59c2af1"
[0m14:39:05.491308 [debug] [Thread-1 (]: Began executing node test.funding_rate_analytics.not_null_mart_daily_funding_asset_class.0ed59c2af1
[0m14:39:05.492170 [debug] [Thread-1 (]: Writing runtime sql for node "test.funding_rate_analytics.not_null_mart_daily_funding_asset_class.0ed59c2af1"
[0m14:39:05.492480 [debug] [Thread-1 (]: Using postgres connection "test.funding_rate_analytics.not_null_mart_daily_funding_asset_class.0ed59c2af1"
[0m14:39:05.492631 [debug] [Thread-1 (]: On test.funding_rate_analytics.not_null_mart_daily_funding_asset_class.0ed59c2af1: /* {"app": "dbt", "dbt_version": "1.12.0b2", "profile_name": "funding_rate_analytics", "target_name": "dev", "node_id": "test.funding_rate_analytics.not_null_mart_daily_funding_asset_class.0ed59c2af1"} */

    
    select
      count(*) as failures,
      count(*) != 0 as should_warn,
      count(*) != 0 as should_error
    from (
      
    
  
    
    



select asset_class
from "funding_rates"."staging_marts"."mart_daily_funding"
where asset_class is null



  
  
      
    ) dbt_internal_test
[0m14:39:05.492764 [debug] [Thread-1 (]: Opening a new connection, currently in state closed
[0m14:39:05.496521 [debug] [Thread-2 (]: SQL status: SELECT 1 in 0.018 seconds
[0m14:39:05.497156 [debug] [Thread-2 (]: On test.funding_rate_analytics.dbt_utils_unique_combination_of_columns_mart_venue_comparison_date__symbol.8d8bb853b9: ROLLBACK
[0m14:39:05.497529 [debug] [Thread-2 (]: On test.funding_rate_analytics.dbt_utils_unique_combination_of_columns_mart_venue_comparison_date__symbol.8d8bb853b9: Close
[0m14:39:05.497783 [error] [Thread-2 (]: 8 of 24 FAIL 9414 dbt_utils_unique_combination_of_columns_mart_venue_comparison_date__symbol  [[31mFAIL 9414[0m in 0.02s]
[0m14:39:05.497991 [debug] [Thread-2 (]: Finished running node test.funding_rate_analytics.dbt_utils_unique_combination_of_columns_mart_venue_comparison_date__symbol.8d8bb853b9
[0m14:39:05.498140 [debug] [Thread-2 (]: Began running node test.funding_rate_analytics.not_null_mart_daily_funding_date.318940ad57
[0m14:39:05.498324 [info ] [Thread-2 (]: 10 of 24 START test not_null_mart_daily_funding_date ........................... [RUN]
[0m14:39:05.498527 [debug] [Thread-2 (]: Re-using an available connection from the pool (formerly test.funding_rate_analytics.dbt_utils_unique_combination_of_columns_mart_venue_comparison_date__symbol.8d8bb853b9, now test.funding_rate_analytics.not_null_mart_daily_funding_date.318940ad57)
[0m14:39:05.498658 [debug] [Thread-2 (]: Began compiling node test.funding_rate_analytics.not_null_mart_daily_funding_date.318940ad57
[0m14:39:05.502001 [debug] [Thread-2 (]: Writing injected SQL for node "test.funding_rate_analytics.not_null_mart_daily_funding_date.318940ad57"
[0m14:39:05.502298 [debug] [Thread-1 (]: SQL status: SELECT 1 in 0.009 seconds
[0m14:39:05.503184 [debug] [Thread-1 (]: On test.funding_rate_analytics.not_null_mart_daily_funding_asset_class.0ed59c2af1: ROLLBACK
[0m14:39:05.503644 [debug] [Thread-2 (]: Began executing node test.funding_rate_analytics.not_null_mart_daily_funding_date.318940ad57
[0m14:39:05.504888 [debug] [Thread-2 (]: Writing runtime sql for node "test.funding_rate_analytics.not_null_mart_daily_funding_date.318940ad57"
[0m14:39:05.503908 [debug] [Thread-1 (]: On test.funding_rate_analytics.not_null_mart_daily_funding_asset_class.0ed59c2af1: Close
[0m14:39:05.505330 [info ] [Thread-1 (]: 9 of 24 PASS not_null_mart_daily_funding_asset_class ........................... [[32mPASS[0m in 0.02s]
[0m14:39:05.505785 [debug] [Thread-1 (]: Finished running node test.funding_rate_analytics.not_null_mart_daily_funding_asset_class.0ed59c2af1
[0m14:39:05.506187 [debug] [Thread-1 (]: Began running node test.funding_rate_analytics.not_null_mart_daily_funding_symbol.821abc9f29
[0m14:39:05.506593 [info ] [Thread-1 (]: 11 of 24 START test not_null_mart_daily_funding_symbol ......................... [RUN]
[0m14:39:05.506770 [debug] [Thread-1 (]: Re-using an available connection from the pool (formerly test.funding_rate_analytics.not_null_mart_daily_funding_asset_class.0ed59c2af1, now test.funding_rate_analytics.not_null_mart_daily_funding_symbol.821abc9f29)
[0m14:39:05.506904 [debug] [Thread-1 (]: Began compiling node test.funding_rate_analytics.not_null_mart_daily_funding_symbol.821abc9f29
[0m14:39:05.508603 [debug] [Thread-1 (]: Writing injected SQL for node "test.funding_rate_analytics.not_null_mart_daily_funding_symbol.821abc9f29"
[0m14:39:05.506450 [debug] [Thread-2 (]: Using postgres connection "test.funding_rate_analytics.not_null_mart_daily_funding_date.318940ad57"
[0m14:39:05.508989 [debug] [Thread-2 (]: On test.funding_rate_analytics.not_null_mart_daily_funding_date.318940ad57: /* {"app": "dbt", "dbt_version": "1.12.0b2", "profile_name": "funding_rate_analytics", "target_name": "dev", "node_id": "test.funding_rate_analytics.not_null_mart_daily_funding_date.318940ad57"} */

    
    select
      count(*) as failures,
      count(*) != 0 as should_warn,
      count(*) != 0 as should_error
    from (
      
    
  
    
    



select date
from "funding_rates"."staging_marts"."mart_daily_funding"
where date is null



  
  
      
    ) dbt_internal_test
[0m14:39:05.509371 [debug] [Thread-2 (]: Opening a new connection, currently in state closed
[0m14:39:05.509608 [debug] [Thread-1 (]: Began executing node test.funding_rate_analytics.not_null_mart_daily_funding_symbol.821abc9f29
[0m14:39:05.510720 [debug] [Thread-1 (]: Writing runtime sql for node "test.funding_rate_analytics.not_null_mart_daily_funding_symbol.821abc9f29"
[0m14:39:05.511061 [debug] [Thread-1 (]: Using postgres connection "test.funding_rate_analytics.not_null_mart_daily_funding_symbol.821abc9f29"
[0m14:39:05.511195 [debug] [Thread-1 (]: On test.funding_rate_analytics.not_null_mart_daily_funding_symbol.821abc9f29: /* {"app": "dbt", "dbt_version": "1.12.0b2", "profile_name": "funding_rate_analytics", "target_name": "dev", "node_id": "test.funding_rate_analytics.not_null_mart_daily_funding_symbol.821abc9f29"} */

    
    select
      count(*) as failures,
      count(*) != 0 as should_warn,
      count(*) != 0 as should_error
    from (
      
    
  
    
    



select symbol
from "funding_rates"."staging_marts"."mart_daily_funding"
where symbol is null



  
  
      
    ) dbt_internal_test
[0m14:39:05.511322 [debug] [Thread-1 (]: Opening a new connection, currently in state closed
[0m14:39:05.516803 [debug] [Thread-2 (]: SQL status: SELECT 1 in 0.007 seconds
[0m14:39:05.517488 [debug] [Thread-2 (]: On test.funding_rate_analytics.not_null_mart_daily_funding_date.318940ad57: ROLLBACK
[0m14:39:05.517651 [debug] [Thread-1 (]: SQL status: SELECT 1 in 0.006 seconds
[0m14:39:05.518116 [debug] [Thread-1 (]: On test.funding_rate_analytics.not_null_mart_daily_funding_symbol.821abc9f29: ROLLBACK
[0m14:39:05.518245 [debug] [Thread-2 (]: On test.funding_rate_analytics.not_null_mart_daily_funding_date.318940ad57: Close
[0m14:39:05.518509 [info ] [Thread-2 (]: 10 of 24 PASS not_null_mart_daily_funding_date ................................. [[32mPASS[0m in 0.02s]
[0m14:39:05.518846 [debug] [Thread-2 (]: Finished running node test.funding_rate_analytics.not_null_mart_daily_funding_date.318940ad57
[0m14:39:05.518993 [debug] [Thread-2 (]: Began running node test.funding_rate_analytics.not_null_mart_daily_funding_venue.f8f49ef725
[0m14:39:05.519165 [info ] [Thread-2 (]: 12 of 24 START test not_null_mart_daily_funding_venue .......................... [RUN]
[0m14:39:05.519323 [debug] [Thread-2 (]: Re-using an available connection from the pool (formerly test.funding_rate_analytics.not_null_mart_daily_funding_date.318940ad57, now test.funding_rate_analytics.not_null_mart_daily_funding_venue.f8f49ef725)
[0m14:39:05.519454 [debug] [Thread-2 (]: Began compiling node test.funding_rate_analytics.not_null_mart_daily_funding_venue.f8f49ef725
[0m14:39:05.521272 [debug] [Thread-2 (]: Writing injected SQL for node "test.funding_rate_analytics.not_null_mart_daily_funding_venue.f8f49ef725"
[0m14:39:05.518663 [debug] [Thread-1 (]: On test.funding_rate_analytics.not_null_mart_daily_funding_symbol.821abc9f29: Close
[0m14:39:05.521723 [info ] [Thread-1 (]: 11 of 24 PASS not_null_mart_daily_funding_symbol ............................... [[32mPASS[0m in 0.01s]
[0m14:39:05.522192 [debug] [Thread-1 (]: Finished running node test.funding_rate_analytics.not_null_mart_daily_funding_symbol.821abc9f29
[0m14:39:05.522923 [debug] [Thread-1 (]: Began running node test.funding_rate_analytics.not_null_mart_hourly_funding_asset_class.f869108288
[0m14:39:05.523148 [info ] [Thread-1 (]: 13 of 24 START test not_null_mart_hourly_funding_asset_class ................... [RUN]
[0m14:39:05.523332 [debug] [Thread-1 (]: Re-using an available connection from the pool (formerly test.funding_rate_analytics.not_null_mart_daily_funding_symbol.821abc9f29, now test.funding_rate_analytics.not_null_mart_hourly_funding_asset_class.f869108288)
[0m14:39:05.523471 [debug] [Thread-1 (]: Began compiling node test.funding_rate_analytics.not_null_mart_hourly_funding_asset_class.f869108288
[0m14:39:05.525970 [debug] [Thread-1 (]: Writing injected SQL for node "test.funding_rate_analytics.not_null_mart_hourly_funding_asset_class.f869108288"
[0m14:39:05.522564 [debug] [Thread-2 (]: Began executing node test.funding_rate_analytics.not_null_mart_daily_funding_venue.f8f49ef725
[0m14:39:05.527031 [debug] [Thread-2 (]: Writing runtime sql for node "test.funding_rate_analytics.not_null_mart_daily_funding_venue.f8f49ef725"
[0m14:39:05.527340 [debug] [Thread-1 (]: Began executing node test.funding_rate_analytics.not_null_mart_hourly_funding_asset_class.f869108288
[0m14:39:05.528254 [debug] [Thread-1 (]: Writing runtime sql for node "test.funding_rate_analytics.not_null_mart_hourly_funding_asset_class.f869108288"
[0m14:39:05.528422 [debug] [Thread-2 (]: Using postgres connection "test.funding_rate_analytics.not_null_mart_daily_funding_venue.f8f49ef725"
[0m14:39:05.528677 [debug] [Thread-2 (]: On test.funding_rate_analytics.not_null_mart_daily_funding_venue.f8f49ef725: /* {"app": "dbt", "dbt_version": "1.12.0b2", "profile_name": "funding_rate_analytics", "target_name": "dev", "node_id": "test.funding_rate_analytics.not_null_mart_daily_funding_venue.f8f49ef725"} */

    
    select
      count(*) as failures,
      count(*) != 0 as should_warn,
      count(*) != 0 as should_error
    from (
      
    
  
    
    



select venue
from "funding_rates"."staging_marts"."mart_daily_funding"
where venue is null



  
  
      
    ) dbt_internal_test
[0m14:39:05.528817 [debug] [Thread-2 (]: Opening a new connection, currently in state closed
[0m14:39:05.529185 [debug] [Thread-1 (]: Using postgres connection "test.funding_rate_analytics.not_null_mart_hourly_funding_asset_class.f869108288"
[0m14:39:05.529327 [debug] [Thread-1 (]: On test.funding_rate_analytics.not_null_mart_hourly_funding_asset_class.f869108288: /* {"app": "dbt", "dbt_version": "1.12.0b2", "profile_name": "funding_rate_analytics", "target_name": "dev", "node_id": "test.funding_rate_analytics.not_null_mart_hourly_funding_asset_class.f869108288"} */

    
    select
      count(*) as failures,
      count(*) != 0 as should_warn,
      count(*) != 0 as should_error
    from (
      
    
  
    
    



select asset_class
from "funding_rates"."staging_marts"."mart_hourly_funding"
where asset_class is null



  
  
      
    ) dbt_internal_test
[0m14:39:05.529454 [debug] [Thread-1 (]: Opening a new connection, currently in state closed
[0m14:39:05.536618 [debug] [Thread-2 (]: SQL status: SELECT 1 in 0.008 seconds
[0m14:39:05.537237 [debug] [Thread-2 (]: On test.funding_rate_analytics.not_null_mart_daily_funding_venue.f8f49ef725: ROLLBACK
[0m14:39:05.541517 [debug] [Thread-2 (]: On test.funding_rate_analytics.not_null_mart_daily_funding_venue.f8f49ef725: Close
[0m14:39:05.542040 [info ] [Thread-2 (]: 12 of 24 PASS not_null_mart_daily_funding_venue ................................ [[32mPASS[0m in 0.02s]
[0m14:39:05.542281 [debug] [Thread-2 (]: Finished running node test.funding_rate_analytics.not_null_mart_daily_funding_venue.f8f49ef725
[0m14:39:05.542438 [debug] [Thread-2 (]: Began running node test.funding_rate_analytics.not_null_mart_hourly_funding_hour_start.7ce62d12b4
[0m14:39:05.542574 [info ] [Thread-2 (]: 14 of 24 START test not_null_mart_hourly_funding_hour_start .................... [RUN]
[0m14:39:05.542733 [debug] [Thread-2 (]: Re-using an available connection from the pool (formerly test.funding_rate_analytics.not_null_mart_daily_funding_venue.f8f49ef725, now test.funding_rate_analytics.not_null_mart_hourly_funding_hour_start.7ce62d12b4)
[0m14:39:05.542866 [debug] [Thread-2 (]: Began compiling node test.funding_rate_analytics.not_null_mart_hourly_funding_hour_start.7ce62d12b4
[0m14:39:05.544721 [debug] [Thread-2 (]: Writing injected SQL for node "test.funding_rate_analytics.not_null_mart_hourly_funding_hour_start.7ce62d12b4"
[0m14:39:05.545087 [debug] [Thread-1 (]: SQL status: SELECT 1 in 0.015 seconds
[0m14:39:05.546319 [debug] [Thread-1 (]: On test.funding_rate_analytics.not_null_mart_hourly_funding_asset_class.f869108288: ROLLBACK
[0m14:39:05.546755 [debug] [Thread-2 (]: Began executing node test.funding_rate_analytics.not_null_mart_hourly_funding_hour_start.7ce62d12b4
[0m14:39:05.547994 [debug] [Thread-2 (]: Writing runtime sql for node "test.funding_rate_analytics.not_null_mart_hourly_funding_hour_start.7ce62d12b4"
[0m14:39:05.548143 [debug] [Thread-1 (]: On test.funding_rate_analytics.not_null_mart_hourly_funding_asset_class.f869108288: Close
[0m14:39:05.548519 [debug] [Thread-2 (]: Using postgres connection "test.funding_rate_analytics.not_null_mart_hourly_funding_hour_start.7ce62d12b4"
[0m14:39:05.548952 [debug] [Thread-2 (]: On test.funding_rate_analytics.not_null_mart_hourly_funding_hour_start.7ce62d12b4: /* {"app": "dbt", "dbt_version": "1.12.0b2", "profile_name": "funding_rate_analytics", "target_name": "dev", "node_id": "test.funding_rate_analytics.not_null_mart_hourly_funding_hour_start.7ce62d12b4"} */

    
    select
      count(*) as failures,
      count(*) != 0 as should_warn,
      count(*) != 0 as should_error
    from (
      
    
  
    
    



select hour_start
from "funding_rates"."staging_marts"."mart_hourly_funding"
where hour_start is null



  
  
      
    ) dbt_internal_test
[0m14:39:05.549095 [debug] [Thread-2 (]: Opening a new connection, currently in state closed
[0m14:39:05.548788 [info ] [Thread-1 (]: 13 of 24 PASS not_null_mart_hourly_funding_asset_class ......................... [[32mPASS[0m in 0.03s]
[0m14:39:05.549365 [debug] [Thread-1 (]: Finished running node test.funding_rate_analytics.not_null_mart_hourly_funding_asset_class.f869108288
[0m14:39:05.549512 [debug] [Thread-1 (]: Began running node test.funding_rate_analytics.not_null_mart_hourly_funding_symbol.f2d6c0f007
[0m14:39:05.549647 [info ] [Thread-1 (]: 15 of 24 START test not_null_mart_hourly_funding_symbol ........................ [RUN]
[0m14:39:05.549806 [debug] [Thread-1 (]: Re-using an available connection from the pool (formerly test.funding_rate_analytics.not_null_mart_hourly_funding_asset_class.f869108288, now test.funding_rate_analytics.not_null_mart_hourly_funding_symbol.f2d6c0f007)
[0m14:39:05.549935 [debug] [Thread-1 (]: Began compiling node test.funding_rate_analytics.not_null_mart_hourly_funding_symbol.f2d6c0f007
[0m14:39:05.551748 [debug] [Thread-1 (]: Writing injected SQL for node "test.funding_rate_analytics.not_null_mart_hourly_funding_symbol.f2d6c0f007"
[0m14:39:05.552170 [debug] [Thread-1 (]: Began executing node test.funding_rate_analytics.not_null_mart_hourly_funding_symbol.f2d6c0f007
[0m14:39:05.553133 [debug] [Thread-1 (]: Writing runtime sql for node "test.funding_rate_analytics.not_null_mart_hourly_funding_symbol.f2d6c0f007"
[0m14:39:05.553466 [debug] [Thread-1 (]: Using postgres connection "test.funding_rate_analytics.not_null_mart_hourly_funding_symbol.f2d6c0f007"
[0m14:39:05.553605 [debug] [Thread-1 (]: On test.funding_rate_analytics.not_null_mart_hourly_funding_symbol.f2d6c0f007: /* {"app": "dbt", "dbt_version": "1.12.0b2", "profile_name": "funding_rate_analytics", "target_name": "dev", "node_id": "test.funding_rate_analytics.not_null_mart_hourly_funding_symbol.f2d6c0f007"} */

    
    select
      count(*) as failures,
      count(*) != 0 as should_warn,
      count(*) != 0 as should_error
    from (
      
    
  
    
    



select symbol
from "funding_rates"."staging_marts"."mart_hourly_funding"
where symbol is null



  
  
      
    ) dbt_internal_test
[0m14:39:05.553735 [debug] [Thread-1 (]: Opening a new connection, currently in state closed
[0m14:39:05.563915 [debug] [Thread-4 (]: SQL status: SELECT 1 in 0.095 seconds
[0m14:39:05.565640 [debug] [Thread-4 (]: On test.funding_rate_analytics.dbt_utils_accepted_range_stg_funding_events_funding_rate_annualized_pct__True__1000___3000.88ff2d9413: ROLLBACK
[0m14:39:05.566108 [debug] [Thread-2 (]: SQL status: SELECT 1 in 0.017 seconds
[0m14:39:05.567581 [debug] [Thread-2 (]: On test.funding_rate_analytics.not_null_mart_hourly_funding_hour_start.7ce62d12b4: ROLLBACK
[0m14:39:05.567882 [debug] [Thread-4 (]: On test.funding_rate_analytics.dbt_utils_accepted_range_stg_funding_events_funding_rate_annualized_pct__True__1000___3000.88ff2d9413: Close
[0m14:39:05.568588 [info ] [Thread-4 (]: 5 of 24 PASS dbt_utils_accepted_range_stg_funding_events_funding_rate_annualized_pct__True__1000___3000  [[32mPASS[0m in 0.11s]
[0m14:39:05.569398 [debug] [Thread-4 (]: Finished running node test.funding_rate_analytics.dbt_utils_accepted_range_stg_funding_events_funding_rate_annualized_pct__True__1000___3000.88ff2d9413
[0m14:39:05.569773 [debug] [Thread-4 (]: Began running node test.funding_rate_analytics.not_null_mart_hourly_funding_venue.92300b66b4
[0m14:39:05.569962 [info ] [Thread-4 (]: 16 of 24 START test not_null_mart_hourly_funding_venue ......................... [RUN]
[0m14:39:05.570180 [debug] [Thread-4 (]: Re-using an available connection from the pool (formerly test.funding_rate_analytics.dbt_utils_accepted_range_stg_funding_events_funding_rate_annualized_pct__True__1000___3000.88ff2d9413, now test.funding_rate_analytics.not_null_mart_hourly_funding_venue.92300b66b4)
[0m14:39:05.570321 [debug] [Thread-4 (]: Began compiling node test.funding_rate_analytics.not_null_mart_hourly_funding_venue.92300b66b4
[0m14:39:05.572568 [debug] [Thread-4 (]: Writing injected SQL for node "test.funding_rate_analytics.not_null_mart_hourly_funding_venue.92300b66b4"
[0m14:39:05.569606 [debug] [Thread-1 (]: SQL status: SELECT 1 in 0.016 seconds
[0m14:39:05.568875 [debug] [Thread-2 (]: On test.funding_rate_analytics.not_null_mart_hourly_funding_hour_start.7ce62d12b4: Close
[0m14:39:05.573352 [debug] [Thread-1 (]: On test.funding_rate_analytics.not_null_mart_hourly_funding_symbol.f2d6c0f007: ROLLBACK
[0m14:39:05.573908 [info ] [Thread-2 (]: 14 of 24 PASS not_null_mart_hourly_funding_hour_start .......................... [[32mPASS[0m in 0.03s]
[0m14:39:05.574472 [debug] [Thread-2 (]: Finished running node test.funding_rate_analytics.not_null_mart_hourly_funding_hour_start.7ce62d12b4
[0m14:39:05.574778 [debug] [Thread-2 (]: Began running node test.funding_rate_analytics.not_null_mart_venue_comparison_asset_class.39c227269c
[0m14:39:05.574925 [info ] [Thread-2 (]: 17 of 24 START test not_null_mart_venue_comparison_asset_class ................. [RUN]
[0m14:39:05.575119 [debug] [Thread-2 (]: Re-using an available connection from the pool (formerly test.funding_rate_analytics.not_null_mart_hourly_funding_hour_start.7ce62d12b4, now test.funding_rate_analytics.not_null_mart_venue_comparison_asset_class.39c227269c)
[0m14:39:05.575297 [debug] [Thread-2 (]: Began compiling node test.funding_rate_analytics.not_null_mart_venue_comparison_asset_class.39c227269c
[0m14:39:05.577280 [debug] [Thread-2 (]: Writing injected SQL for node "test.funding_rate_analytics.not_null_mart_venue_comparison_asset_class.39c227269c"
[0m14:39:05.574626 [debug] [Thread-1 (]: On test.funding_rate_analytics.not_null_mart_hourly_funding_symbol.f2d6c0f007: Close
[0m14:39:05.574180 [debug] [Thread-4 (]: Began executing node test.funding_rate_analytics.not_null_mart_hourly_funding_venue.92300b66b4
[0m14:39:05.579015 [debug] [Thread-4 (]: Writing runtime sql for node "test.funding_rate_analytics.not_null_mart_hourly_funding_venue.92300b66b4"
[0m14:39:05.577667 [info ] [Thread-1 (]: 15 of 24 PASS not_null_mart_hourly_funding_symbol .............................. [[32mPASS[0m in 0.03s]
[0m14:39:05.579631 [debug] [Thread-1 (]: Finished running node test.funding_rate_analytics.not_null_mart_hourly_funding_symbol.f2d6c0f007
[0m14:39:05.580285 [debug] [Thread-1 (]: Began running node test.funding_rate_analytics.not_null_mart_venue_comparison_date.397ed2a6de
[0m14:39:05.580008 [debug] [Thread-2 (]: Began executing node test.funding_rate_analytics.not_null_mart_venue_comparison_asset_class.39c227269c
[0m14:39:05.581878 [debug] [Thread-2 (]: Writing runtime sql for node "test.funding_rate_analytics.not_null_mart_venue_comparison_asset_class.39c227269c"
[0m14:39:05.580790 [debug] [Thread-4 (]: Using postgres connection "test.funding_rate_analytics.not_null_mart_hourly_funding_venue.92300b66b4"
[0m14:39:05.580554 [info ] [Thread-1 (]: 18 of 24 START test not_null_mart_venue_comparison_date ........................ [RUN]
[0m14:39:05.582447 [debug] [Thread-1 (]: Re-using an available connection from the pool (formerly test.funding_rate_analytics.not_null_mart_hourly_funding_symbol.f2d6c0f007, now test.funding_rate_analytics.not_null_mart_venue_comparison_date.397ed2a6de)
[0m14:39:05.582661 [debug] [Thread-1 (]: Began compiling node test.funding_rate_analytics.not_null_mart_venue_comparison_date.397ed2a6de
[0m14:39:05.584622 [debug] [Thread-1 (]: Writing injected SQL for node "test.funding_rate_analytics.not_null_mart_venue_comparison_date.397ed2a6de"
[0m14:39:05.584807 [debug] [Thread-2 (]: Using postgres connection "test.funding_rate_analytics.not_null_mart_venue_comparison_asset_class.39c227269c"
[0m14:39:05.582235 [debug] [Thread-4 (]: On test.funding_rate_analytics.not_null_mart_hourly_funding_venue.92300b66b4: /* {"app": "dbt", "dbt_version": "1.12.0b2", "profile_name": "funding_rate_analytics", "target_name": "dev", "node_id": "test.funding_rate_analytics.not_null_mart_hourly_funding_venue.92300b66b4"} */

    
    select
      count(*) as failures,
      count(*) != 0 as should_warn,
      count(*) != 0 as should_error
    from (
      
    
  
    
    



select venue
from "funding_rates"."staging_marts"."mart_hourly_funding"
where venue is null



  
  
      
    ) dbt_internal_test
[0m14:39:05.585117 [debug] [Thread-4 (]: Opening a new connection, currently in state closed
[0m14:39:05.584976 [debug] [Thread-2 (]: On test.funding_rate_analytics.not_null_mart_venue_comparison_asset_class.39c227269c: /* {"app": "dbt", "dbt_version": "1.12.0b2", "profile_name": "funding_rate_analytics", "target_name": "dev", "node_id": "test.funding_rate_analytics.not_null_mart_venue_comparison_asset_class.39c227269c"} */

    
    select
      count(*) as failures,
      count(*) != 0 as should_warn,
      count(*) != 0 as should_error
    from (
      
    
  
    
    



select asset_class
from "funding_rates"."staging_marts"."mart_venue_comparison"
where asset_class is null



  
  
      
    ) dbt_internal_test
[0m14:39:05.585333 [debug] [Thread-2 (]: Opening a new connection, currently in state closed
[0m14:39:05.585473 [debug] [Thread-1 (]: Began executing node test.funding_rate_analytics.not_null_mart_venue_comparison_date.397ed2a6de
[0m14:39:05.586413 [debug] [Thread-1 (]: Writing runtime sql for node "test.funding_rate_analytics.not_null_mart_venue_comparison_date.397ed2a6de"
[0m14:39:05.586816 [debug] [Thread-1 (]: Using postgres connection "test.funding_rate_analytics.not_null_mart_venue_comparison_date.397ed2a6de"
[0m14:39:05.586957 [debug] [Thread-1 (]: On test.funding_rate_analytics.not_null_mart_venue_comparison_date.397ed2a6de: /* {"app": "dbt", "dbt_version": "1.12.0b2", "profile_name": "funding_rate_analytics", "target_name": "dev", "node_id": "test.funding_rate_analytics.not_null_mart_venue_comparison_date.397ed2a6de"} */

    
    select
      count(*) as failures,
      count(*) != 0 as should_warn,
      count(*) != 0 as should_error
    from (
      
    
  
    
    



select date
from "funding_rates"."staging_marts"."mart_venue_comparison"
where date is null



  
  
      
    ) dbt_internal_test
[0m14:39:05.587086 [debug] [Thread-1 (]: Opening a new connection, currently in state closed
[0m14:39:05.593067 [debug] [Thread-2 (]: SQL status: SELECT 1 in 0.008 seconds
[0m14:39:05.593741 [debug] [Thread-2 (]: On test.funding_rate_analytics.not_null_mart_venue_comparison_asset_class.39c227269c: ROLLBACK
[0m14:39:05.594407 [debug] [Thread-2 (]: On test.funding_rate_analytics.not_null_mart_venue_comparison_asset_class.39c227269c: Close
[0m14:39:05.594757 [debug] [Thread-1 (]: SQL status: SELECT 1 in 0.008 seconds
[0m14:39:05.595881 [debug] [Thread-1 (]: On test.funding_rate_analytics.not_null_mart_venue_comparison_date.397ed2a6de: ROLLBACK
[0m14:39:05.596495 [debug] [Thread-4 (]: SQL status: SELECT 1 in 0.011 seconds
[0m14:39:05.597133 [debug] [Thread-4 (]: On test.funding_rate_analytics.not_null_mart_hourly_funding_venue.92300b66b4: ROLLBACK
[0m14:39:05.596340 [info ] [Thread-2 (]: 17 of 24 PASS not_null_mart_venue_comparison_asset_class ....................... [[32mPASS[0m in 0.02s]
[0m14:39:05.597490 [debug] [Thread-2 (]: Finished running node test.funding_rate_analytics.not_null_mart_venue_comparison_asset_class.39c227269c
[0m14:39:05.597651 [debug] [Thread-2 (]: Began running node test.funding_rate_analytics.not_null_mart_venue_comparison_symbol.11b35d98d7
[0m14:39:05.597290 [debug] [Thread-1 (]: On test.funding_rate_analytics.not_null_mart_venue_comparison_date.397ed2a6de: Close
[0m14:39:05.597925 [info ] [Thread-2 (]: 19 of 24 START test not_null_mart_venue_comparison_symbol ...................... [RUN]
[0m14:39:05.598369 [debug] [Thread-2 (]: Re-using an available connection from the pool (formerly test.funding_rate_analytics.not_null_mart_venue_comparison_asset_class.39c227269c, now test.funding_rate_analytics.not_null_mart_venue_comparison_symbol.11b35d98d7)
[0m14:39:05.598505 [debug] [Thread-2 (]: Began compiling node test.funding_rate_analytics.not_null_mart_venue_comparison_symbol.11b35d98d7
[0m14:39:05.601255 [debug] [Thread-2 (]: Writing injected SQL for node "test.funding_rate_analytics.not_null_mart_venue_comparison_symbol.11b35d98d7"
[0m14:39:05.598206 [info ] [Thread-1 (]: 18 of 24 PASS not_null_mart_venue_comparison_date .............................. [[32mPASS[0m in 0.02s]
[0m14:39:05.597793 [debug] [Thread-4 (]: On test.funding_rate_analytics.not_null_mart_hourly_funding_venue.92300b66b4: Close
[0m14:39:05.601842 [info ] [Thread-4 (]: 16 of 24 PASS not_null_mart_hourly_funding_venue ............................... [[32mPASS[0m in 0.03s]
[0m14:39:05.602048 [debug] [Thread-4 (]: Finished running node test.funding_rate_analytics.not_null_mart_hourly_funding_venue.92300b66b4
[0m14:39:05.602195 [debug] [Thread-4 (]: Began running node test.funding_rate_analytics.not_null_stg_funding_events_asset_class.102539e1bd
[0m14:39:05.601556 [debug] [Thread-1 (]: Finished running node test.funding_rate_analytics.not_null_mart_venue_comparison_date.397ed2a6de
[0m14:39:05.603053 [debug] [Thread-1 (]: Began running node test.funding_rate_analytics.not_null_stg_funding_events_funding_rate_annualized_pct.89653db3eb
[0m14:39:05.603385 [info ] [Thread-1 (]: 21 of 24 START test not_null_stg_funding_events_funding_rate_annualized_pct .... [RUN]
[0m14:39:05.603560 [debug] [Thread-1 (]: Re-using an available connection from the pool (formerly test.funding_rate_analytics.not_null_mart_venue_comparison_date.397ed2a6de, now test.funding_rate_analytics.not_null_stg_funding_events_funding_rate_annualized_pct.89653db3eb)
[0m14:39:05.603695 [debug] [Thread-1 (]: Began compiling node test.funding_rate_analytics.not_null_stg_funding_events_funding_rate_annualized_pct.89653db3eb
[0m14:39:05.605456 [debug] [Thread-1 (]: Writing injected SQL for node "test.funding_rate_analytics.not_null_stg_funding_events_funding_rate_annualized_pct.89653db3eb"
[0m14:39:05.602549 [info ] [Thread-4 (]: 20 of 24 START test not_null_stg_funding_events_asset_class .................... [RUN]
[0m14:39:05.603224 [debug] [Thread-2 (]: Began executing node test.funding_rate_analytics.not_null_mart_venue_comparison_symbol.11b35d98d7
[0m14:39:05.606818 [debug] [Thread-2 (]: Writing runtime sql for node "test.funding_rate_analytics.not_null_mart_venue_comparison_symbol.11b35d98d7"
[0m14:39:05.605689 [debug] [Thread-4 (]: Re-using an available connection from the pool (formerly test.funding_rate_analytics.not_null_mart_hourly_funding_venue.92300b66b4, now test.funding_rate_analytics.not_null_stg_funding_events_asset_class.102539e1bd)
[0m14:39:05.607029 [debug] [Thread-4 (]: Began compiling node test.funding_rate_analytics.not_null_stg_funding_events_asset_class.102539e1bd
[0m14:39:05.608420 [debug] [Thread-4 (]: Writing injected SQL for node "test.funding_rate_analytics.not_null_stg_funding_events_asset_class.102539e1bd"
[0m14:39:05.608638 [debug] [Thread-1 (]: Began executing node test.funding_rate_analytics.not_null_stg_funding_events_funding_rate_annualized_pct.89653db3eb
[0m14:39:05.609426 [debug] [Thread-1 (]: Writing runtime sql for node "test.funding_rate_analytics.not_null_stg_funding_events_funding_rate_annualized_pct.89653db3eb"
[0m14:39:05.609641 [debug] [Thread-2 (]: Using postgres connection "test.funding_rate_analytics.not_null_mart_venue_comparison_symbol.11b35d98d7"
[0m14:39:05.609779 [debug] [Thread-2 (]: On test.funding_rate_analytics.not_null_mart_venue_comparison_symbol.11b35d98d7: /* {"app": "dbt", "dbt_version": "1.12.0b2", "profile_name": "funding_rate_analytics", "target_name": "dev", "node_id": "test.funding_rate_analytics.not_null_mart_venue_comparison_symbol.11b35d98d7"} */

    
    select
      count(*) as failures,
      count(*) != 0 as should_warn,
      count(*) != 0 as should_error
    from (
      
    
  
    
    



select symbol
from "funding_rates"."staging_marts"."mart_venue_comparison"
where symbol is null



  
  
      
    ) dbt_internal_test
[0m14:39:05.610075 [debug] [Thread-2 (]: Opening a new connection, currently in state closed
[0m14:39:05.609931 [debug] [Thread-4 (]: Began executing node test.funding_rate_analytics.not_null_stg_funding_events_asset_class.102539e1bd
[0m14:39:05.611127 [debug] [Thread-4 (]: Writing runtime sql for node "test.funding_rate_analytics.not_null_stg_funding_events_asset_class.102539e1bd"
[0m14:39:05.611290 [debug] [Thread-1 (]: Using postgres connection "test.funding_rate_analytics.not_null_stg_funding_events_funding_rate_annualized_pct.89653db3eb"
[0m14:39:05.611460 [debug] [Thread-1 (]: On test.funding_rate_analytics.not_null_stg_funding_events_funding_rate_annualized_pct.89653db3eb: /* {"app": "dbt", "dbt_version": "1.12.0b2", "profile_name": "funding_rate_analytics", "target_name": "dev", "node_id": "test.funding_rate_analytics.not_null_stg_funding_events_funding_rate_annualized_pct.89653db3eb"} */

    
    select
      count(*) as failures,
      count(*) != 0 as should_warn,
      count(*) != 0 as should_error
    from (
      
    
  
    
    



select funding_rate_annualized_pct
from "funding_rates"."staging_staging"."stg_funding_events"
where funding_rate_annualized_pct is null



  
  
      
    ) dbt_internal_test
[0m14:39:05.611590 [debug] [Thread-1 (]: Opening a new connection, currently in state closed
[0m14:39:05.611937 [debug] [Thread-4 (]: Using postgres connection "test.funding_rate_analytics.not_null_stg_funding_events_asset_class.102539e1bd"
[0m14:39:05.612079 [debug] [Thread-4 (]: On test.funding_rate_analytics.not_null_stg_funding_events_asset_class.102539e1bd: /* {"app": "dbt", "dbt_version": "1.12.0b2", "profile_name": "funding_rate_analytics", "target_name": "dev", "node_id": "test.funding_rate_analytics.not_null_stg_funding_events_asset_class.102539e1bd"} */

    
    select
      count(*) as failures,
      count(*) != 0 as should_warn,
      count(*) != 0 as should_error
    from (
      
    
  
    
    



select asset_class
from "funding_rates"."staging_staging"."stg_funding_events"
where asset_class is null



  
  
      
    ) dbt_internal_test
[0m14:39:05.612206 [debug] [Thread-4 (]: Opening a new connection, currently in state closed
[0m14:39:05.613683 [debug] [Thread-3 (]: SQL status: SELECT 1 in 0.136 seconds
[0m14:39:05.614277 [debug] [Thread-3 (]: On test.funding_rate_analytics.dbt_utils_unique_combination_of_columns_mart_hourly_funding_venue__symbol__hour_start.868c9b487e: ROLLBACK
[0m14:39:05.614643 [debug] [Thread-3 (]: On test.funding_rate_analytics.dbt_utils_unique_combination_of_columns_mart_hourly_funding_venue__symbol__hour_start.868c9b487e: Close
[0m14:39:05.614896 [info ] [Thread-3 (]: 7 of 24 PASS dbt_utils_unique_combination_of_columns_mart_hourly_funding_venue__symbol__hour_start  [[32mPASS[0m in 0.15s]
[0m14:39:05.615102 [debug] [Thread-3 (]: Finished running node test.funding_rate_analytics.dbt_utils_unique_combination_of_columns_mart_hourly_funding_venue__symbol__hour_start.868c9b487e
[0m14:39:05.615256 [debug] [Thread-3 (]: Began running node test.funding_rate_analytics.not_null_stg_funding_events_interval_start.571c9ad96b
[0m14:39:05.615389 [info ] [Thread-3 (]: 22 of 24 START test not_null_stg_funding_events_interval_start ................. [RUN]
[0m14:39:05.615538 [debug] [Thread-3 (]: Re-using an available connection from the pool (formerly test.funding_rate_analytics.dbt_utils_unique_combination_of_columns_mart_hourly_funding_venue__symbol__hour_start.868c9b487e, now test.funding_rate_analytics.not_null_stg_funding_events_interval_start.571c9ad96b)
[0m14:39:05.615716 [debug] [Thread-3 (]: Began compiling node test.funding_rate_analytics.not_null_stg_funding_events_interval_start.571c9ad96b
[0m14:39:05.617591 [debug] [Thread-3 (]: Writing injected SQL for node "test.funding_rate_analytics.not_null_stg_funding_events_interval_start.571c9ad96b"
[0m14:39:05.617809 [debug] [Thread-2 (]: SQL status: SELECT 1 in 0.008 seconds
[0m14:39:05.618430 [debug] [Thread-2 (]: On test.funding_rate_analytics.not_null_mart_venue_comparison_symbol.11b35d98d7: ROLLBACK
[0m14:39:05.619006 [debug] [Thread-2 (]: On test.funding_rate_analytics.not_null_mart_venue_comparison_symbol.11b35d98d7: Close
[0m14:39:05.619285 [info ] [Thread-2 (]: 19 of 24 PASS not_null_mart_venue_comparison_symbol ............................ [[32mPASS[0m in 0.02s]
[0m14:39:05.619913 [debug] [Thread-2 (]: Finished running node test.funding_rate_analytics.not_null_mart_venue_comparison_symbol.11b35d98d7
[0m14:39:05.620084 [debug] [Thread-2 (]: Began running node test.funding_rate_analytics.not_null_stg_funding_events_symbol.979ec2bdf0
[0m14:39:05.620219 [info ] [Thread-2 (]: 23 of 24 START test not_null_stg_funding_events_symbol ......................... [RUN]
[0m14:39:05.620385 [debug] [Thread-2 (]: Re-using an available connection from the pool (formerly test.funding_rate_analytics.not_null_mart_venue_comparison_symbol.11b35d98d7, now test.funding_rate_analytics.not_null_stg_funding_events_symbol.979ec2bdf0)
[0m14:39:05.620515 [debug] [Thread-2 (]: Began compiling node test.funding_rate_analytics.not_null_stg_funding_events_symbol.979ec2bdf0
[0m14:39:05.622494 [debug] [Thread-2 (]: Writing injected SQL for node "test.funding_rate_analytics.not_null_stg_funding_events_symbol.979ec2bdf0"
[0m14:39:05.619554 [debug] [Thread-3 (]: Began executing node test.funding_rate_analytics.not_null_stg_funding_events_interval_start.571c9ad96b
[0m14:39:05.620657 [debug] [Thread-4 (]: SQL status: SELECT 1 in 0.008 seconds
[0m14:39:05.623851 [debug] [Thread-4 (]: On test.funding_rate_analytics.not_null_stg_funding_events_asset_class.102539e1bd: ROLLBACK
[0m14:39:05.623347 [debug] [Thread-3 (]: Writing runtime sql for node "test.funding_rate_analytics.not_null_stg_funding_events_interval_start.571c9ad96b"
[0m14:39:05.624109 [debug] [Thread-2 (]: Began executing node test.funding_rate_analytics.not_null_stg_funding_events_symbol.979ec2bdf0
[0m14:39:05.626641 [debug] [Thread-2 (]: Writing runtime sql for node "test.funding_rate_analytics.not_null_stg_funding_events_symbol.979ec2bdf0"
[0m14:39:05.626813 [debug] [Thread-4 (]: On test.funding_rate_analytics.not_null_stg_funding_events_asset_class.102539e1bd: Close
[0m14:39:05.627047 [debug] [Thread-3 (]: Using postgres connection "test.funding_rate_analytics.not_null_stg_funding_events_interval_start.571c9ad96b"
[0m14:39:05.627405 [debug] [Thread-3 (]: On test.funding_rate_analytics.not_null_stg_funding_events_interval_start.571c9ad96b: /* {"app": "dbt", "dbt_version": "1.12.0b2", "profile_name": "funding_rate_analytics", "target_name": "dev", "node_id": "test.funding_rate_analytics.not_null_stg_funding_events_interval_start.571c9ad96b"} */

    
    select
      count(*) as failures,
      count(*) != 0 as should_warn,
      count(*) != 0 as should_error
    from (
      
    
  
    
    



select interval_start
from "funding_rates"."staging_staging"."stg_funding_events"
where interval_start is null



  
  
      
    ) dbt_internal_test
[0m14:39:05.627552 [debug] [Thread-3 (]: Opening a new connection, currently in state closed
[0m14:39:05.627268 [info ] [Thread-4 (]: 20 of 24 PASS not_null_stg_funding_events_asset_class .......................... [[32mPASS[0m in 0.02s]
[0m14:39:05.627975 [debug] [Thread-4 (]: Finished running node test.funding_rate_analytics.not_null_stg_funding_events_asset_class.102539e1bd
[0m14:39:05.628281 [debug] [Thread-4 (]: Began running node test.funding_rate_analytics.not_null_stg_funding_events_venue.e2f31a7991
[0m14:39:05.628454 [info ] [Thread-4 (]: 24 of 24 START test not_null_stg_funding_events_venue .......................... [RUN]
[0m14:39:05.628637 [debug] [Thread-4 (]: Re-using an available connection from the pool (formerly test.funding_rate_analytics.not_null_stg_funding_events_asset_class.102539e1bd, now test.funding_rate_analytics.not_null_stg_funding_events_venue.e2f31a7991)
[0m14:39:05.628771 [debug] [Thread-4 (]: Began compiling node test.funding_rate_analytics.not_null_stg_funding_events_venue.e2f31a7991
[0m14:39:05.630326 [debug] [Thread-4 (]: Writing injected SQL for node "test.funding_rate_analytics.not_null_stg_funding_events_venue.e2f31a7991"
[0m14:39:05.628133 [debug] [Thread-2 (]: Using postgres connection "test.funding_rate_analytics.not_null_stg_funding_events_symbol.979ec2bdf0"
[0m14:39:05.630515 [debug] [Thread-2 (]: On test.funding_rate_analytics.not_null_stg_funding_events_symbol.979ec2bdf0: /* {"app": "dbt", "dbt_version": "1.12.0b2", "profile_name": "funding_rate_analytics", "target_name": "dev", "node_id": "test.funding_rate_analytics.not_null_stg_funding_events_symbol.979ec2bdf0"} */

    
    select
      count(*) as failures,
      count(*) != 0 as should_warn,
      count(*) != 0 as should_error
    from (
      
    
  
    
    



select symbol
from "funding_rates"."staging_staging"."stg_funding_events"
where symbol is null



  
  
      
    ) dbt_internal_test
[0m14:39:05.630654 [debug] [Thread-2 (]: Opening a new connection, currently in state closed
[0m14:39:05.630919 [debug] [Thread-4 (]: Began executing node test.funding_rate_analytics.not_null_stg_funding_events_venue.e2f31a7991
[0m14:39:05.631898 [debug] [Thread-4 (]: Writing runtime sql for node "test.funding_rate_analytics.not_null_stg_funding_events_venue.e2f31a7991"
[0m14:39:05.632533 [debug] [Thread-4 (]: Using postgres connection "test.funding_rate_analytics.not_null_stg_funding_events_venue.e2f31a7991"
[0m14:39:05.632684 [debug] [Thread-4 (]: On test.funding_rate_analytics.not_null_stg_funding_events_venue.e2f31a7991: /* {"app": "dbt", "dbt_version": "1.12.0b2", "profile_name": "funding_rate_analytics", "target_name": "dev", "node_id": "test.funding_rate_analytics.not_null_stg_funding_events_venue.e2f31a7991"} */

    
    select
      count(*) as failures,
      count(*) != 0 as should_warn,
      count(*) != 0 as should_error
    from (
      
    
  
    
    



select venue
from "funding_rates"."staging_staging"."stg_funding_events"
where venue is null



  
  
      
    ) dbt_internal_test
[0m14:39:05.632815 [debug] [Thread-4 (]: Opening a new connection, currently in state closed
[0m14:39:05.640917 [debug] [Thread-3 (]: SQL status: SELECT 1 in 0.013 seconds
[0m14:39:05.641529 [debug] [Thread-3 (]: On test.funding_rate_analytics.not_null_stg_funding_events_interval_start.571c9ad96b: ROLLBACK
[0m14:39:05.642120 [debug] [Thread-3 (]: On test.funding_rate_analytics.not_null_stg_funding_events_interval_start.571c9ad96b: Close
[0m14:39:05.642622 [info ] [Thread-3 (]: 22 of 24 PASS not_null_stg_funding_events_interval_start ....................... [[32mPASS[0m in 0.03s]
[0m14:39:05.642833 [debug] [Thread-3 (]: Finished running node test.funding_rate_analytics.not_null_stg_funding_events_interval_start.571c9ad96b
[0m14:39:05.657524 [debug] [Thread-1 (]: SQL status: SELECT 1 in 0.046 seconds
[0m14:39:05.658129 [debug] [Thread-1 (]: On test.funding_rate_analytics.not_null_stg_funding_events_funding_rate_annualized_pct.89653db3eb: ROLLBACK
[0m14:39:05.658650 [debug] [Thread-1 (]: On test.funding_rate_analytics.not_null_stg_funding_events_funding_rate_annualized_pct.89653db3eb: Close
[0m14:39:05.658900 [info ] [Thread-1 (]: 21 of 24 PASS not_null_stg_funding_events_funding_rate_annualized_pct .......... [[32mPASS[0m in 0.06s]
[0m14:39:05.659098 [debug] [Thread-1 (]: Finished running node test.funding_rate_analytics.not_null_stg_funding_events_funding_rate_annualized_pct.89653db3eb
[0m14:39:05.706641 [debug] [Thread-2 (]: SQL status: SELECT 1 in 0.076 seconds
[0m14:39:05.707526 [debug] [Thread-2 (]: On test.funding_rate_analytics.not_null_stg_funding_events_symbol.979ec2bdf0: ROLLBACK
[0m14:39:05.706884 [debug] [Thread-4 (]: SQL status: SELECT 1 in 0.074 seconds
[0m14:39:05.708012 [debug] [Thread-4 (]: On test.funding_rate_analytics.not_null_stg_funding_events_venue.e2f31a7991: ROLLBACK
[0m14:39:05.708160 [debug] [Thread-2 (]: On test.funding_rate_analytics.not_null_stg_funding_events_symbol.979ec2bdf0: Close
[0m14:39:05.708446 [info ] [Thread-2 (]: 23 of 24 PASS not_null_stg_funding_events_symbol ............................... [[32mPASS[0m in 0.09s]
[0m14:39:05.708775 [debug] [Thread-2 (]: Finished running node test.funding_rate_analytics.not_null_stg_funding_events_symbol.979ec2bdf0
[0m14:39:05.708600 [debug] [Thread-4 (]: On test.funding_rate_analytics.not_null_stg_funding_events_venue.e2f31a7991: Close
[0m14:39:05.709054 [info ] [Thread-4 (]: 24 of 24 PASS not_null_stg_funding_events_venue ................................ [[32mPASS[0m in 0.08s]
[0m14:39:05.709239 [debug] [Thread-4 (]: Finished running node test.funding_rate_analytics.not_null_stg_funding_events_venue.e2f31a7991
[0m14:39:05.710135 [debug] [MainThread]: On master: COMMIT
[0m14:39:05.710317 [debug] [MainThread]: Using postgres connection "master"
[0m14:39:05.710434 [debug] [MainThread]: On master: COMMIT
[0m14:39:05.710535 [debug] [MainThread]: Opening a new connection, currently in state closed
[0m14:39:05.716088 [debug] [MainThread]: SQL status: COMMIT in 0.006 seconds
[0m14:39:05.716273 [debug] [MainThread]: On master: Close
[0m14:39:05.716451 [debug] [MainThread]: Connection 'master' was properly closed.
[0m14:39:05.716567 [debug] [MainThread]: Connection 'test.funding_rate_analytics.not_null_stg_funding_events_funding_rate_annualized_pct.89653db3eb' was properly closed.
[0m14:39:05.716662 [debug] [MainThread]: Connection 'test.funding_rate_analytics.not_null_stg_funding_events_symbol.979ec2bdf0' was properly closed.
[0m14:39:05.716756 [debug] [MainThread]: Connection 'test.funding_rate_analytics.not_null_stg_funding_events_venue.e2f31a7991' was properly closed.
[0m14:39:05.716846 [debug] [MainThread]: Connection 'test.funding_rate_analytics.not_null_stg_funding_events_interval_start.571c9ad96b' was properly closed.
[0m14:39:05.716980 [info ] [MainThread]: 
[0m14:39:05.717106 [info ] [MainThread]: Finished running 24 data tests in 0 hours 0 minutes and 0.46 seconds (0.46s).
[0m14:39:05.718243 [debug] [MainThread]: Command end result
[0m14:39:05.734435 [debug] [MainThread]: Wrote artifact WritableManifest to /Users/nformenton/Dev/funding-rate-analytics/dbt/target/manifest.json
[0m14:39:05.736635 [debug] [MainThread]: Wrote artifact SemanticManifest to /Users/nformenton/Dev/funding-rate-analytics/dbt/target/semantic_manifest.json
[0m14:39:05.738180 [debug] [MainThread]: Wrote artifact OsiDocument to /Users/nformenton/Dev/funding-rate-analytics/dbt/target/osi_document.json
[0m14:39:05.741707 [debug] [MainThread]: Wrote artifact RunExecutionResult to /Users/nformenton/Dev/funding-rate-analytics/dbt/target/run_results.json
[0m14:39:05.742969 [info ] [MainThread]: 
[0m14:39:05.743141 [info ] [MainThread]: [31mCompleted with 1 error, 0 partial successes, and 0 warnings:[0m
[0m14:39:05.743259 [info ] [MainThread]: 
[0m14:39:05.743407 [error] [MainThread]: [[31mERROR[0m]: in test dbt_utils_unique_combination_of_columns_mart_venue_comparison_date__symbol (models/marts/schema.yml)
[0m14:39:05.743540 [error] [MainThread]:   Got 9414 results, configured to fail if != 0
[0m14:39:05.743645 [info ] [MainThread]: 
[0m14:39:05.743766 [info ] [MainThread]:   compiled code at target/compiled/funding_rate_analytics/models/marts/schema.yml/dbt_utils_unique_combination_o_4b6cb3cc530acd742150887c9f4e45d7.sql
[0m14:39:05.743878 [info ] [MainThread]: 
[0m14:39:05.743998 [info ] [MainThread]: Done. PASS=23 WARN=0 ERROR=1 SKIP=0 NO-OP=0 REUSED=0 TOTAL=24
[0m14:39:05.744231 [warn ] [MainThread]: [[33mWARNING[0m][DeprecationsSummary]: Deprecated functionality
Summary of encountered deprecations:
- MissingArgumentsPropertyInGenericTestDeprecation: 6 occurrences
To see all deprecation instances instead of just the first occurrence of each,
run command again with the `--show-all-deprecations` flag. You may also need to
run with `--no-partial-parse` as some deprecations are only encountered during
parsing.
[0m14:39:05.747523 [debug] [MainThread]: Resource report: {"command_name": "test", "command_success": false, "command_wall_clock_time": 1.0685514, "process_in_blocks": "0", "process_kernel_time": 0.247556, "process_mem_max_rss": "177864704", "process_out_blocks": "0", "process_user_time": 1.216788}
[0m14:39:05.747791 [debug] [MainThread]: Command `dbt test` failed at 14:39:05.747754 after 1.07 seconds
[0m14:39:05.747968 [debug] [MainThread]: Sending event: {'category': 'dbt', 'action': 'invocation', 'label': 'end', 'context': [<snowplow_tracker.self_describing_json.SelfDescribingJson object at 0x10be45d30>, <snowplow_tracker.self_describing_json.SelfDescribingJson object at 0x10bded6d0>, <snowplow_tracker.self_describing_json.SelfDescribingJson object at 0x10bdeef30>]}
[0m14:39:05.748126 [debug] [MainThread]: Flushing usage events
[0m14:39:06.531241 [debug] [MainThread]: An error was encountered while trying to flush usage events
[0m14:39:23.221779 [debug] [MainThread]: Sending event: {'category': 'dbt', 'action': 'invocation', 'label': 'start', 'context': [<snowplow_tracker.self_describing_json.SelfDescribingJson object at 0x108c8c2f0>, <snowplow_tracker.self_describing_json.SelfDescribingJson object at 0x10a1cead0>, <snowplow_tracker.self_describing_json.SelfDescribingJson object at 0x10a1cec10>]}


============================== 14:39:23.225414 | dcc84272-f542-41e9-9a7c-53db2144e987 ==============================
[0m14:39:23.225414 [info ] [MainThread]: Running with dbt=1.12.0-b2
[0m14:39:23.225696 [debug] [MainThread]: running dbt with arguments {'log_cache_events': 'False', 'use_colors': 'True', 'version_check': 'True', 'use_experimental_parser': 'False', 'empty': 'None', 'warn_error': 'None', 'fail_fast': 'False', 'maximum_seed_size_mib': '1', 'profiles_dir': '/Users/nformenton/Dev/funding-rate-analytics/dbt', 'warn_error_options': 'WarnErrorOptionsV2(error=[], warn=[], silence=[])', 'invocation_command': "dbt run-operation run_query --args {sql: 'SELECT date, symbol, COUNT(*) as cnt FROM staging_marts.mart_venue_comparison GROUP BY 1, 2 HAVING COUNT(*) > 1 ORDER BY cnt DESC LIMIT 10'}", 'cache_selected_only': 'False', 'static_parser': 'True', 'partial_parse': 'True', 'quiet': 'False', 'send_anonymous_usage_stats': 'True', 'target_path': 'None', 'write_json': 'True', 'debug': 'False', 'log_path': '/Users/nformenton/Dev/funding-rate-analytics/dbt/logs', 'printer_width': '80', 'log_format': 'default', 'introspect': 'True', 'indirect_selection': 'eager', 'no_print': 'None'}
[0m14:39:23.329771 [debug] [MainThread]: Sending event: {'category': 'dbt', 'action': 'project_id', 'label': 'dcc84272-f542-41e9-9a7c-53db2144e987', 'context': [<snowplow_tracker.self_describing_json.SelfDescribingJson object at 0x10a2689d0>]}
[0m14:39:23.353185 [debug] [MainThread]: Sending event: {'category': 'dbt', 'action': 'adapter_info', 'label': 'dcc84272-f542-41e9-9a7c-53db2144e987', 'context': [<snowplow_tracker.self_describing_json.SelfDescribingJson object at 0x10a29f130>]}
[0m14:39:23.354711 [info ] [MainThread]: Registered adapter: postgres=1.10.0
[0m14:39:23.395402 [debug] [MainThread]: checksum: 4028e76001202c6d79cbd6497f04f8a5167c54a3cd8d4daed1786e25b5aa8f08, vars: {}, profile: funding_rate_analytics, target: dev, version: 1.12.0b2
[0m14:39:23.516990 [debug] [MainThread]: Partial parsing enabled: 0 files deleted, 0 files added, 0 files changed.
[0m14:39:23.517236 [debug] [MainThread]: Nothing changed, skipping partial parsing.
[0m14:39:23.517368 [debug] [MainThread]: Partial parsing enabled, no changes found, skipping parsing
[0m14:39:23.534107 [debug] [MainThread]: Sending event: {'category': 'dbt', 'action': 'load_project', 'label': 'dcc84272-f542-41e9-9a7c-53db2144e987', 'context': [<snowplow_tracker.self_describing_json.SelfDescribingJson object at 0x10b3c9050>]}
[0m14:39:23.574185 [debug] [MainThread]: Wrote artifact WritableManifest to /Users/nformenton/Dev/funding-rate-analytics/dbt/target/manifest.json
[0m14:39:23.576556 [debug] [MainThread]: Wrote artifact SemanticManifest to /Users/nformenton/Dev/funding-rate-analytics/dbt/target/semantic_manifest.json
[0m14:39:23.594362 [debug] [MainThread]: Wrote artifact OsiDocument to /Users/nformenton/Dev/funding-rate-analytics/dbt/target/osi_document.json
[0m14:39:23.608649 [debug] [MainThread]: Sending event: {'category': 'dbt', 'action': 'resource_counts', 'label': 'dcc84272-f542-41e9-9a7c-53db2144e987', 'context': [<snowplow_tracker.self_describing_json.SelfDescribingJson object at 0x10b527f20>]}
[0m14:39:23.608892 [info ] [MainThread]: Found 4 models, 24 data tests, 591 macros
[0m14:39:23.609035 [debug] [MainThread]: Sending event: {'category': 'dbt', 'action': 'runnable_timing', 'label': 'dcc84272-f542-41e9-9a7c-53db2144e987', 'context': [<snowplow_tracker.self_describing_json.SelfDescribingJson object at 0x10b54bcb0>]}
[0m14:39:23.609280 [debug] [MainThread]: Acquiring new postgres connection 'macro_run_query'
[0m14:39:23.609408 [debug] [MainThread]: On macro_run_query: COMMIT
[0m14:39:23.609522 [debug] [MainThread]: Using postgres connection "macro_run_query"
[0m14:39:23.609619 [debug] [MainThread]: On macro_run_query: COMMIT
[0m14:39:23.609721 [debug] [MainThread]: Opening a new connection, currently in state init
[0m14:39:23.650535 [debug] [MainThread]: SQL status: COMMIT in 0.041 seconds
[0m14:39:23.717954 [debug] [MainThread]: Using postgres connection "macro_run_query"
[0m14:39:23.718150 [debug] [MainThread]: On macro_run_query: /* {"app": "dbt", "dbt_version": "1.12.0b2", "profile_name": "funding_rate_analytics", "target_name": "dev", "connection_name": "macro_run_query"} */

    SELECT date, symbol, COUNT(*) as cnt FROM staging_marts.mart_venue_comparison GROUP BY 1, 2 HAVING COUNT(*) > 1 ORDER BY cnt DESC LIMIT 10
  
[0m14:39:23.738291 [debug] [MainThread]: SQL status: SELECT 10 in 0.020 seconds
[0m14:39:23.739213 [debug] [MainThread]: On macro_run_query: Close
[0m14:39:23.742739 [debug] [MainThread]: Wrote artifact RunResultsArtifact to /Users/nformenton/Dev/funding-rate-analytics/dbt/target/run_results.json
[0m14:39:23.744937 [debug] [MainThread]: Resource report: {"command_name": "run-operation", "command_success": true, "command_wall_clock_time": 0.5923944, "process_in_blocks": "0", "process_kernel_time": 0.214599, "process_mem_max_rss": "166166528", "process_out_blocks": "0", "process_user_time": 0.842048}
[0m14:39:23.745167 [debug] [MainThread]: Command `dbt run-operation` succeeded at 14:39:23.745128 after 0.59 seconds
[0m14:39:23.745297 [debug] [MainThread]: Connection 'macro_run_query' was properly closed.
[0m14:39:23.745433 [debug] [MainThread]: Sending event: {'category': 'dbt', 'action': 'invocation', 'label': 'end', 'context': [<snowplow_tracker.self_describing_json.SelfDescribingJson object at 0x10a03e000>, <snowplow_tracker.self_describing_json.SelfDescribingJson object at 0x10b3377d0>, <snowplow_tracker.self_describing_json.SelfDescribingJson object at 0x10b337890>]}
[0m14:39:23.745568 [debug] [MainThread]: Flushing usage events
[0m14:39:24.487852 [debug] [MainThread]: An error was encountered while trying to flush usage events
{"data": {"kwargs": "{'category': 'dbt', 'action': 'invocation', 'label': 'start', 'context': [<snowplow_tracker.self_describing_json.SelfDescribingJson object at 0x10cd882f0>, <snowplow_tracker.self_describing_json.SelfDescribingJson object at 0x10e2c6c10>, <snowplow_tracker.self_describing_json.SelfDescribingJson object at 0x10e2c6e90>]}"}, "info": {"category": "", "code": "Z040", "extra": {}, "invocation_id": "90192f81-7914-4447-97da-d8a60e178524", "level": "debug", "msg": "Sending event: {'category': 'dbt', 'action': 'invocation', 'label': 'start', 'context': [<snowplow_tracker.self_describing_json.SelfDescribingJson object at 0x10cd882f0>, <snowplow_tracker.self_describing_json.SelfDescribingJson object at 0x10e2c6c10>, <snowplow_tracker.self_describing_json.SelfDescribingJson object at 0x10e2c6e90>]}", "name": "SendingEvent", "pid": 9188, "thread": "MainThread", "ts": "2026-06-16T17:39:41.091454Z"}}
{"data": {"log_version": 3, "version": "=1.12.0-b2"}, "info": {"category": "", "code": "A001", "extra": {}, "invocation_id": "90192f81-7914-4447-97da-d8a60e178524", "level": "info", "msg": "Running with dbt=1.12.0-b2", "name": "MainReportVersion", "pid": 9188, "thread": "MainThread", "ts": "2026-06-16T17:39:41.094867Z"}}
{"data": {"args": {"cache_selected_only": "False", "debug": "False", "empty": "None", "fail_fast": "False", "indirect_selection": "eager", "introspect": "True", "invocation_command": "dbt run-operation run_query --args {sql: 'SELECT date, symbol, COUNT(*) as cnt FROM staging_marts.mart_venue_comparison GROUP BY 1, 2 HAVING COUNT(*) > 1 ORDER BY cnt DESC LIMIT 5'} --log-format json", "log_cache_events": "False", "log_format": "json", "log_path": "/Users/nformenton/Dev/funding-rate-analytics/dbt/logs", "maximum_seed_size_mib": "1", "no_print": "None", "partial_parse": "True", "printer_width": "80", "profiles_dir": "/Users/nformenton/Dev/funding-rate-analytics/dbt", "quiet": "False", "send_anonymous_usage_stats": "True", "static_parser": "True", "target_path": "None", "use_colors": "True", "use_experimental_parser": "False", "version_check": "True", "warn_error": "None", "warn_error_options": "WarnErrorOptionsV2(error=[], warn=[], silence=[])", "write_json": "True"}}, "info": {"category": "", "code": "A002", "extra": {}, "invocation_id": "90192f81-7914-4447-97da-d8a60e178524", "level": "debug", "msg": "running dbt with arguments {'maximum_seed_size_mib': '1', 'use_colors': 'True', 'invocation_command': \"dbt run-operation run_query --args {sql: 'SELECT date, symbol, COUNT(*) as cnt FROM staging_marts.mart_venue_comparison GROUP BY 1, 2 HAVING COUNT(*) > 1 ORDER BY cnt DESC LIMIT 5'} --log-format json\", 'empty': 'None', 'quiet': 'False', 'log_format': 'json', 'write_json': 'True', 'partial_parse': 'True', 'cache_selected_only': 'False', 'warn_error_options': 'WarnErrorOptionsV2(error=[], warn=[], silence=[])', 'version_check': 'True', 'target_path': 'None', 'debug': 'False', 'log_path': '/Users/nformenton/Dev/funding-rate-analytics/dbt/logs', 'warn_error': 'None', 'static_parser': 'True', 'use_experimental_parser': 'False', 'profiles_dir': '/Users/nformenton/Dev/funding-rate-analytics/dbt', 'introspect': 'True', 'log_cache_events': 'False', 'send_anonymous_usage_stats': 'True', 'fail_fast': 'False', 'printer_width': '80', 'no_print': 'None', 'indirect_selection': 'eager'}", "name": "MainReportArgs", "pid": 9188, "thread": "MainThread", "ts": "2026-06-16T17:39:41.095151Z"}}
{"data": {"kwargs": "{'category': 'dbt', 'action': 'project_id', 'label': '90192f81-7914-4447-97da-d8a60e178524', 'context': [<snowplow_tracker.self_describing_json.SelfDescribingJson object at 0x10e3609d0>]}"}, "info": {"category": "", "code": "Z040", "extra": {}, "invocation_id": "90192f81-7914-4447-97da-d8a60e178524", "level": "debug", "msg": "Sending event: {'category': 'dbt', 'action': 'project_id', 'label': '90192f81-7914-4447-97da-d8a60e178524', 'context': [<snowplow_tracker.self_describing_json.SelfDescribingJson object at 0x10e3609d0>]}", "name": "SendingEvent", "pid": 9188, "thread": "MainThread", "ts": "2026-06-16T17:39:41.199305Z"}}
{"data": {"kwargs": "{'category': 'dbt', 'action': 'adapter_info', 'label': '90192f81-7914-4447-97da-d8a60e178524', 'context': [<snowplow_tracker.self_describing_json.SelfDescribingJson object at 0x10e397130>]}"}, "info": {"category": "", "code": "Z040", "extra": {}, "invocation_id": "90192f81-7914-4447-97da-d8a60e178524", "level": "debug", "msg": "Sending event: {'category': 'dbt', 'action': 'adapter_info', 'label': '90192f81-7914-4447-97da-d8a60e178524', 'context': [<snowplow_tracker.self_describing_json.SelfDescribingJson object at 0x10e397130>]}", "name": "SendingEvent", "pid": 9188, "thread": "MainThread", "ts": "2026-06-16T17:39:41.222538Z"}}
{"data": {"adapter_name": "postgres", "adapter_version": "=1.10.0"}, "info": {"category": "", "code": "E034", "extra": {}, "invocation_id": "90192f81-7914-4447-97da-d8a60e178524", "level": "info", "msg": "Registered adapter: postgres=1.10.0", "name": "AdapterRegistered", "pid": 9188, "thread": "MainThread", "ts": "2026-06-16T17:39:41.224145Z"}}
{"data": {"checksum": "4028e76001202c6d79cbd6497f04f8a5167c54a3cd8d4daed1786e25b5aa8f08", "profile": "funding_rate_analytics", "target": "dev", "vars": "{}", "version": "1.12.0b2"}, "info": {"category": "", "code": "I025", "extra": {}, "invocation_id": "90192f81-7914-4447-97da-d8a60e178524", "level": "debug", "msg": "checksum: 4028e76001202c6d79cbd6497f04f8a5167c54a3cd8d4daed1786e25b5aa8f08, vars: {}, profile: funding_rate_analytics, target: dev, version: 1.12.0b2", "name": "StateCheckVarsHash", "pid": 9188, "thread": "MainThread", "ts": "2026-06-16T17:39:41.263226Z"}}
{"data": {"added": 0, "changed": 0, "deleted": 0}, "info": {"category": "", "code": "I040", "extra": {}, "invocation_id": "90192f81-7914-4447-97da-d8a60e178524", "level": "debug", "msg": "Partial parsing enabled: 0 files deleted, 0 files added, 0 files changed.", "name": "PartialParsingEnabled", "pid": 9188, "thread": "MainThread", "ts": "2026-06-16T17:39:41.385146Z"}}
{"data": {"msg": "Nothing changed, skipping partial parsing."}, "info": {"category": "", "code": "Z050", "extra": {}, "invocation_id": "90192f81-7914-4447-97da-d8a60e178524", "level": "debug", "msg": "Nothing changed, skipping partial parsing.", "name": "Note", "pid": 9188, "thread": "MainThread", "ts": "2026-06-16T17:39:41.385406Z"}}
{"data": {}, "info": {"category": "", "code": "I017", "extra": {}, "invocation_id": "90192f81-7914-4447-97da-d8a60e178524", "level": "debug", "msg": "Partial parsing enabled, no changes found, skipping parsing", "name": "PartialParsingSkipParsing", "pid": 9188, "thread": "MainThread", "ts": "2026-06-16T17:39:41.385539Z"}}
{"data": {"kwargs": "{'category': 'dbt', 'action': 'load_project', 'label': '90192f81-7914-4447-97da-d8a60e178524', 'context': [<snowplow_tracker.self_describing_json.SelfDescribingJson object at 0x10f565050>]}"}, "info": {"category": "", "code": "Z040", "extra": {}, "invocation_id": "90192f81-7914-4447-97da-d8a60e178524", "level": "debug", "msg": "Sending event: {'category': 'dbt', 'action': 'load_project', 'label': '90192f81-7914-4447-97da-d8a60e178524', 'context': [<snowplow_tracker.self_describing_json.SelfDescribingJson object at 0x10f565050>]}", "name": "SendingEvent", "pid": 9188, "thread": "MainThread", "ts": "2026-06-16T17:39:41.402070Z"}}
{"data": {"artifact_path": "/Users/nformenton/Dev/funding-rate-analytics/dbt/target/manifest.json", "artifact_type": "WritableManifest"}, "info": {"category": "", "code": "P001", "extra": {}, "invocation_id": "90192f81-7914-4447-97da-d8a60e178524", "level": "debug", "msg": "Wrote artifact WritableManifest to /Users/nformenton/Dev/funding-rate-analytics/dbt/target/manifest.json", "name": "ArtifactWritten", "pid": 9188, "thread": "MainThread", "ts": "2026-06-16T17:39:41.440616Z"}}
{"data": {"artifact_path": "/Users/nformenton/Dev/funding-rate-analytics/dbt/target/semantic_manifest.json", "artifact_type": "SemanticManifest"}, "info": {"category": "", "code": "P001", "extra": {}, "invocation_id": "90192f81-7914-4447-97da-d8a60e178524", "level": "debug", "msg": "Wrote artifact SemanticManifest to /Users/nformenton/Dev/funding-rate-analytics/dbt/target/semantic_manifest.json", "name": "ArtifactWritten", "pid": 9188, "thread": "MainThread", "ts": "2026-06-16T17:39:41.442871Z"}}
{"data": {"artifact_path": "/Users/nformenton/Dev/funding-rate-analytics/dbt/target/osi_document.json", "artifact_type": "OsiDocument"}, "info": {"category": "", "code": "P001", "extra": {}, "invocation_id": "90192f81-7914-4447-97da-d8a60e178524", "level": "debug", "msg": "Wrote artifact OsiDocument to /Users/nformenton/Dev/funding-rate-analytics/dbt/target/osi_document.json", "name": "ArtifactWritten", "pid": 9188, "thread": "MainThread", "ts": "2026-06-16T17:39:41.460465Z"}}
{"data": {"kwargs": "{'category': 'dbt', 'action': 'resource_counts', 'label': '90192f81-7914-4447-97da-d8a60e178524', 'context': [<snowplow_tracker.self_describing_json.SelfDescribingJson object at 0x10f6858b0>]}"}, "info": {"category": "", "code": "Z040", "extra": {}, "invocation_id": "90192f81-7914-4447-97da-d8a60e178524", "level": "debug", "msg": "Sending event: {'category': 'dbt', 'action': 'resource_counts', 'label': '90192f81-7914-4447-97da-d8a60e178524', 'context': [<snowplow_tracker.self_describing_json.SelfDescribingJson object at 0x10f6858b0>]}", "name": "SendingEvent", "pid": 9188, "thread": "MainThread", "ts": "2026-06-16T17:39:41.474565Z"}}
{"data": {"stat_line": "4 models, 24 data tests, 591 macros"}, "info": {"category": "", "code": "W006", "extra": {}, "invocation_id": "90192f81-7914-4447-97da-d8a60e178524", "level": "info", "msg": "Found 4 models, 24 data tests, 591 macros", "name": "FoundStats", "pid": 9188, "thread": "MainThread", "ts": "2026-06-16T17:39:41.474822Z"}}
{"data": {"kwargs": "{'category': 'dbt', 'action': 'runnable_timing', 'label': '90192f81-7914-4447-97da-d8a60e178524', 'context': [<snowplow_tracker.self_describing_json.SelfDescribingJson object at 0x10f6efbd0>]}"}, "info": {"category": "", "code": "Z040", "extra": {}, "invocation_id": "90192f81-7914-4447-97da-d8a60e178524", "level": "debug", "msg": "Sending event: {'category': 'dbt', 'action': 'runnable_timing', 'label': '90192f81-7914-4447-97da-d8a60e178524', 'context': [<snowplow_tracker.self_describing_json.SelfDescribingJson object at 0x10f6efbd0>]}", "name": "SendingEvent", "pid": 9188, "thread": "MainThread", "ts": "2026-06-16T17:39:41.474968Z"}}
{"data": {"conn_name": "macro_run_query", "conn_type": "postgres"}, "info": {"category": "", "code": "E005", "extra": {}, "invocation_id": "90192f81-7914-4447-97da-d8a60e178524", "level": "debug", "msg": "Acquiring new postgres connection 'macro_run_query'", "name": "NewConnection", "pid": 9188, "thread": "MainThread", "ts": "2026-06-16T17:39:41.475220Z"}}
{"data": {"conn_name": "macro_run_query"}, "info": {"category": "", "code": "E018", "extra": {}, "invocation_id": "90192f81-7914-4447-97da-d8a60e178524", "level": "debug", "msg": "On macro_run_query: COMMIT", "name": "SQLCommit", "pid": 9188, "thread": "MainThread", "ts": "2026-06-16T17:39:41.475381Z"}}
{"data": {"conn_name": "macro_run_query", "conn_type": "postgres"}, "info": {"category": "", "code": "E015", "extra": {}, "invocation_id": "90192f81-7914-4447-97da-d8a60e178524", "level": "debug", "msg": "Using postgres connection \"macro_run_query\"", "name": "ConnectionUsed", "pid": 9188, "thread": "MainThread", "ts": "2026-06-16T17:39:41.475520Z"}}
{"data": {"conn_name": "macro_run_query", "sql": "COMMIT"}, "info": {"category": "", "code": "E016", "extra": {}, "invocation_id": "90192f81-7914-4447-97da-d8a60e178524", "level": "debug", "msg": "On macro_run_query: COMMIT", "name": "SQLQuery", "pid": 9188, "thread": "MainThread", "ts": "2026-06-16T17:39:41.475642Z"}}
{"data": {"connection_state": "init"}, "info": {"category": "", "code": "E037", "extra": {}, "invocation_id": "90192f81-7914-4447-97da-d8a60e178524", "level": "debug", "msg": "Opening a new connection, currently in state init", "name": "NewConnectionOpening", "pid": 9188, "thread": "MainThread", "ts": "2026-06-16T17:39:41.475771Z"}}
{"data": {"elapsed": 0.03923675, "query_id": "", "status": "COMMIT"}, "info": {"category": "", "code": "E017", "extra": {}, "invocation_id": "90192f81-7914-4447-97da-d8a60e178524", "level": "debug", "msg": "SQL status: COMMIT in 0.039 seconds", "name": "SQLQueryStatus", "pid": 9188, "thread": "MainThread", "ts": "2026-06-16T17:39:41.515122Z"}}
{"data": {"conn_name": "macro_run_query", "conn_type": "postgres"}, "info": {"category": "", "code": "E015", "extra": {}, "invocation_id": "90192f81-7914-4447-97da-d8a60e178524", "level": "debug", "msg": "Using postgres connection \"macro_run_query\"", "name": "ConnectionUsed", "pid": 9188, "thread": "MainThread", "ts": "2026-06-16T17:39:41.584625Z"}}
{"data": {"conn_name": "macro_run_query", "sql": "/* {\"app\": \"dbt\", \"dbt_version\": \"1.12.0b2\", \"profile_name\": \"funding_rate_analytics\", \"target_name\": \"dev\", \"connection_name\": \"macro_run_query\"} */\n\n    SELECT date, symbol, COUNT(*) as cnt FROM staging_marts.mart_venue_comparison GROUP BY 1, 2 HAVING COUNT(*) > 1 ORDER BY cnt DESC LIMIT 5\n  "}, "info": {"category": "", "code": "E016", "extra": {}, "invocation_id": "90192f81-7914-4447-97da-d8a60e178524", "level": "debug", "msg": "On macro_run_query: /* {\"app\": \"dbt\", \"dbt_version\": \"1.12.0b2\", \"profile_name\": \"funding_rate_analytics\", \"target_name\": \"dev\", \"connection_name\": \"macro_run_query\"} */\n\n    SELECT date, symbol, COUNT(*) as cnt FROM staging_marts.mart_venue_comparison GROUP BY 1, 2 HAVING COUNT(*) > 1 ORDER BY cnt DESC LIMIT 5\n  ", "name": "SQLQuery", "pid": 9188, "thread": "MainThread", "ts": "2026-06-16T17:39:41.584885Z"}}
{"data": {"elapsed": 0.0185915, "query_id": "", "status": "SELECT 5"}, "info": {"category": "", "code": "E017", "extra": {}, "invocation_id": "90192f81-7914-4447-97da-d8a60e178524", "level": "debug", "msg": "SQL status: SELECT 5 in 0.019 seconds", "name": "SQLQueryStatus", "pid": 9188, "thread": "MainThread", "ts": "2026-06-16T17:39:41.603679Z"}}
{"data": {"conn_name": "macro_run_query"}, "info": {"category": "", "code": "E010", "extra": {}, "invocation_id": "90192f81-7914-4447-97da-d8a60e178524", "level": "debug", "msg": "On macro_run_query: Close", "name": "ConnectionClosed", "pid": 9188, "thread": "MainThread", "ts": "2026-06-16T17:39:41.604404Z"}}
{"data": {"artifact_path": "/Users/nformenton/Dev/funding-rate-analytics/dbt/target/run_results.json", "artifact_type": "RunResultsArtifact"}, "info": {"category": "", "code": "P001", "extra": {}, "invocation_id": "90192f81-7914-4447-97da-d8a60e178524", "level": "debug", "msg": "Wrote artifact RunResultsArtifact to /Users/nformenton/Dev/funding-rate-analytics/dbt/target/run_results.json", "name": "ArtifactWritten", "pid": 9188, "thread": "MainThread", "ts": "2026-06-16T17:39:41.608036Z"}}
{"data": {"command_name": "run-operation", "command_success": true, "command_wall_clock_time": 0.5994107, "process_in_blocks": "0", "process_kernel_time": 0.205978, "process_mem_max_rss": "164134912", "process_out_blocks": "0", "process_user_time": 0.82538}, "info": {"category": "", "code": "Z051", "extra": {}, "invocation_id": "90192f81-7914-4447-97da-d8a60e178524", "level": "debug", "msg": "Resource report: {\"command_name\": \"run-operation\", \"command_success\": true, \"command_wall_clock_time\": 0.5994107, \"process_in_blocks\": \"0\", \"process_kernel_time\": 0.205978, \"process_mem_max_rss\": \"164134912\", \"process_out_blocks\": \"0\", \"process_user_time\": 0.82538}", "name": "ResourceReport", "pid": 9188, "thread": "MainThread", "ts": "2026-06-16T17:39:41.609949Z"}}
{"data": {"command": "dbt run-operation", "completed_at": "2026-06-16T17:39:41.610158Z", "elapsed": 0.59968126, "success": true}, "info": {"category": "", "code": "Q039", "extra": {}, "invocation_id": "90192f81-7914-4447-97da-d8a60e178524", "level": "debug", "msg": "Command `dbt run-operation` succeeded at 14:39:41.610158 after 0.60 seconds", "name": "CommandCompleted", "pid": 9188, "thread": "MainThread", "ts": "2026-06-16T17:39:41.610199Z"}}
{"data": {"conn_name": "macro_run_query"}, "info": {"category": "", "code": "E008", "extra": {}, "invocation_id": "90192f81-7914-4447-97da-d8a60e178524", "level": "debug", "msg": "Connection 'macro_run_query' was properly closed.", "name": "ConnectionClosedInCleanup", "pid": 9188, "thread": "MainThread", "ts": "2026-06-16T17:39:41.610370Z"}}
{"data": {"kwargs": "{'category': 'dbt', 'action': 'invocation', 'label': 'end', 'context': [<snowplow_tracker.self_describing_json.SelfDescribingJson object at 0x10e136000>, <snowplow_tracker.self_describing_json.SelfDescribingJson object at 0x10f4d77d0>, <snowplow_tracker.self_describing_json.SelfDescribingJson object at 0x10f4d7890>]}"}, "info": {"category": "", "code": "Z040", "extra": {}, "invocation_id": "90192f81-7914-4447-97da-d8a60e178524", "level": "debug", "msg": "Sending event: {'category': 'dbt', 'action': 'invocation', 'label': 'end', 'context': [<snowplow_tracker.self_describing_json.SelfDescribingJson object at 0x10e136000>, <snowplow_tracker.self_describing_json.SelfDescribingJson object at 0x10f4d77d0>, <snowplow_tracker.self_describing_json.SelfDescribingJson object at 0x10f4d7890>]}", "name": "SendingEvent", "pid": 9188, "thread": "MainThread", "ts": "2026-06-16T17:39:41.610514Z"}}
{"data": {}, "info": {"category": "", "code": "Z042", "extra": {}, "invocation_id": "90192f81-7914-4447-97da-d8a60e178524", "level": "debug", "msg": "Flushing usage events", "name": "FlushEvents", "pid": 9188, "thread": "MainThread", "ts": "2026-06-16T17:39:41.610661Z"}}
{"data": {}, "info": {"category": "", "code": "Z043", "extra": {}, "invocation_id": "90192f81-7914-4447-97da-d8a60e178524", "level": "debug", "msg": "An error was encountered while trying to flush usage events", "name": "FlushEventsFailure", "pid": 9188, "thread": "MainThread", "ts": "2026-06-16T17:39:42.186176Z"}}
[0m14:42:02.058448 [debug] [MainThread]: Sending event: {'category': 'dbt', 'action': 'invocation', 'label': 'start', 'context': [<snowplow_tracker.self_describing_json.SelfDescribingJson object at 0x10af702f0>, <snowplow_tracker.self_describing_json.SelfDescribingJson object at 0x10c51e710>, <snowplow_tracker.self_describing_json.SelfDescribingJson object at 0x10c51e990>]}


============================== 14:42:02.061229 | 4dda5352-2884-40f4-bfc7-2661f778286e ==============================
[0m14:42:02.061229 [info ] [MainThread]: Running with dbt=1.12.0-b2
[0m14:42:02.061464 [debug] [MainThread]: running dbt with arguments {'invocation_command': 'dbt run', 'introspect': 'True', 'log_path': '/Users/nformenton/Dev/funding-rate-analytics/dbt/logs', 'profiles_dir': '/Users/nformenton/Dev/funding-rate-analytics/dbt', 'warn_error_options': 'WarnErrorOptionsV2(error=[], warn=[], silence=[])', 'use_experimental_parser': 'False', 'send_anonymous_usage_stats': 'True', 'indirect_selection': 'eager', 'target_path': 'None', 'log_format': 'default', 'empty': 'False', 'version_check': 'True', 'fail_fast': 'False', 'partial_parse': 'True', 'printer_width': '80', 'static_parser': 'True', 'maximum_seed_size_mib': '1', 'cache_selected_only': 'False', 'log_cache_events': 'False', 'warn_error': 'None', 'use_colors': 'True', 'quiet': 'False', 'debug': 'False', 'no_print': 'None', 'write_json': 'True'}
[0m14:42:02.165124 [debug] [MainThread]: Sending event: {'category': 'dbt', 'action': 'project_id', 'label': '4dda5352-2884-40f4-bfc7-2661f778286e', 'context': [<snowplow_tracker.self_describing_json.SelfDescribingJson object at 0x10c4c9e00>]}
[0m14:42:02.188787 [debug] [MainThread]: Sending event: {'category': 'dbt', 'action': 'adapter_info', 'label': '4dda5352-2884-40f4-bfc7-2661f778286e', 'context': [<snowplow_tracker.self_describing_json.SelfDescribingJson object at 0x108fb6f10>]}
[0m14:42:02.189872 [info ] [MainThread]: Registered adapter: postgres=1.10.0
[0m14:42:02.230601 [debug] [MainThread]: checksum: 4028e76001202c6d79cbd6497f04f8a5167c54a3cd8d4daed1786e25b5aa8f08, vars: {}, profile: funding_rate_analytics, target: dev, version: 1.12.0b2
[0m14:42:02.356141 [debug] [MainThread]: Partial parsing enabled: 0 files deleted, 1 files added, 1 files changed.
[0m14:42:02.356442 [debug] [MainThread]: Partial parsing: added file: funding_rate_analytics://analyses/check_dupes.sql
[0m14:42:02.356620 [debug] [MainThread]: Partial parsing: updated file: funding_rate_analytics://models/marts/mart_venue_comparison.sql
[0m14:42:02.600930 [warn ] [MainThread]: [[33mWARNING[0m][MissingArgumentsPropertyInGenericTestDeprecation]: Deprecated
functionality
Found top-level arguments to test `accepted_values` defined on
'mart_venue_comparison' in package 'funding_rate_analytics'
(models/marts/schema.yml). Arguments to generic tests should be nested under the
`arguments` property.
[0m14:42:02.601212 [debug] [MainThread]: Sending event: {'category': 'dbt', 'action': 'deprecation', 'label': '4dda5352-2884-40f4-bfc7-2661f778286e', 'property_': 'warn', 'context': [<snowplow_tracker.self_describing_json.SelfDescribingJson object at 0x10dac4b50>]}
[0m14:42:02.636344 [debug] [MainThread]: Sending event: {'category': 'dbt', 'action': 'load_project', 'label': '4dda5352-2884-40f4-bfc7-2661f778286e', 'context': [<snowplow_tracker.self_describing_json.SelfDescribingJson object at 0x10dc368a0>]}
[0m14:42:02.679734 [debug] [MainThread]: Wrote artifact WritableManifest to /Users/nformenton/Dev/funding-rate-analytics/dbt/target/manifest.json
[0m14:42:02.682022 [debug] [MainThread]: Wrote artifact SemanticManifest to /Users/nformenton/Dev/funding-rate-analytics/dbt/target/semantic_manifest.json
[0m14:42:02.699796 [debug] [MainThread]: Wrote artifact OsiDocument to /Users/nformenton/Dev/funding-rate-analytics/dbt/target/osi_document.json
[0m14:42:02.708814 [debug] [MainThread]: Sending event: {'category': 'dbt', 'action': 'resource_counts', 'label': '4dda5352-2884-40f4-bfc7-2661f778286e', 'context': [<snowplow_tracker.self_describing_json.SelfDescribingJson object at 0x10dcad390>]}
[0m14:42:02.709029 [info ] [MainThread]: Found 4 models, 24 data tests, 1 analysis, 591 macros
[0m14:42:02.709166 [debug] [MainThread]: Sending event: {'category': 'dbt', 'action': 'runnable_timing', 'label': '4dda5352-2884-40f4-bfc7-2661f778286e', 'context': [<snowplow_tracker.self_describing_json.SelfDescribingJson object at 0x10ddef5f0>]}
[0m14:42:02.710073 [info ] [MainThread]: 
[0m14:42:02.710217 [info ] [MainThread]: Concurrency: 4 threads (target='dev')
[0m14:42:02.710333 [info ] [MainThread]: 
[0m14:42:02.710537 [debug] [MainThread]: Acquiring new postgres connection 'master'
[0m14:42:02.712246 [debug] [ThreadPool]: Acquiring new postgres connection 'list_funding_rates'
[0m14:42:02.712521 [debug] [ThreadPool]: Acquiring new postgres connection 'list_funding_rates'
[0m14:42:02.785667 [debug] [ThreadPool]: Using postgres connection "list_funding_rates"
[0m14:42:02.786008 [debug] [ThreadPool]: On list_funding_rates: /* {"app": "dbt", "dbt_version": "1.12.0b2", "profile_name": "funding_rate_analytics", "target_name": "dev", "connection_name": "list_funding_rates"} */

    select distinct nspname from pg_namespace
  
[0m14:42:02.786143 [debug] [ThreadPool]: Opening a new connection, currently in state init
[0m14:42:02.785865 [debug] [ThreadPool]: Using postgres connection "list_funding_rates"
[0m14:42:02.786807 [debug] [ThreadPool]: On list_funding_rates: /* {"app": "dbt", "dbt_version": "1.12.0b2", "profile_name": "funding_rate_analytics", "target_name": "dev", "connection_name": "list_funding_rates"} */

    select distinct nspname from pg_namespace
  
[0m14:42:02.786904 [debug] [ThreadPool]: Opening a new connection, currently in state init
[0m14:42:02.830282 [debug] [ThreadPool]: SQL status: SELECT 9 in 0.044 seconds
[0m14:42:02.830957 [debug] [ThreadPool]: On list_funding_rates: Close
[0m14:42:02.830473 [debug] [ThreadPool]: SQL status: SELECT 9 in 0.044 seconds
[0m14:42:02.831389 [debug] [ThreadPool]: On list_funding_rates: Close
[0m14:42:02.832049 [debug] [ThreadPool]: Re-using an available connection from the pool (formerly list_funding_rates, now list_funding_rates_staging_marts)
[0m14:42:02.834610 [debug] [ThreadPool]: Using postgres connection "list_funding_rates_staging_marts"
[0m14:42:02.832237 [debug] [ThreadPool]: Re-using an available connection from the pool (formerly list_funding_rates, now list_funding_rates_staging_staging)
[0m14:42:02.835796 [debug] [ThreadPool]: Using postgres connection "list_funding_rates_staging_staging"
[0m14:42:02.834789 [debug] [ThreadPool]: On list_funding_rates_staging_marts: /* {"app": "dbt", "dbt_version": "1.12.0b2", "profile_name": "funding_rate_analytics", "target_name": "dev", "connection_name": "list_funding_rates_staging_marts"} */
select
      'funding_rates' as database,
      tablename as name,
      schemaname as schema,
      'table' as type
    from pg_tables
    where schemaname ilike 'staging_marts'
    union all
    select
      'funding_rates' as database,
      viewname as name,
      schemaname as schema,
      'view' as type
    from pg_views
    where schemaname ilike 'staging_marts'
    union all
    select
      'funding_rates' as database,
      matviewname as name,
      schemaname as schema,
      'materialized_view' as type
    from pg_matviews
    where schemaname ilike 'staging_marts'
  
[0m14:42:02.836096 [debug] [ThreadPool]: Opening a new connection, currently in state closed
[0m14:42:02.835948 [debug] [ThreadPool]: On list_funding_rates_staging_staging: /* {"app": "dbt", "dbt_version": "1.12.0b2", "profile_name": "funding_rate_analytics", "target_name": "dev", "connection_name": "list_funding_rates_staging_staging"} */
select
      'funding_rates' as database,
      tablename as name,
      schemaname as schema,
      'table' as type
    from pg_tables
    where schemaname ilike 'staging_staging'
    union all
    select
      'funding_rates' as database,
      viewname as name,
      schemaname as schema,
      'view' as type
    from pg_views
    where schemaname ilike 'staging_staging'
    union all
    select
      'funding_rates' as database,
      matviewname as name,
      schemaname as schema,
      'materialized_view' as type
    from pg_matviews
    where schemaname ilike 'staging_staging'
  
[0m14:42:02.836285 [debug] [ThreadPool]: Opening a new connection, currently in state closed
[0m14:42:02.851334 [debug] [ThreadPool]: SQL status: SELECT 3 in 0.015 seconds
[0m14:42:02.851913 [debug] [ThreadPool]: On list_funding_rates_staging_marts: ROLLBACK
[0m14:42:02.852045 [debug] [ThreadPool]: SQL status: SELECT 1 in 0.016 seconds
[0m14:42:02.852410 [debug] [ThreadPool]: On list_funding_rates_staging_staging: ROLLBACK
[0m14:42:02.852551 [debug] [ThreadPool]: On list_funding_rates_staging_marts: Close
[0m14:42:02.852914 [debug] [ThreadPool]: On list_funding_rates_staging_staging: Close
[0m14:42:02.854887 [debug] [MainThread]: Using postgres connection "master"
[0m14:42:02.855055 [debug] [MainThread]: On master: /* {"app": "dbt", "dbt_version": "1.12.0b2", "profile_name": "funding_rate_analytics", "target_name": "dev", "connection_name": "master"} */
select distinct
        dependent_namespace.nspname as dependent_schema,
        dependent_class.relname as dependent_name,
        referenced_namespace.nspname as referenced_schema,
        referenced_class.relname as referenced_name

    -- Query for views: views are entries in pg_class with an entry in pg_rewrite, but we avoid
    -- a seq scan on pg_rewrite by leveraging the fact there is an "internal" row in pg_depend for
    -- the view...
    from pg_class as dependent_class
    join pg_namespace as dependent_namespace on dependent_namespace.oid = dependent_class.relnamespace
    join pg_depend as dependent_depend on dependent_depend.refobjid = dependent_class.oid
        and dependent_depend.classid = 'pg_rewrite'::regclass
        and dependent_depend.refclassid = 'pg_class'::regclass
        and dependent_depend.deptype = 'i'

    -- ... and via pg_depend (that has a row per column, hence the need for "distinct" above, and
    -- making sure to exclude the internal row to avoid a view appearing to depend on itself)...
    join pg_depend as joining_depend on joining_depend.objid = dependent_depend.objid
        and joining_depend.classid = 'pg_rewrite'::regclass
        and joining_depend.refclassid = 'pg_class'::regclass
        and joining_depend.refobjid != dependent_depend.refobjid

    -- ... we can find the tables they query from in pg_class, but excluding system tables. Note we
    -- don't need need to exclude _dependent_ system tables, because they only query from other
    -- system tables, and so are automatically excluded by excluding _referenced_ system tables
    join pg_class as referenced_class on referenced_class.oid = joining_depend.refobjid
    join pg_namespace as referenced_namespace on referenced_namespace.oid = referenced_class.relnamespace
        and referenced_namespace.nspname != 'information_schema'
        and referenced_namespace.nspname not like 'pg\_%'

    order by
        dependent_schema, dependent_name, referenced_schema, referenced_name;
[0m14:42:02.855187 [debug] [MainThread]: Opening a new connection, currently in state init
[0m14:42:02.868351 [debug] [MainThread]: SQL status: SELECT 8 in 0.013 seconds
[0m14:42:02.868853 [debug] [MainThread]: Sending event: {'category': 'dbt', 'action': 'runnable_timing', 'label': '4dda5352-2884-40f4-bfc7-2661f778286e', 'context': [<snowplow_tracker.self_describing_json.SelfDescribingJson object at 0x10d5dee10>]}
[0m14:42:02.869036 [debug] [MainThread]: On master: ROLLBACK
[0m14:42:02.869492 [debug] [MainThread]: On master: COMMIT
[0m14:42:02.869603 [debug] [MainThread]: Using postgres connection "master"
[0m14:42:02.869697 [debug] [MainThread]: On master: COMMIT
[0m14:42:02.870326 [debug] [MainThread]: SQL status: COMMIT in 0.001 seconds
[0m14:42:02.870473 [debug] [MainThread]: On master: Close
[0m14:42:02.872566 [debug] [Thread-1 (]: Began running node model.funding_rate_analytics.stg_funding_events
[0m14:42:02.872802 [info ] [Thread-1 (]: 1 of 4 START sql view model staging_staging.stg_funding_events ................. [RUN]
[0m14:42:02.872986 [debug] [Thread-1 (]: Re-using an available connection from the pool (formerly list_funding_rates_staging_marts, now model.funding_rate_analytics.stg_funding_events)
[0m14:42:02.873120 [debug] [Thread-1 (]: Began compiling node model.funding_rate_analytics.stg_funding_events
[0m14:42:02.875781 [debug] [Thread-1 (]: Writing injected SQL for node "model.funding_rate_analytics.stg_funding_events"
[0m14:42:02.876377 [debug] [Thread-1 (]: Began executing node model.funding_rate_analytics.stg_funding_events
[0m14:42:02.888530 [debug] [Thread-1 (]: Writing runtime sql for node "model.funding_rate_analytics.stg_funding_events"
[0m14:42:02.888998 [debug] [Thread-1 (]: Using postgres connection "model.funding_rate_analytics.stg_funding_events"
[0m14:42:02.889173 [debug] [Thread-1 (]: On model.funding_rate_analytics.stg_funding_events: /* {"app": "dbt", "dbt_version": "1.12.0b2", "profile_name": "funding_rate_analytics", "target_name": "dev", "node_id": "model.funding_rate_analytics.stg_funding_events"} */

  create view "funding_rates"."staging_staging"."stg_funding_events__dbt_tmp"
    
    
  as (
    -- Binance: 8h, decimal rate
SELECT
    'binance' AS venue,
    symbol,
    CASE WHEN symbol IN ('BTCUSDT','ETHUSDT','SOLUSDT') THEN 'crypto' ELSE 'equity' END AS asset_class,
    ts AS interval_start,
    8 AS interval_hours,
    funding_rate AS funding_rate_raw,
    funding_rate * 3 * 365 * 100 AS funding_rate_annualized_pct,
    mark_price,
    index_price,
    CASE WHEN index_price > 0 THEN (mark_price - index_price) / index_price * 10000 ELSE NULL END AS premium_bps,
    NOW() AS _loaded_at
FROM raw.funding_binance

UNION ALL

-- Hyperliquid: hourly, decimal rate
SELECT
    'hyperliquid' AS venue,
    coin AS symbol,
    'crypto' AS asset_class,
    ts AS interval_start,
    1 AS interval_hours,
    funding_rate AS funding_rate_raw,
    funding_rate * 24 * 365 * 100 AS funding_rate_annualized_pct,
    mark_price,
    NULL AS index_price,
    NULL AS premium_bps,
    NOW() AS _loaded_at
FROM raw.funding_hyperliquid

UNION ALL

-- Deribit: 8h, percentage interest
SELECT
    'deribit' AS venue,
    REPLACE(instrument_name, '-PERPETUAL', '') || 'USDT' AS symbol,
    'crypto' AS asset_class,
    ts AS interval_start,
    8 AS interval_hours,
    interest_8h AS funding_rate_raw,
    interest_8h / 100 * 3 * 365 AS funding_rate_annualized_pct,
    mark_price,
    index_price,
    CASE WHEN index_price > 0 THEN (mark_price - index_price) / index_price * 10000 ELSE NULL END AS premium_bps,
    NOW() AS _loaded_at
FROM raw.funding_deribit

UNION ALL

-- Equity perps: variable intervals
SELECT
    venue,
    symbol,
    'equity' AS asset_class,
    ts AS interval_start,
    funding_interval_hours,
    funding_rate AS funding_rate_raw,
    CASE
        WHEN funding_interval_hours > 0
        THEN funding_rate * (24.0 / funding_interval_hours) * 365 * 100
        ELSE NULL
    END AS funding_rate_annualized_pct,
    mark_price,
    index_price,
    CASE WHEN index_price > 0 THEN (mark_price - index_price) / index_price * 10000 ELSE NULL END AS premium_bps,
    NOW() AS _loaded_at
FROM raw.funding_equity_perps
  );
[0m14:42:02.889340 [debug] [Thread-1 (]: Opening a new connection, currently in state closed
[0m14:42:02.901486 [debug] [Thread-1 (]: SQL status: CREATE VIEW in 0.012 seconds
[0m14:42:02.903810 [debug] [Thread-1 (]: Using postgres connection "model.funding_rate_analytics.stg_funding_events"
[0m14:42:02.903947 [debug] [Thread-1 (]: On model.funding_rate_analytics.stg_funding_events: /* {"app": "dbt", "dbt_version": "1.12.0b2", "profile_name": "funding_rate_analytics", "target_name": "dev", "node_id": "model.funding_rate_analytics.stg_funding_events"} */
alter table "funding_rates"."staging_staging"."stg_funding_events" rename to "stg_funding_events__dbt_backup"
[0m14:42:02.904559 [debug] [Thread-1 (]: SQL status: ALTER TABLE in 0.000 seconds
[0m14:42:02.905499 [debug] [Thread-1 (]: Using postgres connection "model.funding_rate_analytics.stg_funding_events"
[0m14:42:02.905628 [debug] [Thread-1 (]: On model.funding_rate_analytics.stg_funding_events: /* {"app": "dbt", "dbt_version": "1.12.0b2", "profile_name": "funding_rate_analytics", "target_name": "dev", "node_id": "model.funding_rate_analytics.stg_funding_events"} */
alter table "funding_rates"."staging_staging"."stg_funding_events__dbt_tmp" rename to "stg_funding_events"
[0m14:42:02.907966 [debug] [Thread-1 (]: SQL status: ALTER TABLE in 0.000 seconds
[0m14:42:02.914877 [debug] [Thread-1 (]: On model.funding_rate_analytics.stg_funding_events: COMMIT
[0m14:42:02.915073 [debug] [Thread-1 (]: Using postgres connection "model.funding_rate_analytics.stg_funding_events"
[0m14:42:02.915212 [debug] [Thread-1 (]: On model.funding_rate_analytics.stg_funding_events: COMMIT
[0m14:42:02.916275 [debug] [Thread-1 (]: SQL status: COMMIT in 0.001 seconds
[0m14:42:02.918686 [debug] [Thread-1 (]: Applying DROP to: "funding_rates"."staging_staging"."stg_funding_events__dbt_backup"
[0m14:42:02.920223 [debug] [Thread-1 (]: Using postgres connection "model.funding_rate_analytics.stg_funding_events"
[0m14:42:02.920369 [debug] [Thread-1 (]: On model.funding_rate_analytics.stg_funding_events: /* {"app": "dbt", "dbt_version": "1.12.0b2", "profile_name": "funding_rate_analytics", "target_name": "dev", "node_id": "model.funding_rate_analytics.stg_funding_events"} */
drop view if exists "funding_rates"."staging_staging"."stg_funding_events__dbt_backup" cascade
[0m14:42:02.922265 [debug] [Thread-1 (]: SQL status: DROP VIEW in 0.002 seconds
[0m14:42:02.923161 [debug] [Thread-1 (]: On model.funding_rate_analytics.stg_funding_events: Close
[0m14:42:02.924396 [debug] [Thread-1 (]: Sending event: {'category': 'dbt', 'action': 'run_model', 'label': '4dda5352-2884-40f4-bfc7-2661f778286e', 'context': [<snowplow_tracker.self_describing_json.SelfDescribingJson object at 0x10b0ebee0>]}
[0m14:42:02.924690 [info ] [Thread-1 (]: 1 of 4 OK created sql view model staging_staging.stg_funding_events ............ [[32mCREATE VIEW[0m in 0.05s]
[0m14:42:02.924907 [debug] [Thread-1 (]: Finished running node model.funding_rate_analytics.stg_funding_events
[0m14:42:02.925312 [debug] [Thread-2 (]: Began running node model.funding_rate_analytics.mart_daily_funding
[0m14:42:02.925645 [info ] [Thread-2 (]: 2 of 4 START sql table model staging_marts.mart_daily_funding .................. [RUN]
[0m14:42:02.925827 [debug] [Thread-2 (]: Re-using an available connection from the pool (formerly list_funding_rates_staging_staging, now model.funding_rate_analytics.mart_daily_funding)
[0m14:42:02.925965 [debug] [Thread-2 (]: Began compiling node model.funding_rate_analytics.mart_daily_funding
[0m14:42:02.927263 [debug] [Thread-2 (]: Writing injected SQL for node "model.funding_rate_analytics.mart_daily_funding"
[0m14:42:02.925466 [debug] [Thread-3 (]: Began running node model.funding_rate_analytics.mart_hourly_funding
[0m14:42:02.927477 [info ] [Thread-3 (]: 3 of 4 START sql table model staging_marts.mart_hourly_funding ................. [RUN]
[0m14:42:02.927677 [debug] [Thread-3 (]: Acquiring new postgres connection 'model.funding_rate_analytics.mart_hourly_funding'
[0m14:42:02.927810 [debug] [Thread-3 (]: Began compiling node model.funding_rate_analytics.mart_hourly_funding
[0m14:42:02.928785 [debug] [Thread-3 (]: Writing injected SQL for node "model.funding_rate_analytics.mart_hourly_funding"
[0m14:42:02.929040 [debug] [Thread-2 (]: Began executing node model.funding_rate_analytics.mart_daily_funding
[0m14:42:02.937146 [debug] [Thread-2 (]: Writing runtime sql for node "model.funding_rate_analytics.mart_daily_funding"
[0m14:42:02.937328 [debug] [Thread-3 (]: Began executing node model.funding_rate_analytics.mart_hourly_funding
[0m14:42:02.938525 [debug] [Thread-3 (]: Writing runtime sql for node "model.funding_rate_analytics.mart_hourly_funding"
[0m14:42:02.939087 [debug] [Thread-3 (]: Using postgres connection "model.funding_rate_analytics.mart_hourly_funding"
[0m14:42:02.939387 [debug] [Thread-3 (]: On model.funding_rate_analytics.mart_hourly_funding: /* {"app": "dbt", "dbt_version": "1.12.0b2", "profile_name": "funding_rate_analytics", "target_name": "dev", "node_id": "model.funding_rate_analytics.mart_hourly_funding"} */

  
    

  create  table "funding_rates"."staging_marts"."mart_hourly_funding__dbt_tmp"
  
  
    as
  
  (
    SELECT
    venue,
    symbol,
    asset_class,
    DATE_TRUNC('hour', interval_start) AS hour_start,
    AVG(funding_rate_annualized_pct) * 100 AS avg_rate_bps,
    MIN(funding_rate_annualized_pct) * 100 AS min_rate_bps,
    MAX(funding_rate_annualized_pct) * 100 AS max_rate_bps,
    STDDEV(funding_rate_annualized_pct) * 100 AS rate_stddev,
    COUNT(*) AS sample_count,
    AVG(premium_bps) AS avg_premium_bps,
    AVG(mark_price) AS avg_mark_price,
    AVG(index_price) AS avg_index_price
FROM "funding_rates"."staging_staging"."stg_funding_events"
WHERE funding_rate_annualized_pct IS NOT NULL
GROUP BY 1, 2, 3, 4
  );
  
[0m14:42:02.939522 [debug] [Thread-3 (]: Opening a new connection, currently in state init
[0m14:42:02.939235 [debug] [Thread-2 (]: Using postgres connection "model.funding_rate_analytics.mart_daily_funding"
[0m14:42:02.939694 [debug] [Thread-2 (]: On model.funding_rate_analytics.mart_daily_funding: /* {"app": "dbt", "dbt_version": "1.12.0b2", "profile_name": "funding_rate_analytics", "target_name": "dev", "node_id": "model.funding_rate_analytics.mart_daily_funding"} */

  
    

  create  table "funding_rates"."staging_marts"."mart_daily_funding__dbt_tmp"
  
  
    as
  
  (
    WITH daily_agg AS (
    SELECT
        venue,
        symbol,
        asset_class,
        DATE_TRUNC('day', interval_start)::DATE AS date,
        AVG(funding_rate_annualized_pct) * 100 AS avg_rate_bps,
        MIN(funding_rate_annualized_pct) * 100 AS min_rate_bps,
        MAX(funding_rate_annualized_pct) * 100 AS max_rate_bps,
        STDDEV(funding_rate_annualized_pct) * 100 AS rate_volatility,
        AVG(premium_bps) AS avg_premium_bps,
        AVG(funding_rate_annualized_pct) AS daily_annualized_yield_pct
    FROM "funding_rates"."staging_staging"."stg_funding_events"
    WHERE funding_rate_annualized_pct IS NOT NULL
    GROUP BY 1, 2, 3, 4
)
SELECT
    venue,
    symbol,
    asset_class,
    date,
    avg_rate_bps,
    min_rate_bps,
    max_rate_bps,
    rate_volatility,
    avg_premium_bps,
    EXTRACT(DOW FROM date) IN (0, 6) AS is_weekend,
    daily_annualized_yield_pct
FROM daily_agg
  );
  
[0m14:42:02.939826 [debug] [Thread-2 (]: Opening a new connection, currently in state closed
[0m14:42:03.350474 [debug] [Thread-2 (]: SQL status: SELECT 18437 in 0.411 seconds
[0m14:42:03.353644 [debug] [Thread-2 (]: Using postgres connection "model.funding_rate_analytics.mart_daily_funding"
[0m14:42:03.353811 [debug] [Thread-2 (]: On model.funding_rate_analytics.mart_daily_funding: /* {"app": "dbt", "dbt_version": "1.12.0b2", "profile_name": "funding_rate_analytics", "target_name": "dev", "node_id": "model.funding_rate_analytics.mart_daily_funding"} */
alter table "funding_rates"."staging_marts"."mart_daily_funding" rename to "mart_daily_funding__dbt_backup"
[0m14:42:03.354534 [debug] [Thread-2 (]: SQL status: ALTER TABLE in 0.001 seconds
[0m14:42:03.355521 [debug] [Thread-2 (]: Using postgres connection "model.funding_rate_analytics.mart_daily_funding"
[0m14:42:03.355659 [debug] [Thread-2 (]: On model.funding_rate_analytics.mart_daily_funding: /* {"app": "dbt", "dbt_version": "1.12.0b2", "profile_name": "funding_rate_analytics", "target_name": "dev", "node_id": "model.funding_rate_analytics.mart_daily_funding"} */
alter table "funding_rates"."staging_marts"."mart_daily_funding__dbt_tmp" rename to "mart_daily_funding"
[0m14:42:03.356171 [debug] [Thread-2 (]: SQL status: ALTER TABLE in 0.000 seconds
[0m14:42:03.356696 [debug] [Thread-2 (]: On model.funding_rate_analytics.mart_daily_funding: COMMIT
[0m14:42:03.356821 [debug] [Thread-2 (]: Using postgres connection "model.funding_rate_analytics.mart_daily_funding"
[0m14:42:03.357004 [debug] [Thread-2 (]: On model.funding_rate_analytics.mart_daily_funding: COMMIT
[0m14:42:03.360740 [debug] [Thread-2 (]: SQL status: COMMIT in 0.004 seconds
[0m14:42:03.361894 [debug] [Thread-2 (]: Applying DROP to: "funding_rates"."staging_marts"."mart_daily_funding__dbt_backup"
[0m14:42:03.362977 [debug] [Thread-2 (]: Using postgres connection "model.funding_rate_analytics.mart_daily_funding"
[0m14:42:03.363117 [debug] [Thread-2 (]: On model.funding_rate_analytics.mart_daily_funding: /* {"app": "dbt", "dbt_version": "1.12.0b2", "profile_name": "funding_rate_analytics", "target_name": "dev", "node_id": "model.funding_rate_analytics.mart_daily_funding"} */
drop table if exists "funding_rates"."staging_marts"."mart_daily_funding__dbt_backup" cascade
[0m14:42:03.366090 [debug] [Thread-2 (]: SQL status: DROP TABLE in 0.003 seconds
[0m14:42:03.366716 [debug] [Thread-2 (]: On model.funding_rate_analytics.mart_daily_funding: Close
[0m14:42:03.367004 [debug] [Thread-2 (]: Sending event: {'category': 'dbt', 'action': 'run_model', 'label': '4dda5352-2884-40f4-bfc7-2661f778286e', 'context': [<snowplow_tracker.self_describing_json.SelfDescribingJson object at 0x10e205b30>]}
[0m14:42:03.367284 [info ] [Thread-2 (]: 2 of 4 OK created sql table model staging_marts.mart_daily_funding ............. [[32mSELECT 18437[0m in 0.44s]
[0m14:42:03.367502 [debug] [Thread-2 (]: Finished running node model.funding_rate_analytics.mart_daily_funding
[0m14:42:03.367767 [debug] [Thread-4 (]: Began running node model.funding_rate_analytics.mart_venue_comparison
[0m14:42:03.367937 [info ] [Thread-4 (]: 4 of 4 START sql table model staging_marts.mart_venue_comparison ............... [RUN]
[0m14:42:03.368127 [debug] [Thread-4 (]: Acquiring new postgres connection 'model.funding_rate_analytics.mart_venue_comparison'
[0m14:42:03.368260 [debug] [Thread-4 (]: Began compiling node model.funding_rate_analytics.mart_venue_comparison
[0m14:42:03.369600 [debug] [Thread-4 (]: Writing injected SQL for node "model.funding_rate_analytics.mart_venue_comparison"
[0m14:42:03.370185 [debug] [Thread-4 (]: Began executing node model.funding_rate_analytics.mart_venue_comparison
[0m14:42:03.371793 [debug] [Thread-4 (]: Writing runtime sql for node "model.funding_rate_analytics.mart_venue_comparison"
[0m14:42:03.372270 [debug] [Thread-4 (]: Using postgres connection "model.funding_rate_analytics.mart_venue_comparison"
[0m14:42:03.372430 [debug] [Thread-4 (]: On model.funding_rate_analytics.mart_venue_comparison: /* {"app": "dbt", "dbt_version": "1.12.0b2", "profile_name": "funding_rate_analytics", "target_name": "dev", "node_id": "model.funding_rate_analytics.mart_venue_comparison"} */

  
    

  create  table "funding_rates"."staging_marts"."mart_venue_comparison__dbt_tmp"
  
  
    as
  
  (
    WITH daily AS (
    SELECT * FROM "funding_rates"."staging_marts"."mart_daily_funding"
),
binance AS (
    SELECT date, symbol, asset_class, avg_rate_bps
    FROM daily WHERE venue = 'binance'
),
hyperliquid AS (
    SELECT date, symbol, asset_class, avg_rate_bps
    FROM daily WHERE venue = 'hyperliquid'
),
deribit AS (
    SELECT date, symbol, asset_class, avg_rate_bps
    FROM daily WHERE venue = 'deribit'
)
SELECT
    COALESCE(b.date, h.date, d.date) AS date,
    COALESCE(b.symbol, h.symbol, d.symbol) AS symbol,
    COALESCE(b.asset_class, h.asset_class, d.asset_class) AS asset_class,
    b.avg_rate_bps AS binance_rate_bps,
    h.avg_rate_bps AS hyperliquid_rate_bps,
    d.avg_rate_bps AS deribit_rate_bps,
    GREATEST(
        COALESCE(ABS(b.avg_rate_bps - h.avg_rate_bps), 0),
        COALESCE(ABS(b.avg_rate_bps - d.avg_rate_bps), 0),
        COALESCE(ABS(h.avg_rate_bps - d.avg_rate_bps), 0)
    ) AS max_cross_spread_bps,
    CASE
        WHEN ABS(COALESCE(b.avg_rate_bps, 0) - COALESCE(h.avg_rate_bps, 0))
            >= GREATEST(
                COALESCE(ABS(b.avg_rate_bps - d.avg_rate_bps), 0),
                COALESCE(ABS(h.avg_rate_bps - d.avg_rate_bps), 0)
            )
            THEN 'binance-hyperliquid'
        WHEN ABS(COALESCE(b.avg_rate_bps, 0) - COALESCE(d.avg_rate_bps, 0))
            >= COALESCE(ABS(h.avg_rate_bps - d.avg_rate_bps), 0)
            THEN 'binance-deribit'
        ELSE 'hyperliquid-deribit'
    END AS arb_venue_pair,
    0 AS arb_apy_pct
FROM binance b
FULL OUTER JOIN hyperliquid h
    ON b.date = h.date AND b.symbol = h.symbol
FULL OUTER JOIN deribit d
    ON COALESCE(b.date, h.date) = d.date
    AND COALESCE(b.symbol, h.symbol) = d.symbol
  );
  
[0m14:42:03.372584 [debug] [Thread-4 (]: Opening a new connection, currently in state init
[0m14:42:03.394581 [debug] [Thread-4 (]: SQL status: SELECT 11273 in 0.022 seconds
[0m14:42:03.396406 [debug] [Thread-4 (]: Using postgres connection "model.funding_rate_analytics.mart_venue_comparison"
[0m14:42:03.396572 [debug] [Thread-4 (]: On model.funding_rate_analytics.mart_venue_comparison: /* {"app": "dbt", "dbt_version": "1.12.0b2", "profile_name": "funding_rate_analytics", "target_name": "dev", "node_id": "model.funding_rate_analytics.mart_venue_comparison"} */
alter table "funding_rates"."staging_marts"."mart_venue_comparison" rename to "mart_venue_comparison__dbt_backup"
[0m14:42:03.397750 [debug] [Thread-4 (]: SQL status: ALTER TABLE in 0.001 seconds
[0m14:42:03.399124 [debug] [Thread-4 (]: Using postgres connection "model.funding_rate_analytics.mart_venue_comparison"
[0m14:42:03.399359 [debug] [Thread-4 (]: On model.funding_rate_analytics.mart_venue_comparison: /* {"app": "dbt", "dbt_version": "1.12.0b2", "profile_name": "funding_rate_analytics", "target_name": "dev", "node_id": "model.funding_rate_analytics.mart_venue_comparison"} */
alter table "funding_rates"."staging_marts"."mart_venue_comparison__dbt_tmp" rename to "mart_venue_comparison"
[0m14:42:03.400168 [debug] [Thread-4 (]: SQL status: ALTER TABLE in 0.001 seconds
[0m14:42:03.401043 [debug] [Thread-4 (]: On model.funding_rate_analytics.mart_venue_comparison: COMMIT
[0m14:42:03.401199 [debug] [Thread-4 (]: Using postgres connection "model.funding_rate_analytics.mart_venue_comparison"
[0m14:42:03.401328 [debug] [Thread-4 (]: On model.funding_rate_analytics.mart_venue_comparison: COMMIT
[0m14:42:03.419864 [debug] [Thread-4 (]: SQL status: COMMIT in 0.018 seconds
[0m14:42:03.420968 [debug] [Thread-4 (]: Applying DROP to: "funding_rates"."staging_marts"."mart_venue_comparison__dbt_backup"
[0m14:42:03.421289 [debug] [Thread-4 (]: Using postgres connection "model.funding_rate_analytics.mart_venue_comparison"
[0m14:42:03.421426 [debug] [Thread-4 (]: On model.funding_rate_analytics.mart_venue_comparison: /* {"app": "dbt", "dbt_version": "1.12.0b2", "profile_name": "funding_rate_analytics", "target_name": "dev", "node_id": "model.funding_rate_analytics.mart_venue_comparison"} */
drop table if exists "funding_rates"."staging_marts"."mart_venue_comparison__dbt_backup" cascade
[0m14:42:03.423545 [debug] [Thread-4 (]: SQL status: DROP TABLE in 0.002 seconds
[0m14:42:03.424151 [debug] [Thread-4 (]: On model.funding_rate_analytics.mart_venue_comparison: Close
[0m14:42:03.424423 [debug] [Thread-4 (]: Sending event: {'category': 'dbt', 'action': 'run_model', 'label': '4dda5352-2884-40f4-bfc7-2661f778286e', 'context': [<snowplow_tracker.self_describing_json.SelfDescribingJson object at 0x10e0795d0>]}
[0m14:42:03.424695 [info ] [Thread-4 (]: 4 of 4 OK created sql table model staging_marts.mart_venue_comparison .......... [[32mSELECT 11273[0m in 0.06s]
[0m14:42:03.424896 [debug] [Thread-4 (]: Finished running node model.funding_rate_analytics.mart_venue_comparison
[0m14:42:03.670122 [debug] [Thread-3 (]: SQL status: SELECT 260956 in 0.730 seconds
[0m14:42:03.672816 [debug] [Thread-3 (]: Using postgres connection "model.funding_rate_analytics.mart_hourly_funding"
[0m14:42:03.672975 [debug] [Thread-3 (]: On model.funding_rate_analytics.mart_hourly_funding: /* {"app": "dbt", "dbt_version": "1.12.0b2", "profile_name": "funding_rate_analytics", "target_name": "dev", "node_id": "model.funding_rate_analytics.mart_hourly_funding"} */
alter table "funding_rates"."staging_marts"."mart_hourly_funding" rename to "mart_hourly_funding__dbt_backup"
[0m14:42:03.673729 [debug] [Thread-3 (]: SQL status: ALTER TABLE in 0.001 seconds
[0m14:42:03.675418 [debug] [Thread-3 (]: Using postgres connection "model.funding_rate_analytics.mart_hourly_funding"
[0m14:42:03.675687 [debug] [Thread-3 (]: On model.funding_rate_analytics.mart_hourly_funding: /* {"app": "dbt", "dbt_version": "1.12.0b2", "profile_name": "funding_rate_analytics", "target_name": "dev", "node_id": "model.funding_rate_analytics.mart_hourly_funding"} */
alter table "funding_rates"."staging_marts"."mart_hourly_funding__dbt_tmp" rename to "mart_hourly_funding"
[0m14:42:03.676364 [debug] [Thread-3 (]: SQL status: ALTER TABLE in 0.000 seconds
[0m14:42:03.676883 [debug] [Thread-3 (]: On model.funding_rate_analytics.mart_hourly_funding: COMMIT
[0m14:42:03.677007 [debug] [Thread-3 (]: Using postgres connection "model.funding_rate_analytics.mart_hourly_funding"
[0m14:42:03.677121 [debug] [Thread-3 (]: On model.funding_rate_analytics.mart_hourly_funding: COMMIT
[0m14:42:03.680292 [debug] [Thread-3 (]: SQL status: COMMIT in 0.003 seconds
[0m14:42:03.681322 [debug] [Thread-3 (]: Applying DROP to: "funding_rates"."staging_marts"."mart_hourly_funding__dbt_backup"
[0m14:42:03.681827 [debug] [Thread-3 (]: Using postgres connection "model.funding_rate_analytics.mart_hourly_funding"
[0m14:42:03.682065 [debug] [Thread-3 (]: On model.funding_rate_analytics.mart_hourly_funding: /* {"app": "dbt", "dbt_version": "1.12.0b2", "profile_name": "funding_rate_analytics", "target_name": "dev", "node_id": "model.funding_rate_analytics.mart_hourly_funding"} */
drop table if exists "funding_rates"."staging_marts"."mart_hourly_funding__dbt_backup" cascade
[0m14:42:03.684269 [debug] [Thread-3 (]: SQL status: DROP TABLE in 0.002 seconds
[0m14:42:03.684704 [debug] [Thread-3 (]: On model.funding_rate_analytics.mart_hourly_funding: Close
[0m14:42:03.685000 [debug] [Thread-3 (]: Sending event: {'category': 'dbt', 'action': 'run_model', 'label': '4dda5352-2884-40f4-bfc7-2661f778286e', 'context': [<snowplow_tracker.self_describing_json.SelfDescribingJson object at 0x10e0f6350>]}
[0m14:42:03.685252 [info ] [Thread-3 (]: 3 of 4 OK created sql table model staging_marts.mart_hourly_funding ............ [[32mSELECT 260956[0m in 0.76s]
[0m14:42:03.685459 [debug] [Thread-3 (]: Finished running node model.funding_rate_analytics.mart_hourly_funding
[0m14:42:03.686128 [debug] [MainThread]: On master: COMMIT
[0m14:42:03.686248 [debug] [MainThread]: Using postgres connection "master"
[0m14:42:03.686352 [debug] [MainThread]: On master: COMMIT
[0m14:42:03.686453 [debug] [MainThread]: Opening a new connection, currently in state closed
[0m14:42:03.692749 [debug] [MainThread]: SQL status: COMMIT in 0.006 seconds
[0m14:42:03.692943 [debug] [MainThread]: On master: Close
[0m14:42:03.693120 [debug] [MainThread]: Connection 'master' was properly closed.
[0m14:42:03.693225 [debug] [MainThread]: Connection 'model.funding_rate_analytics.stg_funding_events' was properly closed.
[0m14:42:03.693315 [debug] [MainThread]: Connection 'model.funding_rate_analytics.mart_daily_funding' was properly closed.
[0m14:42:03.693399 [debug] [MainThread]: Connection 'model.funding_rate_analytics.mart_hourly_funding' was properly closed.
[0m14:42:03.693477 [debug] [MainThread]: Connection 'model.funding_rate_analytics.mart_venue_comparison' was properly closed.
[0m14:42:03.693617 [info ] [MainThread]: 
[0m14:42:03.693750 [info ] [MainThread]: Finished running 3 table models, 1 view model in 0 hours 0 minutes and 0.98 seconds (0.98s).
[0m14:42:03.694125 [debug] [MainThread]: Command end result
[0m14:42:03.715923 [debug] [MainThread]: Wrote artifact WritableManifest to /Users/nformenton/Dev/funding-rate-analytics/dbt/target/manifest.json
[0m14:42:03.718383 [debug] [MainThread]: Wrote artifact SemanticManifest to /Users/nformenton/Dev/funding-rate-analytics/dbt/target/semantic_manifest.json
[0m14:42:03.720164 [debug] [MainThread]: Wrote artifact OsiDocument to /Users/nformenton/Dev/funding-rate-analytics/dbt/target/osi_document.json
[0m14:42:03.723529 [debug] [MainThread]: Wrote artifact RunExecutionResult to /Users/nformenton/Dev/funding-rate-analytics/dbt/target/run_results.json
[0m14:42:03.723670 [info ] [MainThread]: 
[0m14:42:03.723823 [info ] [MainThread]: [32mCompleted successfully[0m
[0m14:42:03.723935 [info ] [MainThread]: 
[0m14:42:03.724068 [info ] [MainThread]: Done. PASS=4 WARN=0 ERROR=0 SKIP=0 NO-OP=0 REUSED=0 TOTAL=4
[0m14:42:03.724324 [warn ] [MainThread]: [[33mWARNING[0m][DeprecationsSummary]: Deprecated functionality
Summary of encountered deprecations:
- MissingArgumentsPropertyInGenericTestDeprecation: 2 occurrences
To see all deprecation instances instead of just the first occurrence of each,
run command again with the `--show-all-deprecations` flag. You may also need to
run with `--no-partial-parse` as some deprecations are only encountered during
parsing.
[0m14:42:03.727106 [debug] [MainThread]: Resource report: {"command_name": "run", "command_success": true, "command_wall_clock_time": 1.7169963, "process_in_blocks": "0", "process_kernel_time": 0.223901, "process_mem_max_rss": "179273728", "process_out_blocks": "0", "process_user_time": 1.229177}
[0m14:42:03.727386 [debug] [MainThread]: Command `dbt run` succeeded at 14:42:03.727341 after 1.72 seconds
[0m14:42:03.727593 [debug] [MainThread]: Sending event: {'category': 'dbt', 'action': 'invocation', 'label': 'end', 'context': [<snowplow_tracker.self_describing_json.SelfDescribingJson object at 0x10da9c9b0>, <snowplow_tracker.self_describing_json.SelfDescribingJson object at 0x10e1beed0>, <snowplow_tracker.self_describing_json.SelfDescribingJson object at 0x10e1bf050>]}
[0m14:42:03.727782 [debug] [MainThread]: Flushing usage events
[0m14:42:04.406271 [debug] [MainThread]: An error was encountered while trying to flush usage events
[0m14:42:05.606023 [debug] [MainThread]: Sending event: {'category': 'dbt', 'action': 'invocation', 'label': 'start', 'context': [<snowplow_tracker.self_describing_json.SelfDescribingJson object at 0x10ad0c2f0>, <snowplow_tracker.self_describing_json.SelfDescribingJson object at 0x10c2b6710>, <snowplow_tracker.self_describing_json.SelfDescribingJson object at 0x10c2b6990>]}


============================== 14:42:05.608306 | f0a26977-0d53-495f-893c-e2de9a15d2e7 ==============================
[0m14:42:05.608306 [info ] [MainThread]: Running with dbt=1.12.0-b2
[0m14:42:05.608559 [debug] [MainThread]: running dbt with arguments {'cache_selected_only': 'False', 'profiles_dir': '/Users/nformenton/Dev/funding-rate-analytics/dbt', 'write_json': 'True', 'empty': 'None', 'log_path': '/Users/nformenton/Dev/funding-rate-analytics/dbt/logs', 'target_path': 'None', 'invocation_command': 'dbt test', 'printer_width': '80', 'static_parser': 'True', 'use_experimental_parser': 'False', 'quiet': 'False', 'maximum_seed_size_mib': '1', 'no_print': 'None', 'send_anonymous_usage_stats': 'True', 'warn_error_options': 'WarnErrorOptionsV2(error=[], warn=[], silence=[])', 'indirect_selection': 'eager', 'log_cache_events': 'False', 'fail_fast': 'False', 'version_check': 'True', 'introspect': 'True', 'use_colors': 'True', 'partial_parse': 'True', 'debug': 'False', 'warn_error': 'None', 'log_format': 'default'}
[0m14:42:05.695950 [debug] [MainThread]: Sending event: {'category': 'dbt', 'action': 'project_id', 'label': 'f0a26977-0d53-495f-893c-e2de9a15d2e7', 'context': [<snowplow_tracker.self_describing_json.SelfDescribingJson object at 0x10c265e00>]}
[0m14:42:05.719992 [debug] [MainThread]: Sending event: {'category': 'dbt', 'action': 'adapter_info', 'label': 'f0a26977-0d53-495f-893c-e2de9a15d2e7', 'context': [<snowplow_tracker.self_describing_json.SelfDescribingJson object at 0x108d8ef10>]}
[0m14:42:05.720952 [info ] [MainThread]: Registered adapter: postgres=1.10.0
[0m14:42:05.758162 [debug] [MainThread]: checksum: 4028e76001202c6d79cbd6497f04f8a5167c54a3cd8d4daed1786e25b5aa8f08, vars: {}, profile: funding_rate_analytics, target: dev, version: 1.12.0b2
[0m14:42:05.849473 [debug] [MainThread]: Partial parsing enabled: 0 files deleted, 0 files added, 0 files changed.
[0m14:42:05.849737 [debug] [MainThread]: Nothing changed, skipping partial parsing.
[0m14:42:05.849864 [debug] [MainThread]: Partial parsing enabled, no changes found, skipping parsing
[0m14:42:05.870273 [debug] [MainThread]: Sending event: {'category': 'dbt', 'action': 'load_project', 'label': 'f0a26977-0d53-495f-893c-e2de9a15d2e7', 'context': [<snowplow_tracker.self_describing_json.SelfDescribingJson object at 0x10c332e50>]}
[0m14:42:05.914410 [debug] [MainThread]: Wrote artifact WritableManifest to /Users/nformenton/Dev/funding-rate-analytics/dbt/target/manifest.json
[0m14:42:05.916480 [debug] [MainThread]: Wrote artifact SemanticManifest to /Users/nformenton/Dev/funding-rate-analytics/dbt/target/semantic_manifest.json
[0m14:42:05.929397 [debug] [MainThread]: Wrote artifact OsiDocument to /Users/nformenton/Dev/funding-rate-analytics/dbt/target/osi_document.json
[0m14:42:05.940155 [debug] [MainThread]: Sending event: {'category': 'dbt', 'action': 'resource_counts', 'label': 'f0a26977-0d53-495f-893c-e2de9a15d2e7', 'context': [<snowplow_tracker.self_describing_json.SelfDescribingJson object at 0x10d694140>]}
[0m14:42:05.940368 [info ] [MainThread]: Found 4 models, 24 data tests, 1 analysis, 591 macros
[0m14:42:05.940509 [debug] [MainThread]: Sending event: {'category': 'dbt', 'action': 'runnable_timing', 'label': 'f0a26977-0d53-495f-893c-e2de9a15d2e7', 'context': [<snowplow_tracker.self_describing_json.SelfDescribingJson object at 0x10d772890>]}
[0m14:42:05.941677 [info ] [MainThread]: 
[0m14:42:05.941826 [info ] [MainThread]: Concurrency: 4 threads (target='dev')
[0m14:42:05.941931 [info ] [MainThread]: 
[0m14:42:05.942134 [debug] [MainThread]: Acquiring new postgres connection 'master'
[0m14:42:05.943737 [debug] [ThreadPool]: Acquiring new postgres connection 'list_funding_rates_staging_staging'
[0m14:42:05.948261 [debug] [ThreadPool]: Acquiring new postgres connection 'list_funding_rates_staging_marts'
[0m14:42:06.007735 [debug] [ThreadPool]: Using postgres connection "list_funding_rates_staging_staging"
[0m14:42:06.008089 [debug] [ThreadPool]: On list_funding_rates_staging_staging: /* {"app": "dbt", "dbt_version": "1.12.0b2", "profile_name": "funding_rate_analytics", "target_name": "dev", "connection_name": "list_funding_rates_staging_staging"} */
select
      'funding_rates' as database,
      tablename as name,
      schemaname as schema,
      'table' as type
    from pg_tables
    where schemaname ilike 'staging_staging'
    union all
    select
      'funding_rates' as database,
      viewname as name,
      schemaname as schema,
      'view' as type
    from pg_views
    where schemaname ilike 'staging_staging'
    union all
    select
      'funding_rates' as database,
      matviewname as name,
      schemaname as schema,
      'materialized_view' as type
    from pg_matviews
    where schemaname ilike 'staging_staging'
  
[0m14:42:06.008216 [debug] [ThreadPool]: Opening a new connection, currently in state init
[0m14:42:06.007932 [debug] [ThreadPool]: Using postgres connection "list_funding_rates_staging_marts"
[0m14:42:06.008422 [debug] [ThreadPool]: On list_funding_rates_staging_marts: /* {"app": "dbt", "dbt_version": "1.12.0b2", "profile_name": "funding_rate_analytics", "target_name": "dev", "connection_name": "list_funding_rates_staging_marts"} */
select
      'funding_rates' as database,
      tablename as name,
      schemaname as schema,
      'table' as type
    from pg_tables
    where schemaname ilike 'staging_marts'
    union all
    select
      'funding_rates' as database,
      viewname as name,
      schemaname as schema,
      'view' as type
    from pg_views
    where schemaname ilike 'staging_marts'
    union all
    select
      'funding_rates' as database,
      matviewname as name,
      schemaname as schema,
      'materialized_view' as type
    from pg_matviews
    where schemaname ilike 'staging_marts'
  
[0m14:42:06.008573 [debug] [ThreadPool]: Opening a new connection, currently in state init
[0m14:42:06.037178 [debug] [ThreadPool]: SQL status: SELECT 1 in 0.029 seconds
[0m14:42:06.037912 [debug] [ThreadPool]: On list_funding_rates_staging_staging: ROLLBACK
[0m14:42:06.037381 [debug] [ThreadPool]: SQL status: SELECT 3 in 0.029 seconds
[0m14:42:06.038330 [debug] [ThreadPool]: On list_funding_rates_staging_marts: ROLLBACK
[0m14:42:06.038542 [debug] [ThreadPool]: On list_funding_rates_staging_staging: Close
[0m14:42:06.038847 [debug] [ThreadPool]: On list_funding_rates_staging_marts: Close
[0m14:42:06.040798 [debug] [MainThread]: Using postgres connection "master"
[0m14:42:06.040976 [debug] [MainThread]: On master: /* {"app": "dbt", "dbt_version": "1.12.0b2", "profile_name": "funding_rate_analytics", "target_name": "dev", "connection_name": "master"} */
select distinct
        dependent_namespace.nspname as dependent_schema,
        dependent_class.relname as dependent_name,
        referenced_namespace.nspname as referenced_schema,
        referenced_class.relname as referenced_name

    -- Query for views: views are entries in pg_class with an entry in pg_rewrite, but we avoid
    -- a seq scan on pg_rewrite by leveraging the fact there is an "internal" row in pg_depend for
    -- the view...
    from pg_class as dependent_class
    join pg_namespace as dependent_namespace on dependent_namespace.oid = dependent_class.relnamespace
    join pg_depend as dependent_depend on dependent_depend.refobjid = dependent_class.oid
        and dependent_depend.classid = 'pg_rewrite'::regclass
        and dependent_depend.refclassid = 'pg_class'::regclass
        and dependent_depend.deptype = 'i'

    -- ... and via pg_depend (that has a row per column, hence the need for "distinct" above, and
    -- making sure to exclude the internal row to avoid a view appearing to depend on itself)...
    join pg_depend as joining_depend on joining_depend.objid = dependent_depend.objid
        and joining_depend.classid = 'pg_rewrite'::regclass
        and joining_depend.refclassid = 'pg_class'::regclass
        and joining_depend.refobjid != dependent_depend.refobjid

    -- ... we can find the tables they query from in pg_class, but excluding system tables. Note we
    -- don't need need to exclude _dependent_ system tables, because they only query from other
    -- system tables, and so are automatically excluded by excluding _referenced_ system tables
    join pg_class as referenced_class on referenced_class.oid = joining_depend.refobjid
    join pg_namespace as referenced_namespace on referenced_namespace.oid = referenced_class.relnamespace
        and referenced_namespace.nspname != 'information_schema'
        and referenced_namespace.nspname not like 'pg\_%'

    order by
        dependent_schema, dependent_name, referenced_schema, referenced_name;
[0m14:42:06.041116 [debug] [MainThread]: Opening a new connection, currently in state init
[0m14:42:06.051806 [debug] [MainThread]: SQL status: SELECT 8 in 0.011 seconds
[0m14:42:06.052283 [debug] [MainThread]: Sending event: {'category': 'dbt', 'action': 'runnable_timing', 'label': 'f0a26977-0d53-495f-893c-e2de9a15d2e7', 'context': [<snowplow_tracker.self_describing_json.SelfDescribingJson object at 0x10db6c530>]}
[0m14:42:06.052477 [debug] [MainThread]: On master: ROLLBACK
[0m14:42:06.052904 [debug] [MainThread]: On master: COMMIT
[0m14:42:06.053004 [debug] [MainThread]: Using postgres connection "master"
[0m14:42:06.053094 [debug] [MainThread]: On master: COMMIT
[0m14:42:06.053741 [debug] [MainThread]: SQL status: COMMIT in 0.001 seconds
[0m14:42:06.053842 [debug] [MainThread]: On master: Close
[0m14:42:06.055121 [debug] [Thread-1 (]: Began running node test.funding_rate_analytics.accepted_values_mart_daily_funding_asset_class__crypto__equity.aa8969997c
[0m14:42:06.055300 [debug] [Thread-3 (]: Began running node test.funding_rate_analytics.accepted_values_mart_venue_comparison_asset_class__crypto__equity.37675ad8cb
[0m14:42:06.055679 [info ] [Thread-1 (]: 1 of 24 START test accepted_values_mart_daily_funding_asset_class__crypto__equity  [RUN]
[0m14:42:06.056058 [debug] [Thread-1 (]: Re-using an available connection from the pool (formerly list_funding_rates_staging_staging, now test.funding_rate_analytics.accepted_values_mart_daily_funding_asset_class__crypto__equity.aa8969997c)
[0m14:42:06.056204 [debug] [Thread-1 (]: Began compiling node test.funding_rate_analytics.accepted_values_mart_daily_funding_asset_class__crypto__equity.aa8969997c
[0m14:42:06.055807 [info ] [Thread-3 (]: 3 of 24 START test accepted_values_mart_venue_comparison_asset_class__crypto__equity  [RUN]
[0m14:42:06.055532 [debug] [Thread-2 (]: Began running node test.funding_rate_analytics.accepted_values_mart_hourly_funding_asset_class__crypto__equity.a873e5f13c
[0m14:42:06.055417 [debug] [Thread-4 (]: Began running node test.funding_rate_analytics.accepted_values_stg_funding_events_asset_class__crypto__equity.8c0e938519
[0m14:42:06.064133 [info ] [Thread-2 (]: 2 of 24 START test accepted_values_mart_hourly_funding_asset_class__crypto__equity  [RUN]
[0m14:42:06.064502 [debug] [Thread-2 (]: Re-using an available connection from the pool (formerly list_funding_rates_staging_marts, now test.funding_rate_analytics.accepted_values_mart_hourly_funding_asset_class__crypto__equity.a873e5f13c)
[0m14:42:06.064665 [debug] [Thread-2 (]: Began compiling node test.funding_rate_analytics.accepted_values_mart_hourly_funding_asset_class__crypto__equity.a873e5f13c
[0m14:42:06.066450 [debug] [Thread-2 (]: Writing injected SQL for node "test.funding_rate_analytics.accepted_values_mart_hourly_funding_asset_class__crypto__equity.a873e5f13c"
[0m14:42:06.063981 [debug] [Thread-3 (]: Acquiring new postgres connection 'test.funding_rate_analytics.accepted_values_mart_venue_comparison_asset_class__crypto__equity.37675ad8cb'
[0m14:42:06.063739 [debug] [Thread-1 (]: Writing injected SQL for node "test.funding_rate_analytics.accepted_values_mart_daily_funding_asset_class__crypto__equity.aa8969997c"
[0m14:42:06.064265 [info ] [Thread-4 (]: 4 of 24 START test accepted_values_stg_funding_events_asset_class__crypto__equity  [RUN]
[0m14:42:06.066903 [debug] [Thread-4 (]: Acquiring new postgres connection 'test.funding_rate_analytics.accepted_values_stg_funding_events_asset_class__crypto__equity.8c0e938519'
[0m14:42:06.067044 [debug] [Thread-4 (]: Began compiling node test.funding_rate_analytics.accepted_values_stg_funding_events_asset_class__crypto__equity.8c0e938519
[0m14:42:06.068485 [debug] [Thread-4 (]: Writing injected SQL for node "test.funding_rate_analytics.accepted_values_stg_funding_events_asset_class__crypto__equity.8c0e938519"
[0m14:42:06.066665 [debug] [Thread-3 (]: Began compiling node test.funding_rate_analytics.accepted_values_mart_venue_comparison_asset_class__crypto__equity.37675ad8cb
[0m14:42:06.070040 [debug] [Thread-3 (]: Writing injected SQL for node "test.funding_rate_analytics.accepted_values_mart_venue_comparison_asset_class__crypto__equity.37675ad8cb"
[0m14:42:06.070330 [debug] [Thread-1 (]: Began executing node test.funding_rate_analytics.accepted_values_mart_daily_funding_asset_class__crypto__equity.aa8969997c
[0m14:42:06.078156 [debug] [Thread-1 (]: Writing runtime sql for node "test.funding_rate_analytics.accepted_values_mart_daily_funding_asset_class__crypto__equity.aa8969997c"
[0m14:42:06.070516 [debug] [Thread-2 (]: Began executing node test.funding_rate_analytics.accepted_values_mart_hourly_funding_asset_class__crypto__equity.a873e5f13c
[0m14:42:06.079080 [debug] [Thread-2 (]: Writing runtime sql for node "test.funding_rate_analytics.accepted_values_mart_hourly_funding_asset_class__crypto__equity.a873e5f13c"
[0m14:42:06.079264 [debug] [Thread-3 (]: Began executing node test.funding_rate_analytics.accepted_values_mart_venue_comparison_asset_class__crypto__equity.37675ad8cb
[0m14:42:06.080410 [debug] [Thread-3 (]: Writing runtime sql for node "test.funding_rate_analytics.accepted_values_mart_venue_comparison_asset_class__crypto__equity.37675ad8cb"
[0m14:42:06.079423 [debug] [Thread-4 (]: Began executing node test.funding_rate_analytics.accepted_values_stg_funding_events_asset_class__crypto__equity.8c0e938519
[0m14:42:06.081367 [debug] [Thread-4 (]: Writing runtime sql for node "test.funding_rate_analytics.accepted_values_stg_funding_events_asset_class__crypto__equity.8c0e938519"
[0m14:42:06.081563 [debug] [Thread-1 (]: Using postgres connection "test.funding_rate_analytics.accepted_values_mart_daily_funding_asset_class__crypto__equity.aa8969997c"
[0m14:42:06.081735 [debug] [Thread-1 (]: On test.funding_rate_analytics.accepted_values_mart_daily_funding_asset_class__crypto__equity.aa8969997c: /* {"app": "dbt", "dbt_version": "1.12.0b2", "profile_name": "funding_rate_analytics", "target_name": "dev", "node_id": "test.funding_rate_analytics.accepted_values_mart_daily_funding_asset_class__crypto__equity.aa8969997c"} */

    
    select
      count(*) as failures,
      count(*) != 0 as should_warn,
      count(*) != 0 as should_error
    from (
      
    
  
    
    

with all_values as (

    select
        asset_class as value_field,
        count(*) as n_records

    from "funding_rates"."staging_marts"."mart_daily_funding"
    group by asset_class

)

select *
from all_values
where value_field not in (
    'crypto','equity'
)



  
  
      
    ) dbt_internal_test
[0m14:42:06.081893 [debug] [Thread-1 (]: Opening a new connection, currently in state closed
[0m14:42:06.082095 [debug] [Thread-2 (]: Using postgres connection "test.funding_rate_analytics.accepted_values_mart_hourly_funding_asset_class__crypto__equity.a873e5f13c"
[0m14:42:06.082237 [debug] [Thread-2 (]: On test.funding_rate_analytics.accepted_values_mart_hourly_funding_asset_class__crypto__equity.a873e5f13c: /* {"app": "dbt", "dbt_version": "1.12.0b2", "profile_name": "funding_rate_analytics", "target_name": "dev", "node_id": "test.funding_rate_analytics.accepted_values_mart_hourly_funding_asset_class__crypto__equity.a873e5f13c"} */

    
    select
      count(*) as failures,
      count(*) != 0 as should_warn,
      count(*) != 0 as should_error
    from (
      
    
  
    
    

with all_values as (

    select
        asset_class as value_field,
        count(*) as n_records

    from "funding_rates"."staging_marts"."mart_hourly_funding"
    group by asset_class

)

select *
from all_values
where value_field not in (
    'crypto','equity'
)



  
  
      
    ) dbt_internal_test
[0m14:42:06.082549 [debug] [Thread-2 (]: Opening a new connection, currently in state closed
[0m14:42:06.082403 [debug] [Thread-3 (]: Using postgres connection "test.funding_rate_analytics.accepted_values_mart_venue_comparison_asset_class__crypto__equity.37675ad8cb"
[0m14:42:06.082873 [debug] [Thread-3 (]: On test.funding_rate_analytics.accepted_values_mart_venue_comparison_asset_class__crypto__equity.37675ad8cb: /* {"app": "dbt", "dbt_version": "1.12.0b2", "profile_name": "funding_rate_analytics", "target_name": "dev", "node_id": "test.funding_rate_analytics.accepted_values_mart_venue_comparison_asset_class__crypto__equity.37675ad8cb"} */

    
    select
      count(*) as failures,
      count(*) != 0 as should_warn,
      count(*) != 0 as should_error
    from (
      
    
  
    
    

with all_values as (

    select
        asset_class as value_field,
        count(*) as n_records

    from "funding_rates"."staging_marts"."mart_venue_comparison"
    group by asset_class

)

select *
from all_values
where value_field not in (
    'crypto','equity'
)



  
  
      
    ) dbt_internal_test
[0m14:42:06.083022 [debug] [Thread-3 (]: Opening a new connection, currently in state init
[0m14:42:06.082727 [debug] [Thread-4 (]: Using postgres connection "test.funding_rate_analytics.accepted_values_stg_funding_events_asset_class__crypto__equity.8c0e938519"
[0m14:42:06.083195 [debug] [Thread-4 (]: On test.funding_rate_analytics.accepted_values_stg_funding_events_asset_class__crypto__equity.8c0e938519: /* {"app": "dbt", "dbt_version": "1.12.0b2", "profile_name": "funding_rate_analytics", "target_name": "dev", "node_id": "test.funding_rate_analytics.accepted_values_stg_funding_events_asset_class__crypto__equity.8c0e938519"} */

    
    select
      count(*) as failures,
      count(*) != 0 as should_warn,
      count(*) != 0 as should_error
    from (
      
    
  
    
    

with all_values as (

    select
        asset_class as value_field,
        count(*) as n_records

    from "funding_rates"."staging_staging"."stg_funding_events"
    group by asset_class

)

select *
from all_values
where value_field not in (
    'crypto','equity'
)



  
  
      
    ) dbt_internal_test
[0m14:42:06.083332 [debug] [Thread-4 (]: Opening a new connection, currently in state init
[0m14:42:06.095818 [debug] [Thread-1 (]: SQL status: SELECT 1 in 0.014 seconds
[0m14:42:06.096007 [debug] [Thread-3 (]: SQL status: SELECT 1 in 0.013 seconds
[0m14:42:06.098180 [debug] [Thread-3 (]: On test.funding_rate_analytics.accepted_values_mart_venue_comparison_asset_class__crypto__equity.37675ad8cb: ROLLBACK
[0m14:42:06.097719 [debug] [Thread-1 (]: On test.funding_rate_analytics.accepted_values_mart_daily_funding_asset_class__crypto__equity.aa8969997c: ROLLBACK
[0m14:42:06.098380 [debug] [Thread-4 (]: SQL status: SELECT 1 in 0.015 seconds
[0m14:42:06.098813 [debug] [Thread-4 (]: On test.funding_rate_analytics.accepted_values_stg_funding_events_asset_class__crypto__equity.8c0e938519: ROLLBACK
[0m14:42:06.099103 [debug] [Thread-3 (]: On test.funding_rate_analytics.accepted_values_mart_venue_comparison_asset_class__crypto__equity.37675ad8cb: Close
[0m14:42:06.098954 [debug] [Thread-1 (]: On test.funding_rate_analytics.accepted_values_mart_daily_funding_asset_class__crypto__equity.aa8969997c: Close
[0m14:42:06.099498 [debug] [Thread-4 (]: On test.funding_rate_analytics.accepted_values_stg_funding_events_asset_class__crypto__equity.8c0e938519: Close
[0m14:42:06.099757 [info ] [Thread-1 (]: 1 of 24 PASS accepted_values_mart_daily_funding_asset_class__crypto__equity .... [[32mPASS[0m in 0.04s]
[0m14:42:06.100179 [debug] [Thread-1 (]: Finished running node test.funding_rate_analytics.accepted_values_mart_daily_funding_asset_class__crypto__equity.aa8969997c
[0m14:42:06.100333 [debug] [Thread-1 (]: Began running node test.funding_rate_analytics.dbt_utils_accepted_range_stg_funding_events_funding_rate_annualized_pct__True__1000___3000.88ff2d9413
[0m14:42:06.100510 [info ] [Thread-1 (]: 5 of 24 START test dbt_utils_accepted_range_stg_funding_events_funding_rate_annualized_pct__True__1000___3000  [RUN]
[0m14:42:06.100686 [debug] [Thread-1 (]: Re-using an available connection from the pool (formerly test.funding_rate_analytics.accepted_values_mart_daily_funding_asset_class__crypto__equity.aa8969997c, now test.funding_rate_analytics.dbt_utils_accepted_range_stg_funding_events_funding_rate_annualized_pct__True__1000___3000.88ff2d9413)
[0m14:42:06.100834 [debug] [Thread-1 (]: Began compiling node test.funding_rate_analytics.dbt_utils_accepted_range_stg_funding_events_funding_rate_annualized_pct__True__1000___3000.88ff2d9413
[0m14:42:06.099378 [info ] [Thread-3 (]: 3 of 24 PASS accepted_values_mart_venue_comparison_asset_class__crypto__equity . [[32mPASS[0m in 0.04s]
[0m14:42:06.099973 [info ] [Thread-4 (]: 4 of 24 PASS accepted_values_stg_funding_events_asset_class__crypto__equity .... [[32mPASS[0m in 0.03s]
[0m14:42:06.104826 [debug] [Thread-4 (]: Finished running node test.funding_rate_analytics.accepted_values_stg_funding_events_asset_class__crypto__equity.8c0e938519
[0m14:42:06.104981 [debug] [Thread-4 (]: Began running node test.funding_rate_analytics.dbt_utils_unique_combination_of_columns_mart_daily_funding_venue__symbol__date.061286e973
[0m14:42:06.104390 [debug] [Thread-1 (]: Writing injected SQL for node "test.funding_rate_analytics.dbt_utils_accepted_range_stg_funding_events_funding_rate_annualized_pct__True__1000___3000.88ff2d9413"
[0m14:42:06.104640 [debug] [Thread-3 (]: Finished running node test.funding_rate_analytics.accepted_values_mart_venue_comparison_asset_class__crypto__equity.37675ad8cb
[0m14:42:06.105363 [debug] [Thread-3 (]: Began running node test.funding_rate_analytics.dbt_utils_unique_combination_of_columns_mart_hourly_funding_venue__symbol__hour_start.868c9b487e
[0m14:42:06.105531 [info ] [Thread-3 (]: 7 of 24 START test dbt_utils_unique_combination_of_columns_mart_hourly_funding_venue__symbol__hour_start  [RUN]
[0m14:42:06.105704 [debug] [Thread-3 (]: Re-using an available connection from the pool (formerly test.funding_rate_analytics.accepted_values_mart_venue_comparison_asset_class__crypto__equity.37675ad8cb, now test.funding_rate_analytics.dbt_utils_unique_combination_of_columns_mart_hourly_funding_venue__symbol__hour_start.868c9b487e)
[0m14:42:06.105848 [debug] [Thread-3 (]: Began compiling node test.funding_rate_analytics.dbt_utils_unique_combination_of_columns_mart_hourly_funding_venue__symbol__hour_start.868c9b487e
[0m14:42:06.109913 [debug] [Thread-3 (]: Writing injected SQL for node "test.funding_rate_analytics.dbt_utils_unique_combination_of_columns_mart_hourly_funding_venue__symbol__hour_start.868c9b487e"
[0m14:42:06.105151 [info ] [Thread-4 (]: 6 of 24 START test dbt_utils_unique_combination_of_columns_mart_daily_funding_venue__symbol__date  [RUN]
[0m14:42:06.110379 [debug] [Thread-4 (]: Re-using an available connection from the pool (formerly test.funding_rate_analytics.accepted_values_stg_funding_events_asset_class__crypto__equity.8c0e938519, now test.funding_rate_analytics.dbt_utils_unique_combination_of_columns_mart_daily_funding_venue__symbol__date.061286e973)
[0m14:42:06.110896 [debug] [Thread-4 (]: Began compiling node test.funding_rate_analytics.dbt_utils_unique_combination_of_columns_mart_daily_funding_venue__symbol__date.061286e973
[0m14:42:06.113280 [debug] [Thread-4 (]: Writing injected SQL for node "test.funding_rate_analytics.dbt_utils_unique_combination_of_columns_mart_daily_funding_venue__symbol__date.061286e973"
[0m14:42:06.110636 [debug] [Thread-1 (]: Began executing node test.funding_rate_analytics.dbt_utils_accepted_range_stg_funding_events_funding_rate_annualized_pct__True__1000___3000.88ff2d9413
[0m14:42:06.114219 [debug] [Thread-1 (]: Writing runtime sql for node "test.funding_rate_analytics.dbt_utils_accepted_range_stg_funding_events_funding_rate_annualized_pct__True__1000___3000.88ff2d9413"
[0m14:42:06.114447 [debug] [Thread-3 (]: Began executing node test.funding_rate_analytics.dbt_utils_unique_combination_of_columns_mart_hourly_funding_venue__symbol__hour_start.868c9b487e
[0m14:42:06.115444 [debug] [Thread-3 (]: Writing runtime sql for node "test.funding_rate_analytics.dbt_utils_unique_combination_of_columns_mart_hourly_funding_venue__symbol__hour_start.868c9b487e"
[0m14:42:06.115818 [debug] [Thread-1 (]: Using postgres connection "test.funding_rate_analytics.dbt_utils_accepted_range_stg_funding_events_funding_rate_annualized_pct__True__1000___3000.88ff2d9413"
[0m14:42:06.116104 [debug] [Thread-1 (]: On test.funding_rate_analytics.dbt_utils_accepted_range_stg_funding_events_funding_rate_annualized_pct__True__1000___3000.88ff2d9413: /* {"app": "dbt", "dbt_version": "1.12.0b2", "profile_name": "funding_rate_analytics", "target_name": "dev", "node_id": "test.funding_rate_analytics.dbt_utils_accepted_range_stg_funding_events_funding_rate_annualized_pct__True__1000___3000.88ff2d9413"} */

    
    select
      count(*) as failures,
      count(*) != 0 as should_warn,
      count(*) != 0 as should_error
    from (
      
    
  

with meet_condition as(
  select *
  from "funding_rates"."staging_staging"."stg_funding_events"
),

validation_errors as (
  select *
  from meet_condition
  where
    -- never true, defaults to an empty result set. Exists to ensure any combo of the `or` clauses below succeeds
    1 = 2
    -- records with a value >= min_value are permitted. The `not` flips this to find records that don't meet the rule.
    or not funding_rate_annualized_pct >= -3000
    -- records with a value <= max_value are permitted. The `not` flips this to find records that don't meet the rule.
    or not funding_rate_annualized_pct <= 1000
)

select *
from validation_errors


  
  
      
    ) dbt_internal_test
[0m14:42:06.116252 [debug] [Thread-1 (]: Opening a new connection, currently in state closed
[0m14:42:06.115959 [debug] [Thread-4 (]: Began executing node test.funding_rate_analytics.dbt_utils_unique_combination_of_columns_mart_daily_funding_venue__symbol__date.061286e973
[0m14:42:06.117124 [debug] [Thread-4 (]: Writing runtime sql for node "test.funding_rate_analytics.dbt_utils_unique_combination_of_columns_mart_daily_funding_venue__symbol__date.061286e973"
[0m14:42:06.117301 [debug] [Thread-3 (]: Using postgres connection "test.funding_rate_analytics.dbt_utils_unique_combination_of_columns_mart_hourly_funding_venue__symbol__hour_start.868c9b487e"
[0m14:42:06.117608 [debug] [Thread-3 (]: On test.funding_rate_analytics.dbt_utils_unique_combination_of_columns_mart_hourly_funding_venue__symbol__hour_start.868c9b487e: /* {"app": "dbt", "dbt_version": "1.12.0b2", "profile_name": "funding_rate_analytics", "target_name": "dev", "node_id": "test.funding_rate_analytics.dbt_utils_unique_combination_of_columns_mart_hourly_funding_venue__symbol__hour_start.868c9b487e"} */

    
    select
      count(*) as failures,
      count(*) != 0 as should_warn,
      count(*) != 0 as should_error
    from (
      
    
  





with validation_errors as (

    select
        venue, symbol, hour_start
    from "funding_rates"."staging_marts"."mart_hourly_funding"
    group by venue, symbol, hour_start
    having count(*) > 1

)

select *
from validation_errors



  
  
      
    ) dbt_internal_test
[0m14:42:06.117752 [debug] [Thread-3 (]: Opening a new connection, currently in state closed
[0m14:42:06.117458 [debug] [Thread-2 (]: SQL status: SELECT 1 in 0.035 seconds
[0m14:42:06.118371 [debug] [Thread-2 (]: On test.funding_rate_analytics.accepted_values_mart_hourly_funding_asset_class__crypto__equity.a873e5f13c: ROLLBACK
[0m14:42:06.118722 [debug] [Thread-4 (]: Using postgres connection "test.funding_rate_analytics.dbt_utils_unique_combination_of_columns_mart_daily_funding_venue__symbol__date.061286e973"
[0m14:42:06.119028 [debug] [Thread-4 (]: On test.funding_rate_analytics.dbt_utils_unique_combination_of_columns_mart_daily_funding_venue__symbol__date.061286e973: /* {"app": "dbt", "dbt_version": "1.12.0b2", "profile_name": "funding_rate_analytics", "target_name": "dev", "node_id": "test.funding_rate_analytics.dbt_utils_unique_combination_of_columns_mart_daily_funding_venue__symbol__date.061286e973"} */

    
    select
      count(*) as failures,
      count(*) != 0 as should_warn,
      count(*) != 0 as should_error
    from (
      
    
  





with validation_errors as (

    select
        venue, symbol, date
    from "funding_rates"."staging_marts"."mart_daily_funding"
    group by venue, symbol, date
    having count(*) > 1

)

select *
from validation_errors



  
  
      
    ) dbt_internal_test
[0m14:42:06.119173 [debug] [Thread-4 (]: Opening a new connection, currently in state closed
[0m14:42:06.118867 [debug] [Thread-2 (]: On test.funding_rate_analytics.accepted_values_mart_hourly_funding_asset_class__crypto__equity.a873e5f13c: Close
[0m14:42:06.119481 [info ] [Thread-2 (]: 2 of 24 PASS accepted_values_mart_hourly_funding_asset_class__crypto__equity ... [[32mPASS[0m in 0.05s]
[0m14:42:06.119687 [debug] [Thread-2 (]: Finished running node test.funding_rate_analytics.accepted_values_mart_hourly_funding_asset_class__crypto__equity.a873e5f13c
[0m14:42:06.119833 [debug] [Thread-2 (]: Began running node test.funding_rate_analytics.dbt_utils_unique_combination_of_columns_mart_venue_comparison_date__symbol.8d8bb853b9
[0m14:42:06.120090 [info ] [Thread-2 (]: 8 of 24 START test dbt_utils_unique_combination_of_columns_mart_venue_comparison_date__symbol  [RUN]
[0m14:42:06.120490 [debug] [Thread-2 (]: Re-using an available connection from the pool (formerly test.funding_rate_analytics.accepted_values_mart_hourly_funding_asset_class__crypto__equity.a873e5f13c, now test.funding_rate_analytics.dbt_utils_unique_combination_of_columns_mart_venue_comparison_date__symbol.8d8bb853b9)
[0m14:42:06.120628 [debug] [Thread-2 (]: Began compiling node test.funding_rate_analytics.dbt_utils_unique_combination_of_columns_mart_venue_comparison_date__symbol.8d8bb853b9
[0m14:42:06.122655 [debug] [Thread-2 (]: Writing injected SQL for node "test.funding_rate_analytics.dbt_utils_unique_combination_of_columns_mart_venue_comparison_date__symbol.8d8bb853b9"
[0m14:42:06.123622 [debug] [Thread-2 (]: Began executing node test.funding_rate_analytics.dbt_utils_unique_combination_of_columns_mart_venue_comparison_date__symbol.8d8bb853b9
[0m14:42:06.124742 [debug] [Thread-2 (]: Writing runtime sql for node "test.funding_rate_analytics.dbt_utils_unique_combination_of_columns_mart_venue_comparison_date__symbol.8d8bb853b9"
[0m14:42:06.125446 [debug] [Thread-2 (]: Using postgres connection "test.funding_rate_analytics.dbt_utils_unique_combination_of_columns_mart_venue_comparison_date__symbol.8d8bb853b9"
[0m14:42:06.125644 [debug] [Thread-2 (]: On test.funding_rate_analytics.dbt_utils_unique_combination_of_columns_mart_venue_comparison_date__symbol.8d8bb853b9: /* {"app": "dbt", "dbt_version": "1.12.0b2", "profile_name": "funding_rate_analytics", "target_name": "dev", "node_id": "test.funding_rate_analytics.dbt_utils_unique_combination_of_columns_mart_venue_comparison_date__symbol.8d8bb853b9"} */

    
    select
      count(*) as failures,
      count(*) != 0 as should_warn,
      count(*) != 0 as should_error
    from (
      
    
  





with validation_errors as (

    select
        date, symbol
    from "funding_rates"."staging_marts"."mart_venue_comparison"
    group by date, symbol
    having count(*) > 1

)

select *
from validation_errors



  
  
      
    ) dbt_internal_test
[0m14:42:06.125787 [debug] [Thread-2 (]: Opening a new connection, currently in state closed
[0m14:42:06.131653 [debug] [Thread-4 (]: SQL status: SELECT 1 in 0.012 seconds
[0m14:42:06.132479 [debug] [Thread-4 (]: On test.funding_rate_analytics.dbt_utils_unique_combination_of_columns_mart_daily_funding_venue__symbol__date.061286e973: ROLLBACK
[0m14:42:06.133007 [debug] [Thread-4 (]: On test.funding_rate_analytics.dbt_utils_unique_combination_of_columns_mart_daily_funding_venue__symbol__date.061286e973: Close
[0m14:42:06.133306 [info ] [Thread-4 (]: 6 of 24 PASS dbt_utils_unique_combination_of_columns_mart_daily_funding_venue__symbol__date  [[32mPASS[0m in 0.02s]
[0m14:42:06.133563 [debug] [Thread-4 (]: Finished running node test.funding_rate_analytics.dbt_utils_unique_combination_of_columns_mart_daily_funding_venue__symbol__date.061286e973
[0m14:42:06.133711 [debug] [Thread-4 (]: Began running node test.funding_rate_analytics.not_null_mart_daily_funding_asset_class.0ed59c2af1
[0m14:42:06.134014 [info ] [Thread-4 (]: 9 of 24 START test not_null_mart_daily_funding_asset_class ..................... [RUN]
[0m14:42:06.134334 [debug] [Thread-4 (]: Re-using an available connection from the pool (formerly test.funding_rate_analytics.dbt_utils_unique_combination_of_columns_mart_daily_funding_venue__symbol__date.061286e973, now test.funding_rate_analytics.not_null_mart_daily_funding_asset_class.0ed59c2af1)
[0m14:42:06.134486 [debug] [Thread-4 (]: Began compiling node test.funding_rate_analytics.not_null_mart_daily_funding_asset_class.0ed59c2af1
[0m14:42:06.137623 [debug] [Thread-4 (]: Writing injected SQL for node "test.funding_rate_analytics.not_null_mart_daily_funding_asset_class.0ed59c2af1"
[0m14:42:06.137815 [debug] [Thread-2 (]: SQL status: SELECT 1 in 0.012 seconds
[0m14:42:06.138542 [debug] [Thread-2 (]: On test.funding_rate_analytics.dbt_utils_unique_combination_of_columns_mart_venue_comparison_date__symbol.8d8bb853b9: ROLLBACK
[0m14:42:06.138829 [debug] [Thread-4 (]: Began executing node test.funding_rate_analytics.not_null_mart_daily_funding_asset_class.0ed59c2af1
[0m14:42:06.139769 [debug] [Thread-4 (]: Writing runtime sql for node "test.funding_rate_analytics.not_null_mart_daily_funding_asset_class.0ed59c2af1"
[0m14:42:06.140009 [debug] [Thread-2 (]: On test.funding_rate_analytics.dbt_utils_unique_combination_of_columns_mart_venue_comparison_date__symbol.8d8bb853b9: Close
[0m14:42:06.140396 [info ] [Thread-2 (]: 8 of 24 PASS dbt_utils_unique_combination_of_columns_mart_venue_comparison_date__symbol  [[32mPASS[0m in 0.02s]
[0m14:42:06.140608 [debug] [Thread-2 (]: Finished running node test.funding_rate_analytics.dbt_utils_unique_combination_of_columns_mart_venue_comparison_date__symbol.8d8bb853b9
[0m14:42:06.140753 [debug] [Thread-2 (]: Began running node test.funding_rate_analytics.not_null_mart_daily_funding_date.318940ad57
[0m14:42:06.140883 [info ] [Thread-2 (]: 10 of 24 START test not_null_mart_daily_funding_date ........................... [RUN]
[0m14:42:06.141031 [debug] [Thread-2 (]: Re-using an available connection from the pool (formerly test.funding_rate_analytics.dbt_utils_unique_combination_of_columns_mart_venue_comparison_date__symbol.8d8bb853b9, now test.funding_rate_analytics.not_null_mart_daily_funding_date.318940ad57)
[0m14:42:06.141232 [debug] [Thread-2 (]: Began compiling node test.funding_rate_analytics.not_null_mart_daily_funding_date.318940ad57
[0m14:42:06.143019 [debug] [Thread-2 (]: Writing injected SQL for node "test.funding_rate_analytics.not_null_mart_daily_funding_date.318940ad57"
[0m14:42:06.143297 [debug] [Thread-4 (]: Using postgres connection "test.funding_rate_analytics.not_null_mart_daily_funding_asset_class.0ed59c2af1"
[0m14:42:06.143504 [debug] [Thread-4 (]: On test.funding_rate_analytics.not_null_mart_daily_funding_asset_class.0ed59c2af1: /* {"app": "dbt", "dbt_version": "1.12.0b2", "profile_name": "funding_rate_analytics", "target_name": "dev", "node_id": "test.funding_rate_analytics.not_null_mart_daily_funding_asset_class.0ed59c2af1"} */

    
    select
      count(*) as failures,
      count(*) != 0 as should_warn,
      count(*) != 0 as should_error
    from (
      
    
  
    
    



select asset_class
from "funding_rates"."staging_marts"."mart_daily_funding"
where asset_class is null



  
  
      
    ) dbt_internal_test
[0m14:42:06.143643 [debug] [Thread-4 (]: Opening a new connection, currently in state closed
[0m14:42:06.143913 [debug] [Thread-2 (]: Began executing node test.funding_rate_analytics.not_null_mart_daily_funding_date.318940ad57
[0m14:42:06.144886 [debug] [Thread-2 (]: Writing runtime sql for node "test.funding_rate_analytics.not_null_mart_daily_funding_date.318940ad57"
[0m14:42:06.145343 [debug] [Thread-2 (]: Using postgres connection "test.funding_rate_analytics.not_null_mart_daily_funding_date.318940ad57"
[0m14:42:06.145496 [debug] [Thread-2 (]: On test.funding_rate_analytics.not_null_mart_daily_funding_date.318940ad57: /* {"app": "dbt", "dbt_version": "1.12.0b2", "profile_name": "funding_rate_analytics", "target_name": "dev", "node_id": "test.funding_rate_analytics.not_null_mart_daily_funding_date.318940ad57"} */

    
    select
      count(*) as failures,
      count(*) != 0 as should_warn,
      count(*) != 0 as should_error
    from (
      
    
  
    
    



select date
from "funding_rates"."staging_marts"."mart_daily_funding"
where date is null



  
  
      
    ) dbt_internal_test
[0m14:42:06.145624 [debug] [Thread-2 (]: Opening a new connection, currently in state closed
[0m14:42:06.150888 [debug] [Thread-4 (]: SQL status: SELECT 1 in 0.007 seconds
[0m14:42:06.151628 [debug] [Thread-4 (]: On test.funding_rate_analytics.not_null_mart_daily_funding_asset_class.0ed59c2af1: ROLLBACK
[0m14:42:06.152067 [debug] [Thread-4 (]: On test.funding_rate_analytics.not_null_mart_daily_funding_asset_class.0ed59c2af1: Close
[0m14:42:06.152322 [info ] [Thread-4 (]: 9 of 24 PASS not_null_mart_daily_funding_asset_class ........................... [[32mPASS[0m in 0.02s]
[0m14:42:06.152677 [debug] [Thread-4 (]: Finished running node test.funding_rate_analytics.not_null_mart_daily_funding_asset_class.0ed59c2af1
[0m14:42:06.152830 [debug] [Thread-4 (]: Began running node test.funding_rate_analytics.not_null_mart_daily_funding_symbol.821abc9f29
[0m14:42:06.153003 [info ] [Thread-4 (]: 11 of 24 START test not_null_mart_daily_funding_symbol ......................... [RUN]
[0m14:42:06.153160 [debug] [Thread-4 (]: Re-using an available connection from the pool (formerly test.funding_rate_analytics.not_null_mart_daily_funding_asset_class.0ed59c2af1, now test.funding_rate_analytics.not_null_mart_daily_funding_symbol.821abc9f29)
[0m14:42:06.153294 [debug] [Thread-4 (]: Began compiling node test.funding_rate_analytics.not_null_mart_daily_funding_symbol.821abc9f29
[0m14:42:06.155255 [debug] [Thread-4 (]: Writing injected SQL for node "test.funding_rate_analytics.not_null_mart_daily_funding_symbol.821abc9f29"
[0m14:42:06.152491 [debug] [Thread-2 (]: SQL status: SELECT 1 in 0.007 seconds
[0m14:42:06.155821 [debug] [Thread-2 (]: On test.funding_rate_analytics.not_null_mart_daily_funding_date.318940ad57: ROLLBACK
[0m14:42:06.156396 [debug] [Thread-4 (]: Began executing node test.funding_rate_analytics.not_null_mart_daily_funding_symbol.821abc9f29
[0m14:42:06.157424 [debug] [Thread-4 (]: Writing runtime sql for node "test.funding_rate_analytics.not_null_mart_daily_funding_symbol.821abc9f29"
[0m14:42:06.156537 [debug] [Thread-2 (]: On test.funding_rate_analytics.not_null_mart_daily_funding_date.318940ad57: Close
[0m14:42:06.157686 [info ] [Thread-2 (]: 10 of 24 PASS not_null_mart_daily_funding_date ................................. [[32mPASS[0m in 0.02s]
[0m14:42:06.157889 [debug] [Thread-2 (]: Finished running node test.funding_rate_analytics.not_null_mart_daily_funding_date.318940ad57
[0m14:42:06.158036 [debug] [Thread-2 (]: Began running node test.funding_rate_analytics.not_null_mart_daily_funding_venue.f8f49ef725
[0m14:42:06.158226 [info ] [Thread-2 (]: 12 of 24 START test not_null_mart_daily_funding_venue .......................... [RUN]
[0m14:42:06.158569 [debug] [Thread-2 (]: Re-using an available connection from the pool (formerly test.funding_rate_analytics.not_null_mart_daily_funding_date.318940ad57, now test.funding_rate_analytics.not_null_mart_daily_funding_venue.f8f49ef725)
[0m14:42:06.158702 [debug] [Thread-2 (]: Began compiling node test.funding_rate_analytics.not_null_mart_daily_funding_venue.f8f49ef725
[0m14:42:06.160421 [debug] [Thread-2 (]: Writing injected SQL for node "test.funding_rate_analytics.not_null_mart_daily_funding_venue.f8f49ef725"
[0m14:42:06.158395 [debug] [Thread-4 (]: Using postgres connection "test.funding_rate_analytics.not_null_mart_daily_funding_symbol.821abc9f29"
[0m14:42:06.160630 [debug] [Thread-4 (]: On test.funding_rate_analytics.not_null_mart_daily_funding_symbol.821abc9f29: /* {"app": "dbt", "dbt_version": "1.12.0b2", "profile_name": "funding_rate_analytics", "target_name": "dev", "node_id": "test.funding_rate_analytics.not_null_mart_daily_funding_symbol.821abc9f29"} */

    
    select
      count(*) as failures,
      count(*) != 0 as should_warn,
      count(*) != 0 as should_error
    from (
      
    
  
    
    



select symbol
from "funding_rates"."staging_marts"."mart_daily_funding"
where symbol is null



  
  
      
    ) dbt_internal_test
[0m14:42:06.160907 [debug] [Thread-4 (]: Opening a new connection, currently in state closed
[0m14:42:06.161305 [debug] [Thread-2 (]: Began executing node test.funding_rate_analytics.not_null_mart_daily_funding_venue.f8f49ef725
[0m14:42:06.162187 [debug] [Thread-2 (]: Writing runtime sql for node "test.funding_rate_analytics.not_null_mart_daily_funding_venue.f8f49ef725"
[0m14:42:06.162587 [debug] [Thread-2 (]: Using postgres connection "test.funding_rate_analytics.not_null_mart_daily_funding_venue.f8f49ef725"
[0m14:42:06.162723 [debug] [Thread-2 (]: On test.funding_rate_analytics.not_null_mart_daily_funding_venue.f8f49ef725: /* {"app": "dbt", "dbt_version": "1.12.0b2", "profile_name": "funding_rate_analytics", "target_name": "dev", "node_id": "test.funding_rate_analytics.not_null_mart_daily_funding_venue.f8f49ef725"} */

    
    select
      count(*) as failures,
      count(*) != 0 as should_warn,
      count(*) != 0 as should_error
    from (
      
    
  
    
    



select venue
from "funding_rates"."staging_marts"."mart_daily_funding"
where venue is null



  
  
      
    ) dbt_internal_test
[0m14:42:06.162850 [debug] [Thread-2 (]: Opening a new connection, currently in state closed
[0m14:42:06.169075 [debug] [Thread-4 (]: SQL status: SELECT 1 in 0.008 seconds
[0m14:42:06.170027 [debug] [Thread-4 (]: On test.funding_rate_analytics.not_null_mart_daily_funding_symbol.821abc9f29: ROLLBACK
[0m14:42:06.170206 [debug] [Thread-2 (]: SQL status: SELECT 1 in 0.007 seconds
[0m14:42:06.170682 [debug] [Thread-2 (]: On test.funding_rate_analytics.not_null_mart_daily_funding_venue.f8f49ef725: ROLLBACK
[0m14:42:06.170826 [debug] [Thread-4 (]: On test.funding_rate_analytics.not_null_mart_daily_funding_symbol.821abc9f29: Close
[0m14:42:06.171138 [info ] [Thread-4 (]: 11 of 24 PASS not_null_mart_daily_funding_symbol ............................... [[32mPASS[0m in 0.02s]
[0m14:42:06.171510 [debug] [Thread-4 (]: Finished running node test.funding_rate_analytics.not_null_mart_daily_funding_symbol.821abc9f29
[0m14:42:06.171672 [debug] [Thread-4 (]: Began running node test.funding_rate_analytics.not_null_mart_hourly_funding_asset_class.f869108288
[0m14:42:06.171858 [info ] [Thread-4 (]: 13 of 24 START test not_null_mart_hourly_funding_asset_class ................... [RUN]
[0m14:42:06.172017 [debug] [Thread-4 (]: Re-using an available connection from the pool (formerly test.funding_rate_analytics.not_null_mart_daily_funding_symbol.821abc9f29, now test.funding_rate_analytics.not_null_mart_hourly_funding_asset_class.f869108288)
[0m14:42:06.172148 [debug] [Thread-4 (]: Began compiling node test.funding_rate_analytics.not_null_mart_hourly_funding_asset_class.f869108288
[0m14:42:06.175936 [debug] [Thread-4 (]: Writing injected SQL for node "test.funding_rate_analytics.not_null_mart_hourly_funding_asset_class.f869108288"
[0m14:42:06.171318 [debug] [Thread-2 (]: On test.funding_rate_analytics.not_null_mart_daily_funding_venue.f8f49ef725: Close
[0m14:42:06.176410 [info ] [Thread-2 (]: 12 of 24 PASS not_null_mart_daily_funding_venue ................................ [[32mPASS[0m in 0.02s]
[0m14:42:06.177009 [debug] [Thread-2 (]: Finished running node test.funding_rate_analytics.not_null_mart_daily_funding_venue.f8f49ef725
[0m14:42:06.177516 [debug] [Thread-2 (]: Began running node test.funding_rate_analytics.not_null_mart_hourly_funding_hour_start.7ce62d12b4
[0m14:42:06.177345 [debug] [Thread-4 (]: Began executing node test.funding_rate_analytics.not_null_mart_hourly_funding_asset_class.f869108288
[0m14:42:06.179953 [debug] [Thread-4 (]: Writing runtime sql for node "test.funding_rate_analytics.not_null_mart_hourly_funding_asset_class.f869108288"
[0m14:42:06.177795 [info ] [Thread-2 (]: 14 of 24 START test not_null_mart_hourly_funding_hour_start .................... [RUN]
[0m14:42:06.180202 [debug] [Thread-2 (]: Re-using an available connection from the pool (formerly test.funding_rate_analytics.not_null_mart_daily_funding_venue.f8f49ef725, now test.funding_rate_analytics.not_null_mart_hourly_funding_hour_start.7ce62d12b4)
[0m14:42:06.180382 [debug] [Thread-2 (]: Began compiling node test.funding_rate_analytics.not_null_mart_hourly_funding_hour_start.7ce62d12b4
[0m14:42:06.181976 [debug] [Thread-2 (]: Writing injected SQL for node "test.funding_rate_analytics.not_null_mart_hourly_funding_hour_start.7ce62d12b4"
[0m14:42:06.182288 [debug] [Thread-4 (]: Using postgres connection "test.funding_rate_analytics.not_null_mart_hourly_funding_asset_class.f869108288"
[0m14:42:06.182439 [debug] [Thread-4 (]: On test.funding_rate_analytics.not_null_mart_hourly_funding_asset_class.f869108288: /* {"app": "dbt", "dbt_version": "1.12.0b2", "profile_name": "funding_rate_analytics", "target_name": "dev", "node_id": "test.funding_rate_analytics.not_null_mart_hourly_funding_asset_class.f869108288"} */

    
    select
      count(*) as failures,
      count(*) != 0 as should_warn,
      count(*) != 0 as should_error
    from (
      
    
  
    
    



select asset_class
from "funding_rates"."staging_marts"."mart_hourly_funding"
where asset_class is null



  
  
      
    ) dbt_internal_test
[0m14:42:06.182613 [debug] [Thread-4 (]: Opening a new connection, currently in state closed
[0m14:42:06.182839 [debug] [Thread-2 (]: Began executing node test.funding_rate_analytics.not_null_mart_hourly_funding_hour_start.7ce62d12b4
[0m14:42:06.183909 [debug] [Thread-2 (]: Writing runtime sql for node "test.funding_rate_analytics.not_null_mart_hourly_funding_hour_start.7ce62d12b4"
[0m14:42:06.184274 [debug] [Thread-2 (]: Using postgres connection "test.funding_rate_analytics.not_null_mart_hourly_funding_hour_start.7ce62d12b4"
[0m14:42:06.184407 [debug] [Thread-2 (]: On test.funding_rate_analytics.not_null_mart_hourly_funding_hour_start.7ce62d12b4: /* {"app": "dbt", "dbt_version": "1.12.0b2", "profile_name": "funding_rate_analytics", "target_name": "dev", "node_id": "test.funding_rate_analytics.not_null_mart_hourly_funding_hour_start.7ce62d12b4"} */

    
    select
      count(*) as failures,
      count(*) != 0 as should_warn,
      count(*) != 0 as should_error
    from (
      
    
  
    
    



select hour_start
from "funding_rates"."staging_marts"."mart_hourly_funding"
where hour_start is null



  
  
      
    ) dbt_internal_test
[0m14:42:06.184530 [debug] [Thread-2 (]: Opening a new connection, currently in state closed
[0m14:42:06.197082 [debug] [Thread-4 (]: SQL status: SELECT 1 in 0.014 seconds
[0m14:42:06.198153 [debug] [Thread-4 (]: On test.funding_rate_analytics.not_null_mart_hourly_funding_asset_class.f869108288: ROLLBACK
[0m14:42:06.197510 [debug] [Thread-1 (]: SQL status: SELECT 1 in 0.081 seconds
[0m14:42:06.198841 [debug] [Thread-1 (]: On test.funding_rate_analytics.dbt_utils_accepted_range_stg_funding_events_funding_rate_annualized_pct__True__1000___3000.88ff2d9413: ROLLBACK
[0m14:42:06.198322 [debug] [Thread-2 (]: SQL status: SELECT 1 in 0.014 seconds
[0m14:42:06.199420 [debug] [Thread-2 (]: On test.funding_rate_analytics.not_null_mart_hourly_funding_hour_start.7ce62d12b4: ROLLBACK
[0m14:42:06.198997 [debug] [Thread-4 (]: On test.funding_rate_analytics.not_null_mart_hourly_funding_asset_class.f869108288: Close
[0m14:42:06.199562 [debug] [Thread-1 (]: On test.funding_rate_analytics.dbt_utils_accepted_range_stg_funding_events_funding_rate_annualized_pct__True__1000___3000.88ff2d9413: Close
[0m14:42:06.199851 [info ] [Thread-4 (]: 13 of 24 PASS not_null_mart_hourly_funding_asset_class ......................... [[32mPASS[0m in 0.03s]
[0m14:42:06.200418 [debug] [Thread-4 (]: Finished running node test.funding_rate_analytics.not_null_mart_hourly_funding_asset_class.f869108288
[0m14:42:06.200572 [debug] [Thread-4 (]: Began running node test.funding_rate_analytics.not_null_mart_hourly_funding_symbol.f2d6c0f007
[0m14:42:06.200710 [info ] [Thread-4 (]: 15 of 24 START test not_null_mart_hourly_funding_symbol ........................ [RUN]
[0m14:42:06.200877 [debug] [Thread-4 (]: Re-using an available connection from the pool (formerly test.funding_rate_analytics.not_null_mart_hourly_funding_asset_class.f869108288, now test.funding_rate_analytics.not_null_mart_hourly_funding_symbol.f2d6c0f007)
[0m14:42:06.201043 [debug] [Thread-4 (]: Began compiling node test.funding_rate_analytics.not_null_mart_hourly_funding_symbol.f2d6c0f007
[0m14:42:06.202822 [debug] [Thread-4 (]: Writing injected SQL for node "test.funding_rate_analytics.not_null_mart_hourly_funding_symbol.f2d6c0f007"
[0m14:42:06.200237 [debug] [Thread-2 (]: On test.funding_rate_analytics.not_null_mart_hourly_funding_hour_start.7ce62d12b4: Close
[0m14:42:06.200100 [info ] [Thread-1 (]: 5 of 24 PASS dbt_utils_accepted_range_stg_funding_events_funding_rate_annualized_pct__True__1000___3000  [[32mPASS[0m in 0.10s]
[0m14:42:06.203168 [debug] [Thread-1 (]: Finished running node test.funding_rate_analytics.dbt_utils_accepted_range_stg_funding_events_funding_rate_annualized_pct__True__1000___3000.88ff2d9413
[0m14:42:06.203342 [debug] [Thread-1 (]: Began running node test.funding_rate_analytics.not_null_mart_hourly_funding_venue.92300b66b4
[0m14:42:06.204107 [info ] [Thread-1 (]: 16 of 24 START test not_null_mart_hourly_funding_venue ......................... [RUN]
[0m14:42:06.204506 [debug] [Thread-1 (]: Re-using an available connection from the pool (formerly test.funding_rate_analytics.dbt_utils_accepted_range_stg_funding_events_funding_rate_annualized_pct__True__1000___3000.88ff2d9413, now test.funding_rate_analytics.not_null_mart_hourly_funding_venue.92300b66b4)
[0m14:42:06.204669 [debug] [Thread-1 (]: Began compiling node test.funding_rate_analytics.not_null_mart_hourly_funding_venue.92300b66b4
[0m14:42:06.206669 [debug] [Thread-1 (]: Writing injected SQL for node "test.funding_rate_analytics.not_null_mart_hourly_funding_venue.92300b66b4"
[0m14:42:06.206864 [debug] [Thread-4 (]: Began executing node test.funding_rate_analytics.not_null_mart_hourly_funding_symbol.f2d6c0f007
[0m14:42:06.203725 [info ] [Thread-2 (]: 14 of 24 PASS not_null_mart_hourly_funding_hour_start .......................... [[32mPASS[0m in 0.02s]
[0m14:42:06.208018 [debug] [Thread-2 (]: Finished running node test.funding_rate_analytics.not_null_mart_hourly_funding_hour_start.7ce62d12b4
[0m14:42:06.208165 [debug] [Thread-2 (]: Began running node test.funding_rate_analytics.not_null_mart_venue_comparison_asset_class.39c227269c
[0m14:42:06.208298 [info ] [Thread-2 (]: 17 of 24 START test not_null_mart_venue_comparison_asset_class ................. [RUN]
[0m14:42:06.208506 [debug] [Thread-2 (]: Re-using an available connection from the pool (formerly test.funding_rate_analytics.not_null_mart_hourly_funding_hour_start.7ce62d12b4, now test.funding_rate_analytics.not_null_mart_venue_comparison_asset_class.39c227269c)
[0m14:42:06.208644 [debug] [Thread-2 (]: Began compiling node test.funding_rate_analytics.not_null_mart_venue_comparison_asset_class.39c227269c
[0m14:42:06.210468 [debug] [Thread-2 (]: Writing injected SQL for node "test.funding_rate_analytics.not_null_mart_venue_comparison_asset_class.39c227269c"
[0m14:42:06.207814 [debug] [Thread-4 (]: Writing runtime sql for node "test.funding_rate_analytics.not_null_mart_hourly_funding_symbol.f2d6c0f007"
[0m14:42:06.208786 [debug] [Thread-1 (]: Began executing node test.funding_rate_analytics.not_null_mart_hourly_funding_venue.92300b66b4
[0m14:42:06.211360 [debug] [Thread-1 (]: Writing runtime sql for node "test.funding_rate_analytics.not_null_mart_hourly_funding_venue.92300b66b4"
[0m14:42:06.211588 [debug] [Thread-2 (]: Began executing node test.funding_rate_analytics.not_null_mart_venue_comparison_asset_class.39c227269c
[0m14:42:06.212487 [debug] [Thread-2 (]: Writing runtime sql for node "test.funding_rate_analytics.not_null_mart_venue_comparison_asset_class.39c227269c"
[0m14:42:06.212653 [debug] [Thread-4 (]: Using postgres connection "test.funding_rate_analytics.not_null_mart_hourly_funding_symbol.f2d6c0f007"
[0m14:42:06.212839 [debug] [Thread-4 (]: On test.funding_rate_analytics.not_null_mart_hourly_funding_symbol.f2d6c0f007: /* {"app": "dbt", "dbt_version": "1.12.0b2", "profile_name": "funding_rate_analytics", "target_name": "dev", "node_id": "test.funding_rate_analytics.not_null_mart_hourly_funding_symbol.f2d6c0f007"} */

    
    select
      count(*) as failures,
      count(*) != 0 as should_warn,
      count(*) != 0 as should_error
    from (
      
    
  
    
    



select symbol
from "funding_rates"."staging_marts"."mart_hourly_funding"
where symbol is null



  
  
      
    ) dbt_internal_test
[0m14:42:06.212974 [debug] [Thread-4 (]: Opening a new connection, currently in state closed
[0m14:42:06.213190 [debug] [Thread-1 (]: Using postgres connection "test.funding_rate_analytics.not_null_mart_hourly_funding_venue.92300b66b4"
[0m14:42:06.213326 [debug] [Thread-1 (]: On test.funding_rate_analytics.not_null_mart_hourly_funding_venue.92300b66b4: /* {"app": "dbt", "dbt_version": "1.12.0b2", "profile_name": "funding_rate_analytics", "target_name": "dev", "node_id": "test.funding_rate_analytics.not_null_mart_hourly_funding_venue.92300b66b4"} */

    
    select
      count(*) as failures,
      count(*) != 0 as should_warn,
      count(*) != 0 as should_error
    from (
      
    
  
    
    



select venue
from "funding_rates"."staging_marts"."mart_hourly_funding"
where venue is null



  
  
      
    ) dbt_internal_test
[0m14:42:06.213491 [debug] [Thread-1 (]: Opening a new connection, currently in state closed
[0m14:42:06.213670 [debug] [Thread-2 (]: Using postgres connection "test.funding_rate_analytics.not_null_mart_venue_comparison_asset_class.39c227269c"
[0m14:42:06.213807 [debug] [Thread-2 (]: On test.funding_rate_analytics.not_null_mart_venue_comparison_asset_class.39c227269c: /* {"app": "dbt", "dbt_version": "1.12.0b2", "profile_name": "funding_rate_analytics", "target_name": "dev", "node_id": "test.funding_rate_analytics.not_null_mart_venue_comparison_asset_class.39c227269c"} */

    
    select
      count(*) as failures,
      count(*) != 0 as should_warn,
      count(*) != 0 as should_error
    from (
      
    
  
    
    



select asset_class
from "funding_rates"."staging_marts"."mart_venue_comparison"
where asset_class is null



  
  
      
    ) dbt_internal_test
[0m14:42:06.213930 [debug] [Thread-2 (]: Opening a new connection, currently in state closed
[0m14:42:06.220648 [debug] [Thread-2 (]: SQL status: SELECT 1 in 0.007 seconds
[0m14:42:06.221365 [debug] [Thread-2 (]: On test.funding_rate_analytics.not_null_mart_venue_comparison_asset_class.39c227269c: ROLLBACK
[0m14:42:06.222076 [debug] [Thread-2 (]: On test.funding_rate_analytics.not_null_mart_venue_comparison_asset_class.39c227269c: Close
[0m14:42:06.224082 [info ] [Thread-2 (]: 17 of 24 PASS not_null_mart_venue_comparison_asset_class ....................... [[32mPASS[0m in 0.01s]
[0m14:42:06.224981 [debug] [Thread-2 (]: Finished running node test.funding_rate_analytics.not_null_mart_venue_comparison_asset_class.39c227269c
[0m14:42:06.225244 [debug] [Thread-2 (]: Began running node test.funding_rate_analytics.not_null_mart_venue_comparison_date.397ed2a6de
[0m14:42:06.225572 [info ] [Thread-2 (]: 18 of 24 START test not_null_mart_venue_comparison_date ........................ [RUN]
[0m14:42:06.225763 [debug] [Thread-2 (]: Re-using an available connection from the pool (formerly test.funding_rate_analytics.not_null_mart_venue_comparison_asset_class.39c227269c, now test.funding_rate_analytics.not_null_mart_venue_comparison_date.397ed2a6de)
[0m14:42:06.225907 [debug] [Thread-2 (]: Began compiling node test.funding_rate_analytics.not_null_mart_venue_comparison_date.397ed2a6de
[0m14:42:06.227777 [debug] [Thread-2 (]: Writing injected SQL for node "test.funding_rate_analytics.not_null_mart_venue_comparison_date.397ed2a6de"
[0m14:42:06.225403 [debug] [Thread-1 (]: SQL status: SELECT 1 in 0.012 seconds
[0m14:42:06.229202 [debug] [Thread-1 (]: On test.funding_rate_analytics.not_null_mart_hourly_funding_venue.92300b66b4: ROLLBACK
[0m14:42:06.229719 [debug] [Thread-2 (]: Began executing node test.funding_rate_analytics.not_null_mart_venue_comparison_date.397ed2a6de
[0m14:42:06.230843 [debug] [Thread-2 (]: Writing runtime sql for node "test.funding_rate_analytics.not_null_mart_venue_comparison_date.397ed2a6de"
[0m14:42:06.229914 [debug] [Thread-3 (]: SQL status: SELECT 1 in 0.112 seconds
[0m14:42:06.231704 [debug] [Thread-3 (]: On test.funding_rate_analytics.dbt_utils_unique_combination_of_columns_mart_hourly_funding_venue__symbol__hour_start.868c9b487e: ROLLBACK
[0m14:42:06.230998 [debug] [Thread-4 (]: SQL status: SELECT 1 in 0.018 seconds
[0m14:42:06.232224 [debug] [Thread-4 (]: On test.funding_rate_analytics.not_null_mart_hourly_funding_symbol.f2d6c0f007: ROLLBACK
[0m14:42:06.231177 [debug] [Thread-1 (]: On test.funding_rate_analytics.not_null_mart_hourly_funding_venue.92300b66b4: Close
[0m14:42:06.232382 [debug] [Thread-3 (]: On test.funding_rate_analytics.dbt_utils_unique_combination_of_columns_mart_hourly_funding_venue__symbol__hour_start.868c9b487e: Close
[0m14:42:06.232925 [debug] [Thread-2 (]: Using postgres connection "test.funding_rate_analytics.not_null_mart_venue_comparison_date.397ed2a6de"
[0m14:42:06.233085 [debug] [Thread-2 (]: On test.funding_rate_analytics.not_null_mart_venue_comparison_date.397ed2a6de: /* {"app": "dbt", "dbt_version": "1.12.0b2", "profile_name": "funding_rate_analytics", "target_name": "dev", "node_id": "test.funding_rate_analytics.not_null_mart_venue_comparison_date.397ed2a6de"} */

    
    select
      count(*) as failures,
      count(*) != 0 as should_warn,
      count(*) != 0 as should_error
    from (
      
    
  
    
    



select date
from "funding_rates"."staging_marts"."mart_venue_comparison"
where date is null



  
  
      
    ) dbt_internal_test
[0m14:42:06.233217 [debug] [Thread-2 (]: Opening a new connection, currently in state closed
[0m14:42:06.232786 [info ] [Thread-1 (]: 16 of 24 PASS not_null_mart_hourly_funding_venue ............................... [[32mPASS[0m in 0.03s]
[0m14:42:06.233837 [debug] [Thread-1 (]: Finished running node test.funding_rate_analytics.not_null_mart_hourly_funding_venue.92300b66b4
[0m14:42:06.232552 [debug] [Thread-4 (]: On test.funding_rate_analytics.not_null_mart_hourly_funding_symbol.f2d6c0f007: Close
[0m14:42:06.234086 [debug] [Thread-1 (]: Began running node test.funding_rate_analytics.not_null_mart_venue_comparison_symbol.11b35d98d7
[0m14:42:06.234445 [info ] [Thread-1 (]: 19 of 24 START test not_null_mart_venue_comparison_symbol ...................... [RUN]
[0m14:42:06.233427 [info ] [Thread-3 (]: 7 of 24 PASS dbt_utils_unique_combination_of_columns_mart_hourly_funding_venue__symbol__hour_start  [[32mPASS[0m in 0.13s]
[0m14:42:06.235522 [debug] [Thread-3 (]: Finished running node test.funding_rate_analytics.dbt_utils_unique_combination_of_columns_mart_hourly_funding_venue__symbol__hour_start.868c9b487e
[0m14:42:06.235689 [debug] [Thread-3 (]: Began running node test.funding_rate_analytics.not_null_stg_funding_events_asset_class.102539e1bd
[0m14:42:06.235882 [info ] [Thread-3 (]: 20 of 24 START test not_null_stg_funding_events_asset_class .................... [RUN]
[0m14:42:06.236038 [debug] [Thread-3 (]: Re-using an available connection from the pool (formerly test.funding_rate_analytics.dbt_utils_unique_combination_of_columns_mart_hourly_funding_venue__symbol__hour_start.868c9b487e, now test.funding_rate_analytics.not_null_stg_funding_events_asset_class.102539e1bd)
[0m14:42:06.234785 [info ] [Thread-4 (]: 15 of 24 PASS not_null_mart_hourly_funding_symbol .............................. [[32mPASS[0m in 0.03s]
[0m14:42:06.234953 [debug] [Thread-1 (]: Re-using an available connection from the pool (formerly test.funding_rate_analytics.not_null_mart_hourly_funding_venue.92300b66b4, now test.funding_rate_analytics.not_null_mart_venue_comparison_symbol.11b35d98d7)
[0m14:42:06.236509 [debug] [Thread-1 (]: Began compiling node test.funding_rate_analytics.not_null_mart_venue_comparison_symbol.11b35d98d7
[0m14:42:06.238430 [debug] [Thread-1 (]: Writing injected SQL for node "test.funding_rate_analytics.not_null_mart_venue_comparison_symbol.11b35d98d7"
[0m14:42:06.236178 [debug] [Thread-3 (]: Began compiling node test.funding_rate_analytics.not_null_stg_funding_events_asset_class.102539e1bd
[0m14:42:06.236369 [debug] [Thread-4 (]: Finished running node test.funding_rate_analytics.not_null_mart_hourly_funding_symbol.f2d6c0f007
[0m14:42:06.240117 [debug] [Thread-4 (]: Began running node test.funding_rate_analytics.not_null_stg_funding_events_funding_rate_annualized_pct.89653db3eb
[0m14:42:06.239893 [debug] [Thread-3 (]: Writing injected SQL for node "test.funding_rate_analytics.not_null_stg_funding_events_asset_class.102539e1bd"
[0m14:42:06.240422 [info ] [Thread-4 (]: 21 of 24 START test not_null_stg_funding_events_funding_rate_annualized_pct .... [RUN]
[0m14:42:06.240763 [debug] [Thread-4 (]: Re-using an available connection from the pool (formerly test.funding_rate_analytics.not_null_mart_hourly_funding_symbol.f2d6c0f007, now test.funding_rate_analytics.not_null_stg_funding_events_funding_rate_annualized_pct.89653db3eb)
[0m14:42:06.240928 [debug] [Thread-4 (]: Began compiling node test.funding_rate_analytics.not_null_stg_funding_events_funding_rate_annualized_pct.89653db3eb
[0m14:42:06.243037 [debug] [Thread-4 (]: Writing injected SQL for node "test.funding_rate_analytics.not_null_stg_funding_events_funding_rate_annualized_pct.89653db3eb"
[0m14:42:06.243246 [debug] [Thread-1 (]: Began executing node test.funding_rate_analytics.not_null_mart_venue_comparison_symbol.11b35d98d7
[0m14:42:06.244326 [debug] [Thread-1 (]: Writing runtime sql for node "test.funding_rate_analytics.not_null_mart_venue_comparison_symbol.11b35d98d7"
[0m14:42:06.244485 [debug] [Thread-3 (]: Began executing node test.funding_rate_analytics.not_null_stg_funding_events_asset_class.102539e1bd
[0m14:42:06.243390 [debug] [Thread-2 (]: SQL status: SELECT 1 in 0.010 seconds
[0m14:42:06.246087 [debug] [Thread-2 (]: On test.funding_rate_analytics.not_null_mart_venue_comparison_date.397ed2a6de: ROLLBACK
[0m14:42:06.245520 [debug] [Thread-3 (]: Writing runtime sql for node "test.funding_rate_analytics.not_null_stg_funding_events_asset_class.102539e1bd"
[0m14:42:06.246294 [debug] [Thread-4 (]: Began executing node test.funding_rate_analytics.not_null_stg_funding_events_funding_rate_annualized_pct.89653db3eb
[0m14:42:06.247135 [debug] [Thread-4 (]: Writing runtime sql for node "test.funding_rate_analytics.not_null_stg_funding_events_funding_rate_annualized_pct.89653db3eb"
[0m14:42:06.247440 [debug] [Thread-1 (]: Using postgres connection "test.funding_rate_analytics.not_null_mart_venue_comparison_symbol.11b35d98d7"
[0m14:42:06.247595 [debug] [Thread-1 (]: On test.funding_rate_analytics.not_null_mart_venue_comparison_symbol.11b35d98d7: /* {"app": "dbt", "dbt_version": "1.12.0b2", "profile_name": "funding_rate_analytics", "target_name": "dev", "node_id": "test.funding_rate_analytics.not_null_mart_venue_comparison_symbol.11b35d98d7"} */

    
    select
      count(*) as failures,
      count(*) != 0 as should_warn,
      count(*) != 0 as should_error
    from (
      
    
  
    
    



select symbol
from "funding_rates"."staging_marts"."mart_venue_comparison"
where symbol is null



  
  
      
    ) dbt_internal_test
[0m14:42:06.247732 [debug] [Thread-1 (]: Opening a new connection, currently in state closed
[0m14:42:06.247276 [debug] [Thread-2 (]: On test.funding_rate_analytics.not_null_mart_venue_comparison_date.397ed2a6de: Close
[0m14:42:06.247955 [debug] [Thread-4 (]: Using postgres connection "test.funding_rate_analytics.not_null_stg_funding_events_funding_rate_annualized_pct.89653db3eb"
[0m14:42:06.248431 [debug] [Thread-4 (]: On test.funding_rate_analytics.not_null_stg_funding_events_funding_rate_annualized_pct.89653db3eb: /* {"app": "dbt", "dbt_version": "1.12.0b2", "profile_name": "funding_rate_analytics", "target_name": "dev", "node_id": "test.funding_rate_analytics.not_null_stg_funding_events_funding_rate_annualized_pct.89653db3eb"} */

    
    select
      count(*) as failures,
      count(*) != 0 as should_warn,
      count(*) != 0 as should_error
    from (
      
    
  
    
    



select funding_rate_annualized_pct
from "funding_rates"."staging_staging"."stg_funding_events"
where funding_rate_annualized_pct is null



  
  
      
    ) dbt_internal_test
[0m14:42:06.248571 [debug] [Thread-4 (]: Opening a new connection, currently in state closed
[0m14:42:06.248303 [info ] [Thread-2 (]: 18 of 24 PASS not_null_mart_venue_comparison_date .............................. [[32mPASS[0m in 0.02s]
[0m14:42:06.248862 [debug] [Thread-2 (]: Finished running node test.funding_rate_analytics.not_null_mart_venue_comparison_date.397ed2a6de
[0m14:42:06.249008 [debug] [Thread-2 (]: Began running node test.funding_rate_analytics.not_null_stg_funding_events_interval_start.571c9ad96b
[0m14:42:06.249140 [info ] [Thread-2 (]: 22 of 24 START test not_null_stg_funding_events_interval_start ................. [RUN]
[0m14:42:06.248096 [debug] [Thread-3 (]: Using postgres connection "test.funding_rate_analytics.not_null_stg_funding_events_asset_class.102539e1bd"
[0m14:42:06.249575 [debug] [Thread-3 (]: On test.funding_rate_analytics.not_null_stg_funding_events_asset_class.102539e1bd: /* {"app": "dbt", "dbt_version": "1.12.0b2", "profile_name": "funding_rate_analytics", "target_name": "dev", "node_id": "test.funding_rate_analytics.not_null_stg_funding_events_asset_class.102539e1bd"} */

    
    select
      count(*) as failures,
      count(*) != 0 as should_warn,
      count(*) != 0 as should_error
    from (
      
    
  
    
    



select asset_class
from "funding_rates"."staging_staging"."stg_funding_events"
where asset_class is null



  
  
      
    ) dbt_internal_test
[0m14:42:06.249727 [debug] [Thread-3 (]: Opening a new connection, currently in state closed
[0m14:42:06.249330 [debug] [Thread-2 (]: Re-using an available connection from the pool (formerly test.funding_rate_analytics.not_null_mart_venue_comparison_date.397ed2a6de, now test.funding_rate_analytics.not_null_stg_funding_events_interval_start.571c9ad96b)
[0m14:42:06.250020 [debug] [Thread-2 (]: Began compiling node test.funding_rate_analytics.not_null_stg_funding_events_interval_start.571c9ad96b
[0m14:42:06.251985 [debug] [Thread-2 (]: Writing injected SQL for node "test.funding_rate_analytics.not_null_stg_funding_events_interval_start.571c9ad96b"
[0m14:42:06.252724 [debug] [Thread-2 (]: Began executing node test.funding_rate_analytics.not_null_stg_funding_events_interval_start.571c9ad96b
[0m14:42:06.253526 [debug] [Thread-2 (]: Writing runtime sql for node "test.funding_rate_analytics.not_null_stg_funding_events_interval_start.571c9ad96b"
[0m14:42:06.254105 [debug] [Thread-2 (]: Using postgres connection "test.funding_rate_analytics.not_null_stg_funding_events_interval_start.571c9ad96b"
[0m14:42:06.254243 [debug] [Thread-2 (]: On test.funding_rate_analytics.not_null_stg_funding_events_interval_start.571c9ad96b: /* {"app": "dbt", "dbt_version": "1.12.0b2", "profile_name": "funding_rate_analytics", "target_name": "dev", "node_id": "test.funding_rate_analytics.not_null_stg_funding_events_interval_start.571c9ad96b"} */

    
    select
      count(*) as failures,
      count(*) != 0 as should_warn,
      count(*) != 0 as should_error
    from (
      
    
  
    
    



select interval_start
from "funding_rates"."staging_staging"."stg_funding_events"
where interval_start is null



  
  
      
    ) dbt_internal_test
[0m14:42:06.254365 [debug] [Thread-2 (]: Opening a new connection, currently in state closed
[0m14:42:06.256586 [debug] [Thread-1 (]: SQL status: SELECT 1 in 0.009 seconds
[0m14:42:06.257360 [debug] [Thread-1 (]: On test.funding_rate_analytics.not_null_mart_venue_comparison_symbol.11b35d98d7: ROLLBACK
[0m14:42:06.258034 [debug] [Thread-1 (]: On test.funding_rate_analytics.not_null_mart_venue_comparison_symbol.11b35d98d7: Close
[0m14:42:06.258366 [info ] [Thread-1 (]: 19 of 24 PASS not_null_mart_venue_comparison_symbol ............................ [[32mPASS[0m in 0.02s]
[0m14:42:06.258571 [debug] [Thread-1 (]: Finished running node test.funding_rate_analytics.not_null_mart_venue_comparison_symbol.11b35d98d7
[0m14:42:06.258716 [debug] [Thread-1 (]: Began running node test.funding_rate_analytics.not_null_stg_funding_events_symbol.979ec2bdf0
[0m14:42:06.258887 [info ] [Thread-1 (]: 23 of 24 START test not_null_stg_funding_events_symbol ......................... [RUN]
[0m14:42:06.259037 [debug] [Thread-1 (]: Re-using an available connection from the pool (formerly test.funding_rate_analytics.not_null_mart_venue_comparison_symbol.11b35d98d7, now test.funding_rate_analytics.not_null_stg_funding_events_symbol.979ec2bdf0)
[0m14:42:06.259162 [debug] [Thread-1 (]: Began compiling node test.funding_rate_analytics.not_null_stg_funding_events_symbol.979ec2bdf0
[0m14:42:06.261053 [debug] [Thread-1 (]: Writing injected SQL for node "test.funding_rate_analytics.not_null_stg_funding_events_symbol.979ec2bdf0"
[0m14:42:06.261223 [debug] [Thread-3 (]: SQL status: SELECT 1 in 0.011 seconds
[0m14:42:06.261795 [debug] [Thread-3 (]: On test.funding_rate_analytics.not_null_stg_funding_events_asset_class.102539e1bd: ROLLBACK
[0m14:42:06.262300 [debug] [Thread-3 (]: On test.funding_rate_analytics.not_null_stg_funding_events_asset_class.102539e1bd: Close
[0m14:42:06.262483 [debug] [Thread-1 (]: Began executing node test.funding_rate_analytics.not_null_stg_funding_events_symbol.979ec2bdf0
[0m14:42:06.263449 [debug] [Thread-1 (]: Writing runtime sql for node "test.funding_rate_analytics.not_null_stg_funding_events_symbol.979ec2bdf0"
[0m14:42:06.263679 [info ] [Thread-3 (]: 20 of 24 PASS not_null_stg_funding_events_asset_class .......................... [[32mPASS[0m in 0.03s]
[0m14:42:06.263981 [debug] [Thread-3 (]: Finished running node test.funding_rate_analytics.not_null_stg_funding_events_asset_class.102539e1bd
[0m14:42:06.264126 [debug] [Thread-3 (]: Began running node test.funding_rate_analytics.not_null_stg_funding_events_venue.e2f31a7991
[0m14:42:06.264258 [info ] [Thread-3 (]: 24 of 24 START test not_null_stg_funding_events_venue .......................... [RUN]
[0m14:42:06.264411 [debug] [Thread-3 (]: Re-using an available connection from the pool (formerly test.funding_rate_analytics.not_null_stg_funding_events_asset_class.102539e1bd, now test.funding_rate_analytics.not_null_stg_funding_events_venue.e2f31a7991)
[0m14:42:06.264545 [debug] [Thread-3 (]: Began compiling node test.funding_rate_analytics.not_null_stg_funding_events_venue.e2f31a7991
[0m14:42:06.266508 [debug] [Thread-3 (]: Writing injected SQL for node "test.funding_rate_analytics.not_null_stg_funding_events_venue.e2f31a7991"
[0m14:42:06.266834 [debug] [Thread-1 (]: Using postgres connection "test.funding_rate_analytics.not_null_stg_funding_events_symbol.979ec2bdf0"
[0m14:42:06.267027 [debug] [Thread-1 (]: On test.funding_rate_analytics.not_null_stg_funding_events_symbol.979ec2bdf0: /* {"app": "dbt", "dbt_version": "1.12.0b2", "profile_name": "funding_rate_analytics", "target_name": "dev", "node_id": "test.funding_rate_analytics.not_null_stg_funding_events_symbol.979ec2bdf0"} */

    
    select
      count(*) as failures,
      count(*) != 0 as should_warn,
      count(*) != 0 as should_error
    from (
      
    
  
    
    



select symbol
from "funding_rates"."staging_staging"."stg_funding_events"
where symbol is null



  
  
      
    ) dbt_internal_test
[0m14:42:06.267161 [debug] [Thread-1 (]: Opening a new connection, currently in state closed
[0m14:42:06.267440 [debug] [Thread-3 (]: Began executing node test.funding_rate_analytics.not_null_stg_funding_events_venue.e2f31a7991
[0m14:42:06.268894 [debug] [Thread-3 (]: Writing runtime sql for node "test.funding_rate_analytics.not_null_stg_funding_events_venue.e2f31a7991"
[0m14:42:06.269375 [debug] [Thread-3 (]: Using postgres connection "test.funding_rate_analytics.not_null_stg_funding_events_venue.e2f31a7991"
[0m14:42:06.269507 [debug] [Thread-3 (]: On test.funding_rate_analytics.not_null_stg_funding_events_venue.e2f31a7991: /* {"app": "dbt", "dbt_version": "1.12.0b2", "profile_name": "funding_rate_analytics", "target_name": "dev", "node_id": "test.funding_rate_analytics.not_null_stg_funding_events_venue.e2f31a7991"} */

    
    select
      count(*) as failures,
      count(*) != 0 as should_warn,
      count(*) != 0 as should_error
    from (
      
    
  
    
    



select venue
from "funding_rates"."staging_staging"."stg_funding_events"
where venue is null



  
  
      
    ) dbt_internal_test
[0m14:42:06.269649 [debug] [Thread-3 (]: Opening a new connection, currently in state closed
[0m14:42:06.269827 [debug] [Thread-2 (]: SQL status: SELECT 1 in 0.015 seconds
[0m14:42:06.270413 [debug] [Thread-2 (]: On test.funding_rate_analytics.not_null_stg_funding_events_interval_start.571c9ad96b: ROLLBACK
[0m14:42:06.270951 [debug] [Thread-2 (]: On test.funding_rate_analytics.not_null_stg_funding_events_interval_start.571c9ad96b: Close
[0m14:42:06.271220 [info ] [Thread-2 (]: 22 of 24 PASS not_null_stg_funding_events_interval_start ....................... [[32mPASS[0m in 0.02s]
[0m14:42:06.271437 [debug] [Thread-2 (]: Finished running node test.funding_rate_analytics.not_null_stg_funding_events_interval_start.571c9ad96b
[0m14:42:06.297782 [debug] [Thread-4 (]: SQL status: SELECT 1 in 0.049 seconds
[0m14:42:06.298477 [debug] [Thread-4 (]: On test.funding_rate_analytics.not_null_stg_funding_events_funding_rate_annualized_pct.89653db3eb: ROLLBACK
[0m14:42:06.299459 [debug] [Thread-4 (]: On test.funding_rate_analytics.not_null_stg_funding_events_funding_rate_annualized_pct.89653db3eb: Close
[0m14:42:06.299905 [info ] [Thread-4 (]: 21 of 24 PASS not_null_stg_funding_events_funding_rate_annualized_pct .......... [[32mPASS[0m in 0.06s]
[0m14:42:06.300119 [debug] [Thread-4 (]: Finished running node test.funding_rate_analytics.not_null_stg_funding_events_funding_rate_annualized_pct.89653db3eb
[0m14:42:06.346665 [debug] [Thread-1 (]: SQL status: SELECT 1 in 0.079 seconds
[0m14:42:06.347859 [debug] [Thread-1 (]: On test.funding_rate_analytics.not_null_stg_funding_events_symbol.979ec2bdf0: ROLLBACK
[0m14:42:06.347019 [debug] [Thread-3 (]: SQL status: SELECT 1 in 0.077 seconds
[0m14:42:06.348406 [debug] [Thread-3 (]: On test.funding_rate_analytics.not_null_stg_funding_events_venue.e2f31a7991: ROLLBACK
[0m14:42:06.348715 [debug] [Thread-1 (]: On test.funding_rate_analytics.not_null_stg_funding_events_symbol.979ec2bdf0: Close
[0m14:42:06.349230 [info ] [Thread-1 (]: 23 of 24 PASS not_null_stg_funding_events_symbol ............................... [[32mPASS[0m in 0.09s]
[0m14:42:06.349477 [debug] [Thread-1 (]: Finished running node test.funding_rate_analytics.not_null_stg_funding_events_symbol.979ec2bdf0
[0m14:42:06.349910 [debug] [Thread-3 (]: On test.funding_rate_analytics.not_null_stg_funding_events_venue.e2f31a7991: Close
[0m14:42:06.350235 [info ] [Thread-3 (]: 24 of 24 PASS not_null_stg_funding_events_venue ................................ [[32mPASS[0m in 0.09s]
[0m14:42:06.350449 [debug] [Thread-3 (]: Finished running node test.funding_rate_analytics.not_null_stg_funding_events_venue.e2f31a7991
[0m14:42:06.351493 [debug] [MainThread]: On master: COMMIT
[0m14:42:06.351667 [debug] [MainThread]: Using postgres connection "master"
[0m14:42:06.351780 [debug] [MainThread]: On master: COMMIT
[0m14:42:06.351889 [debug] [MainThread]: Opening a new connection, currently in state closed
[0m14:42:06.358324 [debug] [MainThread]: SQL status: COMMIT in 0.006 seconds
[0m14:42:06.358562 [debug] [MainThread]: On master: Close
[0m14:42:06.358774 [debug] [MainThread]: Connection 'master' was properly closed.
[0m14:42:06.358891 [debug] [MainThread]: Connection 'test.funding_rate_analytics.not_null_stg_funding_events_symbol.979ec2bdf0' was properly closed.
[0m14:42:06.358996 [debug] [MainThread]: Connection 'test.funding_rate_analytics.not_null_stg_funding_events_interval_start.571c9ad96b' was properly closed.
[0m14:42:06.359088 [debug] [MainThread]: Connection 'test.funding_rate_analytics.not_null_stg_funding_events_venue.e2f31a7991' was properly closed.
[0m14:42:06.359177 [debug] [MainThread]: Connection 'test.funding_rate_analytics.not_null_stg_funding_events_funding_rate_annualized_pct.89653db3eb' was properly closed.
[0m14:42:06.359318 [info ] [MainThread]: 
[0m14:42:06.359445 [info ] [MainThread]: Finished running 24 data tests in 0 hours 0 minutes and 0.42 seconds (0.42s).
[0m14:42:06.360601 [debug] [MainThread]: Command end result
[0m14:42:06.380148 [debug] [MainThread]: Wrote artifact WritableManifest to /Users/nformenton/Dev/funding-rate-analytics/dbt/target/manifest.json
[0m14:42:06.382436 [debug] [MainThread]: Wrote artifact SemanticManifest to /Users/nformenton/Dev/funding-rate-analytics/dbt/target/semantic_manifest.json
[0m14:42:06.384427 [debug] [MainThread]: Wrote artifact OsiDocument to /Users/nformenton/Dev/funding-rate-analytics/dbt/target/osi_document.json
[0m14:42:06.388177 [debug] [MainThread]: Wrote artifact RunExecutionResult to /Users/nformenton/Dev/funding-rate-analytics/dbt/target/run_results.json
[0m14:42:06.388325 [info ] [MainThread]: 
[0m14:42:06.388469 [info ] [MainThread]: [32mCompleted successfully[0m
[0m14:42:06.388588 [info ] [MainThread]: 
[0m14:42:06.388717 [info ] [MainThread]: Done. PASS=24 WARN=0 ERROR=0 SKIP=0 NO-OP=0 REUSED=0 TOTAL=24
[0m14:42:06.390676 [debug] [MainThread]: Resource report: {"command_name": "test", "command_success": true, "command_wall_clock_time": 0.83059937, "process_in_blocks": "0", "process_kernel_time": 0.20352, "process_mem_max_rss": "171671552", "process_out_blocks": "0", "process_user_time": 1.087172}
[0m14:42:06.390924 [debug] [MainThread]: Command `dbt test` succeeded at 14:42:06.390885 after 0.83 seconds
[0m14:42:06.391103 [debug] [MainThread]: Sending event: {'category': 'dbt', 'action': 'invocation', 'label': 'end', 'context': [<snowplow_tracker.self_describing_json.SelfDescribingJson object at 0x10d7a74d0>, <snowplow_tracker.self_describing_json.SelfDescribingJson object at 0x10d7f7e30>, <snowplow_tracker.self_describing_json.SelfDescribingJson object at 0x10d7f76a0>]}
[0m14:42:06.391265 [debug] [MainThread]: Flushing usage events
[0m14:42:07.023134 [debug] [MainThread]: An error was encountered while trying to flush usage events
[0m14:55:20.832048 [debug] [MainThread]: Sending event: {'category': 'dbt', 'action': 'invocation', 'label': 'start', 'context': [<snowplow_tracker.self_describing_json.SelfDescribingJson object at 0x108e382f0>, <snowplow_tracker.self_describing_json.SelfDescribingJson object at 0x10a372ad0>, <snowplow_tracker.self_describing_json.SelfDescribingJson object at 0x10a372c10>]}


============================== 14:55:20.835793 | e12a18ab-8c18-4eaa-ac77-4eb031bca10c ==============================
[0m14:55:20.835793 [info ] [MainThread]: Running with dbt=1.12.0-b2
[0m14:55:20.836059 [debug] [MainThread]: running dbt with arguments {'fail_fast': 'False', 'no_print': 'None', 'quiet': 'False', 'cache_selected_only': 'False', 'empty': 'None', 'printer_width': '80', 'target_path': 'None', 'warn_error': 'None', 'debug': 'False', 'profiles_dir': '/Users/nformenton/Dev/funding-rate-analytics/dbt', 'log_cache_events': 'False', 'partial_parse': 'True', 'version_check': 'True', 'write_json': 'True', 'introspect': 'True', 'log_format': 'default', 'invocation_command': 'dbt deps', 'warn_error_options': 'WarnErrorOptionsV2(error=[], warn=[], silence=[])', 'log_path': '/Users/nformenton/Dev/funding-rate-analytics/dbt/logs', 'indirect_selection': 'eager', 'use_experimental_parser': 'False', 'send_anonymous_usage_stats': 'True', 'maximum_seed_size_mib': '1', 'static_parser': 'True', 'use_colors': 'True'}
[0m14:55:20.909443 [debug] [MainThread]: Sending event: {'category': 'dbt', 'action': 'project_id', 'label': 'e12a18ab-8c18-4eaa-ac77-4eb031bca10c', 'context': [<snowplow_tracker.self_describing_json.SelfDescribingJson object at 0x10a19fe10>]}
[0m14:55:20.964135 [debug] [MainThread]: Set downloads directory='/var/folders/vy/8g1h85ss5xn4pz4_3nk999180000gn/T/dbt-downloads-0vgzmpwr'
[0m14:55:20.964377 [debug] [MainThread]: Making package index registry request: GET https://hub.getdbt.com/api/v1/index.json
[0m14:55:21.163884 [debug] [MainThread]: Response from registry index: GET https://hub.getdbt.com/api/v1/index.json 200
[0m14:55:21.169925 [debug] [MainThread]: Making package registry request: GET https://hub.getdbt.com/api/v1/dbt-labs/dbt_utils.json
[0m14:55:21.236422 [debug] [MainThread]: Response from registry: GET https://hub.getdbt.com/api/v1/dbt-labs/dbt_utils.json 200
[0m14:55:21.239012 [info ] [MainThread]: Installing dbt-labs/dbt_utils
[0m14:55:21.679669 [info ] [MainThread]: Installed from version 1.3.0
[0m14:55:21.679903 [info ] [MainThread]: Updated version available: 1.3.3
[0m14:55:21.680074 [debug] [MainThread]: Sending event: {'category': 'dbt', 'action': 'package', 'label': 'e12a18ab-8c18-4eaa-ac77-4eb031bca10c', 'property_': 'install', 'context': [<snowplow_tracker.self_describing_json.SelfDescribingJson object at 0x10a4ae360>, <snowplow_tracker.self_describing_json.SelfDescribingJson object at 0x10a4ae250>]}
[0m14:55:21.680230 [info ] [MainThread]: 
[0m14:55:21.680353 [info ] [MainThread]: Updates available for packages: ['dbt-labs/dbt_utils']                 
Update your versions in packages.yml, then run dbt deps
[0m14:55:21.682954 [debug] [MainThread]: Resource report: {"command_name": "deps", "command_success": true, "command_wall_clock_time": 0.9345974, "process_in_blocks": "0", "process_kernel_time": 0.214072, "process_mem_max_rss": "142213120", "process_out_blocks": "0", "process_user_time": 0.699622}
[0m14:55:21.683256 [debug] [MainThread]: Command `dbt deps` succeeded at 14:55:21.683205 after 0.93 seconds
[0m14:55:21.683423 [debug] [MainThread]: Sending event: {'category': 'dbt', 'action': 'invocation', 'label': 'end', 'context': [<snowplow_tracker.self_describing_json.SelfDescribingJson object at 0x10a5ed750>, <snowplow_tracker.self_describing_json.SelfDescribingJson object at 0x10a4b2030>, <snowplow_tracker.self_describing_json.SelfDescribingJson object at 0x10a4b1f40>]}
[0m14:55:21.683580 [debug] [MainThread]: Flushing usage events
[0m14:55:22.375206 [debug] [MainThread]: An error was encountered while trying to flush usage events
[0m14:55:23.493581 [debug] [MainThread]: Sending event: {'category': 'dbt', 'action': 'invocation', 'label': 'start', 'context': [<snowplow_tracker.self_describing_json.SelfDescribingJson object at 0x10c9c02f0>, <snowplow_tracker.self_describing_json.SelfDescribingJson object at 0x10df6e710>, <snowplow_tracker.self_describing_json.SelfDescribingJson object at 0x10df6e990>]}


============================== 14:55:23.495833 | eeb68a9b-d127-495d-a7ed-dc0275e218a1 ==============================
[0m14:55:23.495833 [info ] [MainThread]: Running with dbt=1.12.0-b2
[0m14:55:23.496092 [debug] [MainThread]: running dbt with arguments {'log_cache_events': 'False', 'fail_fast': 'False', 'log_format': 'default', 'use_colors': 'True', 'indirect_selection': 'eager', 'log_path': '/Users/nformenton/Dev/funding-rate-analytics/dbt/logs', 'maximum_seed_size_mib': '1', 'use_experimental_parser': 'False', 'profiles_dir': '/Users/nformenton/Dev/funding-rate-analytics/dbt', 'introspect': 'True', 'empty': 'False', 'write_json': 'True', 'target_path': 'None', 'warn_error_options': 'WarnErrorOptionsV2(error=[], warn=[], silence=[])', 'quiet': 'False', 'no_print': 'None', 'static_parser': 'True', 'printer_width': '80', 'cache_selected_only': 'False', 'partial_parse': 'True', 'warn_error': 'None', 'version_check': 'True', 'debug': 'False', 'invocation_command': 'dbt run', 'send_anonymous_usage_stats': 'True'}
[0m14:55:23.596506 [debug] [MainThread]: Sending event: {'category': 'dbt', 'action': 'project_id', 'label': 'eeb68a9b-d127-495d-a7ed-dc0275e218a1', 'context': [<snowplow_tracker.self_describing_json.SelfDescribingJson object at 0x10df19e00>]}
[0m14:55:23.620344 [debug] [MainThread]: Sending event: {'category': 'dbt', 'action': 'adapter_info', 'label': 'eeb68a9b-d127-495d-a7ed-dc0275e218a1', 'context': [<snowplow_tracker.self_describing_json.SelfDescribingJson object at 0x10aa42f10>]}
[0m14:55:23.621460 [info ] [MainThread]: Registered adapter: postgres=1.10.0
[0m14:55:23.664195 [debug] [MainThread]: checksum: 4028e76001202c6d79cbd6497f04f8a5167c54a3cd8d4daed1786e25b5aa8f08, vars: {}, profile: funding_rate_analytics, target: dev, version: 1.12.0b2
[0m14:55:23.804983 [debug] [MainThread]: Partial parsing enabled: 1 files deleted, 0 files added, 0 files changed.
[0m14:55:23.805282 [debug] [MainThread]: Partial parsing: deleted file: funding_rate_analytics://analyses/check_dupes.sql
[0m14:55:23.848653 [debug] [MainThread]: Sending event: {'category': 'dbt', 'action': 'load_project', 'label': 'eeb68a9b-d127-495d-a7ed-dc0275e218a1', 'context': [<snowplow_tracker.self_describing_json.SelfDescribingJson object at 0x10f08f150>]}
[0m14:55:23.891262 [debug] [MainThread]: Wrote artifact WritableManifest to /Users/nformenton/Dev/funding-rate-analytics/dbt/target/manifest.json
[0m14:55:23.893701 [debug] [MainThread]: Wrote artifact SemanticManifest to /Users/nformenton/Dev/funding-rate-analytics/dbt/target/semantic_manifest.json
[0m14:55:23.911927 [debug] [MainThread]: Wrote artifact OsiDocument to /Users/nformenton/Dev/funding-rate-analytics/dbt/target/osi_document.json
[0m14:55:23.920140 [debug] [MainThread]: Sending event: {'category': 'dbt', 'action': 'resource_counts', 'label': 'eeb68a9b-d127-495d-a7ed-dc0275e218a1', 'context': [<snowplow_tracker.self_describing_json.SelfDescribingJson object at 0x10f325f40>]}
[0m14:55:23.920364 [info ] [MainThread]: Found 4 models, 24 data tests, 591 macros
[0m14:55:23.920506 [debug] [MainThread]: Sending event: {'category': 'dbt', 'action': 'runnable_timing', 'label': 'eeb68a9b-d127-495d-a7ed-dc0275e218a1', 'context': [<snowplow_tracker.self_describing_json.SelfDescribingJson object at 0x10f33d550>]}
[0m14:55:23.921430 [info ] [MainThread]: 
[0m14:55:23.921576 [info ] [MainThread]: Concurrency: 4 threads (target='dev')
[0m14:55:23.921683 [info ] [MainThread]: 
[0m14:55:23.921885 [debug] [MainThread]: Acquiring new postgres connection 'master'
[0m14:55:23.923533 [debug] [ThreadPool]: Acquiring new postgres connection 'list_funding_rates'
[0m14:55:23.923789 [debug] [ThreadPool]: Acquiring new postgres connection 'list_funding_rates'
[0m14:55:23.995685 [debug] [ThreadPool]: Using postgres connection "list_funding_rates"
[0m14:55:23.996033 [debug] [ThreadPool]: On list_funding_rates: /* {"app": "dbt", "dbt_version": "1.12.0b2", "profile_name": "funding_rate_analytics", "target_name": "dev", "connection_name": "list_funding_rates"} */

    select distinct nspname from pg_namespace
  
[0m14:55:23.996171 [debug] [ThreadPool]: Opening a new connection, currently in state init
[0m14:55:23.995888 [debug] [ThreadPool]: Using postgres connection "list_funding_rates"
[0m14:55:23.996749 [debug] [ThreadPool]: On list_funding_rates: /* {"app": "dbt", "dbt_version": "1.12.0b2", "profile_name": "funding_rate_analytics", "target_name": "dev", "connection_name": "list_funding_rates"} */

    select distinct nspname from pg_namespace
  
[0m14:55:23.996877 [debug] [ThreadPool]: Opening a new connection, currently in state init
[0m14:55:24.052420 [debug] [ThreadPool]: SQL status: SELECT 9 in 0.055 seconds
[0m14:55:24.053128 [debug] [ThreadPool]: On list_funding_rates: Close
[0m14:55:24.052638 [debug] [ThreadPool]: SQL status: SELECT 9 in 0.056 seconds
[0m14:55:24.053537 [debug] [ThreadPool]: On list_funding_rates: Close
[0m14:55:24.054213 [debug] [ThreadPool]: Re-using an available connection from the pool (formerly list_funding_rates, now list_funding_rates_staging_staging)
[0m14:55:24.056477 [debug] [ThreadPool]: Using postgres connection "list_funding_rates_staging_staging"
[0m14:55:24.056819 [debug] [ThreadPool]: On list_funding_rates_staging_staging: /* {"app": "dbt", "dbt_version": "1.12.0b2", "profile_name": "funding_rate_analytics", "target_name": "dev", "connection_name": "list_funding_rates_staging_staging"} */
select
      'funding_rates' as database,
      tablename as name,
      schemaname as schema,
      'table' as type
    from pg_tables
    where schemaname ilike 'staging_staging'
    union all
    select
      'funding_rates' as database,
      viewname as name,
      schemaname as schema,
      'view' as type
    from pg_views
    where schemaname ilike 'staging_staging'
    union all
    select
      'funding_rates' as database,
      matviewname as name,
      schemaname as schema,
      'materialized_view' as type
    from pg_matviews
    where schemaname ilike 'staging_staging'
  
[0m14:55:24.056967 [debug] [ThreadPool]: Opening a new connection, currently in state closed
[0m14:55:24.056660 [debug] [ThreadPool]: Re-using an available connection from the pool (formerly list_funding_rates, now list_funding_rates_staging_marts)
[0m14:55:24.058854 [debug] [ThreadPool]: Using postgres connection "list_funding_rates_staging_marts"
[0m14:55:24.058999 [debug] [ThreadPool]: On list_funding_rates_staging_marts: /* {"app": "dbt", "dbt_version": "1.12.0b2", "profile_name": "funding_rate_analytics", "target_name": "dev", "connection_name": "list_funding_rates_staging_marts"} */
select
      'funding_rates' as database,
      tablename as name,
      schemaname as schema,
      'table' as type
    from pg_tables
    where schemaname ilike 'staging_marts'
    union all
    select
      'funding_rates' as database,
      viewname as name,
      schemaname as schema,
      'view' as type
    from pg_views
    where schemaname ilike 'staging_marts'
    union all
    select
      'funding_rates' as database,
      matviewname as name,
      schemaname as schema,
      'materialized_view' as type
    from pg_matviews
    where schemaname ilike 'staging_marts'
  
[0m14:55:24.059116 [debug] [ThreadPool]: Opening a new connection, currently in state closed
[0m14:55:24.068357 [debug] [ThreadPool]: SQL status: SELECT 1 in 0.011 seconds
[0m14:55:24.068901 [debug] [ThreadPool]: On list_funding_rates_staging_staging: ROLLBACK
[0m14:55:24.069408 [debug] [ThreadPool]: SQL status: SELECT 3 in 0.010 seconds
[0m14:55:24.069886 [debug] [ThreadPool]: On list_funding_rates_staging_marts: ROLLBACK
[0m14:55:24.069530 [debug] [ThreadPool]: On list_funding_rates_staging_staging: Close
[0m14:55:24.070368 [debug] [ThreadPool]: On list_funding_rates_staging_marts: Close
[0m14:55:24.072179 [debug] [MainThread]: Using postgres connection "master"
[0m14:55:24.072338 [debug] [MainThread]: On master: /* {"app": "dbt", "dbt_version": "1.12.0b2", "profile_name": "funding_rate_analytics", "target_name": "dev", "connection_name": "master"} */
select distinct
        dependent_namespace.nspname as dependent_schema,
        dependent_class.relname as dependent_name,
        referenced_namespace.nspname as referenced_schema,
        referenced_class.relname as referenced_name

    -- Query for views: views are entries in pg_class with an entry in pg_rewrite, but we avoid
    -- a seq scan on pg_rewrite by leveraging the fact there is an "internal" row in pg_depend for
    -- the view...
    from pg_class as dependent_class
    join pg_namespace as dependent_namespace on dependent_namespace.oid = dependent_class.relnamespace
    join pg_depend as dependent_depend on dependent_depend.refobjid = dependent_class.oid
        and dependent_depend.classid = 'pg_rewrite'::regclass
        and dependent_depend.refclassid = 'pg_class'::regclass
        and dependent_depend.deptype = 'i'

    -- ... and via pg_depend (that has a row per column, hence the need for "distinct" above, and
    -- making sure to exclude the internal row to avoid a view appearing to depend on itself)...
    join pg_depend as joining_depend on joining_depend.objid = dependent_depend.objid
        and joining_depend.classid = 'pg_rewrite'::regclass
        and joining_depend.refclassid = 'pg_class'::regclass
        and joining_depend.refobjid != dependent_depend.refobjid

    -- ... we can find the tables they query from in pg_class, but excluding system tables. Note we
    -- don't need need to exclude _dependent_ system tables, because they only query from other
    -- system tables, and so are automatically excluded by excluding _referenced_ system tables
    join pg_class as referenced_class on referenced_class.oid = joining_depend.refobjid
    join pg_namespace as referenced_namespace on referenced_namespace.oid = referenced_class.relnamespace
        and referenced_namespace.nspname != 'information_schema'
        and referenced_namespace.nspname not like 'pg\_%'

    order by
        dependent_schema, dependent_name, referenced_schema, referenced_name;
[0m14:55:24.072477 [debug] [MainThread]: Opening a new connection, currently in state init
[0m14:55:24.084181 [debug] [MainThread]: SQL status: SELECT 8 in 0.012 seconds
[0m14:55:24.084707 [debug] [MainThread]: Sending event: {'category': 'dbt', 'action': 'runnable_timing', 'label': 'eeb68a9b-d127-495d-a7ed-dc0275e218a1', 'context': [<snowplow_tracker.self_describing_json.SelfDescribingJson object at 0x10f5c2750>]}
[0m14:55:24.084904 [debug] [MainThread]: On master: ROLLBACK
[0m14:55:24.085302 [debug] [MainThread]: On master: COMMIT
[0m14:55:24.085411 [debug] [MainThread]: Using postgres connection "master"
[0m14:55:24.085510 [debug] [MainThread]: On master: COMMIT
[0m14:55:24.086100 [debug] [MainThread]: SQL status: COMMIT in 0.000 seconds
[0m14:55:24.086227 [debug] [MainThread]: On master: Close
[0m14:55:24.088070 [debug] [Thread-1 (]: Began running node model.funding_rate_analytics.stg_funding_events
[0m14:55:24.088285 [info ] [Thread-1 (]: 1 of 4 START sql view model staging_staging.stg_funding_events ................. [RUN]
[0m14:55:24.088457 [debug] [Thread-1 (]: Re-using an available connection from the pool (formerly list_funding_rates_staging_staging, now model.funding_rate_analytics.stg_funding_events)
[0m14:55:24.088591 [debug] [Thread-1 (]: Began compiling node model.funding_rate_analytics.stg_funding_events
[0m14:55:24.091267 [debug] [Thread-1 (]: Writing injected SQL for node "model.funding_rate_analytics.stg_funding_events"
[0m14:55:24.091758 [debug] [Thread-1 (]: Began executing node model.funding_rate_analytics.stg_funding_events
[0m14:55:24.104398 [debug] [Thread-1 (]: Writing runtime sql for node "model.funding_rate_analytics.stg_funding_events"
[0m14:55:24.105291 [debug] [Thread-1 (]: Using postgres connection "model.funding_rate_analytics.stg_funding_events"
[0m14:55:24.105495 [debug] [Thread-1 (]: On model.funding_rate_analytics.stg_funding_events: /* {"app": "dbt", "dbt_version": "1.12.0b2", "profile_name": "funding_rate_analytics", "target_name": "dev", "node_id": "model.funding_rate_analytics.stg_funding_events"} */

  create view "funding_rates"."staging_staging"."stg_funding_events__dbt_tmp"
    
    
  as (
    -- Binance: 8h, decimal rate
SELECT
    'binance' AS venue,
    symbol,
    CASE WHEN symbol IN ('BTCUSDT','ETHUSDT','SOLUSDT') THEN 'crypto' ELSE 'equity' END AS asset_class,
    ts AS interval_start,
    8 AS interval_hours,
    funding_rate AS funding_rate_raw,
    funding_rate * 3 * 365 * 100 AS funding_rate_annualized_pct,
    mark_price,
    index_price,
    CASE WHEN index_price > 0 THEN (mark_price - index_price) / index_price * 10000 ELSE NULL END AS premium_bps,
    NOW() AS _loaded_at
FROM raw.funding_binance

UNION ALL

-- Hyperliquid: hourly, decimal rate
SELECT
    'hyperliquid' AS venue,
    coin AS symbol,
    'crypto' AS asset_class,
    ts AS interval_start,
    1 AS interval_hours,
    funding_rate AS funding_rate_raw,
    funding_rate * 24 * 365 * 100 AS funding_rate_annualized_pct,
    mark_price,
    NULL AS index_price,
    NULL AS premium_bps,
    NOW() AS _loaded_at
FROM raw.funding_hyperliquid

UNION ALL

-- Deribit: 8h, percentage interest
SELECT
    'deribit' AS venue,
    REPLACE(instrument_name, '-PERPETUAL', '') || 'USDT' AS symbol,
    'crypto' AS asset_class,
    ts AS interval_start,
    8 AS interval_hours,
    interest_8h AS funding_rate_raw,
    interest_8h / 100 * 3 * 365 AS funding_rate_annualized_pct,
    mark_price,
    index_price,
    CASE WHEN index_price > 0 THEN (mark_price - index_price) / index_price * 10000 ELSE NULL END AS premium_bps,
    NOW() AS _loaded_at
FROM raw.funding_deribit

UNION ALL

-- Equity perps: variable intervals
SELECT
    venue,
    symbol,
    'equity' AS asset_class,
    ts AS interval_start,
    funding_interval_hours,
    funding_rate AS funding_rate_raw,
    CASE
        WHEN funding_interval_hours > 0
        THEN funding_rate * (24.0 / funding_interval_hours) * 365 * 100
        ELSE NULL
    END AS funding_rate_annualized_pct,
    mark_price,
    index_price,
    CASE WHEN index_price > 0 THEN (mark_price - index_price) / index_price * 10000 ELSE NULL END AS premium_bps,
    NOW() AS _loaded_at
FROM raw.funding_equity_perps
  );
[0m14:55:24.105674 [debug] [Thread-1 (]: Opening a new connection, currently in state closed
[0m14:55:24.117966 [debug] [Thread-1 (]: SQL status: CREATE VIEW in 0.012 seconds
[0m14:55:24.121197 [debug] [Thread-1 (]: Using postgres connection "model.funding_rate_analytics.stg_funding_events"
[0m14:55:24.121407 [debug] [Thread-1 (]: On model.funding_rate_analytics.stg_funding_events: /* {"app": "dbt", "dbt_version": "1.12.0b2", "profile_name": "funding_rate_analytics", "target_name": "dev", "node_id": "model.funding_rate_analytics.stg_funding_events"} */
alter table "funding_rates"."staging_staging"."stg_funding_events" rename to "stg_funding_events__dbt_backup"
[0m14:55:24.122347 [debug] [Thread-1 (]: SQL status: ALTER TABLE in 0.001 seconds
[0m14:55:24.123420 [debug] [Thread-1 (]: Using postgres connection "model.funding_rate_analytics.stg_funding_events"
[0m14:55:24.123558 [debug] [Thread-1 (]: On model.funding_rate_analytics.stg_funding_events: /* {"app": "dbt", "dbt_version": "1.12.0b2", "profile_name": "funding_rate_analytics", "target_name": "dev", "node_id": "model.funding_rate_analytics.stg_funding_events"} */
alter table "funding_rates"."staging_staging"."stg_funding_events__dbt_tmp" rename to "stg_funding_events"
[0m14:55:24.124185 [debug] [Thread-1 (]: SQL status: ALTER TABLE in 0.000 seconds
[0m14:55:24.130894 [debug] [Thread-1 (]: On model.funding_rate_analytics.stg_funding_events: COMMIT
[0m14:55:24.131041 [debug] [Thread-1 (]: Using postgres connection "model.funding_rate_analytics.stg_funding_events"
[0m14:55:24.131167 [debug] [Thread-1 (]: On model.funding_rate_analytics.stg_funding_events: COMMIT
[0m14:55:24.133205 [debug] [Thread-1 (]: SQL status: COMMIT in 0.002 seconds
[0m14:55:24.135836 [debug] [Thread-1 (]: Applying DROP to: "funding_rates"."staging_staging"."stg_funding_events__dbt_backup"
[0m14:55:24.137409 [debug] [Thread-1 (]: Using postgres connection "model.funding_rate_analytics.stg_funding_events"
[0m14:55:24.137559 [debug] [Thread-1 (]: On model.funding_rate_analytics.stg_funding_events: /* {"app": "dbt", "dbt_version": "1.12.0b2", "profile_name": "funding_rate_analytics", "target_name": "dev", "node_id": "model.funding_rate_analytics.stg_funding_events"} */
drop view if exists "funding_rates"."staging_staging"."stg_funding_events__dbt_backup" cascade
[0m14:55:24.140235 [debug] [Thread-1 (]: SQL status: DROP VIEW in 0.003 seconds
[0m14:55:24.141183 [debug] [Thread-1 (]: On model.funding_rate_analytics.stg_funding_events: Close
[0m14:55:24.142245 [debug] [Thread-1 (]: Sending event: {'category': 'dbt', 'action': 'run_model', 'label': 'eeb68a9b-d127-495d-a7ed-dc0275e218a1', 'context': [<snowplow_tracker.self_describing_json.SelfDescribingJson object at 0x10f439610>]}
[0m14:55:24.142527 [info ] [Thread-1 (]: 1 of 4 OK created sql view model staging_staging.stg_funding_events ............ [[32mCREATE VIEW[0m in 0.05s]
[0m14:55:24.142749 [debug] [Thread-1 (]: Finished running node model.funding_rate_analytics.stg_funding_events
[0m14:55:24.143092 [debug] [Thread-3 (]: Began running node model.funding_rate_analytics.mart_hourly_funding
[0m14:55:24.143473 [info ] [Thread-3 (]: 3 of 4 START sql table model staging_marts.mart_hourly_funding ................. [RUN]
[0m14:55:24.143701 [debug] [Thread-3 (]: Acquiring new postgres connection 'model.funding_rate_analytics.mart_hourly_funding'
[0m14:55:24.143844 [debug] [Thread-3 (]: Began compiling node model.funding_rate_analytics.mart_hourly_funding
[0m14:55:24.145268 [debug] [Thread-3 (]: Writing injected SQL for node "model.funding_rate_analytics.mart_hourly_funding"
[0m14:55:24.143285 [debug] [Thread-2 (]: Began running node model.funding_rate_analytics.mart_daily_funding
[0m14:55:24.145486 [info ] [Thread-2 (]: 2 of 4 START sql table model staging_marts.mart_daily_funding .................. [RUN]
[0m14:55:24.145649 [debug] [Thread-2 (]: Re-using an available connection from the pool (formerly list_funding_rates_staging_marts, now model.funding_rate_analytics.mart_daily_funding)
[0m14:55:24.145784 [debug] [Thread-2 (]: Began compiling node model.funding_rate_analytics.mart_daily_funding
[0m14:55:24.146772 [debug] [Thread-2 (]: Writing injected SQL for node "model.funding_rate_analytics.mart_daily_funding"
[0m14:55:24.146998 [debug] [Thread-3 (]: Began executing node model.funding_rate_analytics.mart_hourly_funding
[0m14:55:24.155095 [debug] [Thread-3 (]: Writing runtime sql for node "model.funding_rate_analytics.mart_hourly_funding"
[0m14:55:24.155312 [debug] [Thread-2 (]: Began executing node model.funding_rate_analytics.mart_daily_funding
[0m14:55:24.156668 [debug] [Thread-2 (]: Writing runtime sql for node "model.funding_rate_analytics.mart_daily_funding"
[0m14:55:24.156938 [debug] [Thread-3 (]: Using postgres connection "model.funding_rate_analytics.mart_hourly_funding"
[0m14:55:24.157258 [debug] [Thread-3 (]: On model.funding_rate_analytics.mart_hourly_funding: /* {"app": "dbt", "dbt_version": "1.12.0b2", "profile_name": "funding_rate_analytics", "target_name": "dev", "node_id": "model.funding_rate_analytics.mart_hourly_funding"} */

  
    

  create  table "funding_rates"."staging_marts"."mart_hourly_funding__dbt_tmp"
  
  
    as
  
  (
    SELECT
    venue,
    symbol,
    asset_class,
    DATE_TRUNC('hour', interval_start) AS hour_start,
    AVG(funding_rate_annualized_pct) * 100 AS avg_rate_bps,
    MIN(funding_rate_annualized_pct) * 100 AS min_rate_bps,
    MAX(funding_rate_annualized_pct) * 100 AS max_rate_bps,
    STDDEV(funding_rate_annualized_pct) * 100 AS rate_stddev,
    COUNT(*) AS sample_count,
    AVG(premium_bps) AS avg_premium_bps,
    AVG(mark_price) AS avg_mark_price,
    AVG(index_price) AS avg_index_price
FROM "funding_rates"."staging_staging"."stg_funding_events"
WHERE funding_rate_annualized_pct IS NOT NULL
GROUP BY 1, 2, 3, 4
  );
  
[0m14:55:24.157413 [debug] [Thread-3 (]: Opening a new connection, currently in state init
[0m14:55:24.157598 [debug] [Thread-2 (]: Using postgres connection "model.funding_rate_analytics.mart_daily_funding"
[0m14:55:24.157755 [debug] [Thread-2 (]: On model.funding_rate_analytics.mart_daily_funding: /* {"app": "dbt", "dbt_version": "1.12.0b2", "profile_name": "funding_rate_analytics", "target_name": "dev", "node_id": "model.funding_rate_analytics.mart_daily_funding"} */

  
    

  create  table "funding_rates"."staging_marts"."mart_daily_funding__dbt_tmp"
  
  
    as
  
  (
    WITH daily_agg AS (
    SELECT
        venue,
        symbol,
        asset_class,
        DATE_TRUNC('day', interval_start)::DATE AS date,
        AVG(funding_rate_annualized_pct) * 100 AS avg_rate_bps,
        MIN(funding_rate_annualized_pct) * 100 AS min_rate_bps,
        MAX(funding_rate_annualized_pct) * 100 AS max_rate_bps,
        STDDEV(funding_rate_annualized_pct) * 100 AS rate_volatility,
        AVG(premium_bps) AS avg_premium_bps,
        AVG(funding_rate_annualized_pct) AS daily_annualized_yield_pct
    FROM "funding_rates"."staging_staging"."stg_funding_events"
    WHERE funding_rate_annualized_pct IS NOT NULL
    GROUP BY 1, 2, 3, 4
)
SELECT
    venue,
    symbol,
    asset_class,
    date,
    avg_rate_bps,
    min_rate_bps,
    max_rate_bps,
    rate_volatility,
    avg_premium_bps,
    EXTRACT(DOW FROM date) IN (0, 6) AS is_weekend,
    daily_annualized_yield_pct
FROM daily_agg
  );
  
[0m14:55:24.157902 [debug] [Thread-2 (]: Opening a new connection, currently in state closed
[0m14:55:24.569315 [debug] [Thread-2 (]: SQL status: SELECT 18437 in 0.411 seconds
[0m14:55:24.573025 [debug] [Thread-2 (]: Using postgres connection "model.funding_rate_analytics.mart_daily_funding"
[0m14:55:24.573215 [debug] [Thread-2 (]: On model.funding_rate_analytics.mart_daily_funding: /* {"app": "dbt", "dbt_version": "1.12.0b2", "profile_name": "funding_rate_analytics", "target_name": "dev", "node_id": "model.funding_rate_analytics.mart_daily_funding"} */
alter table "funding_rates"."staging_marts"."mart_daily_funding" rename to "mart_daily_funding__dbt_backup"
[0m14:55:24.574036 [debug] [Thread-2 (]: SQL status: ALTER TABLE in 0.001 seconds
[0m14:55:24.575127 [debug] [Thread-2 (]: Using postgres connection "model.funding_rate_analytics.mart_daily_funding"
[0m14:55:24.575264 [debug] [Thread-2 (]: On model.funding_rate_analytics.mart_daily_funding: /* {"app": "dbt", "dbt_version": "1.12.0b2", "profile_name": "funding_rate_analytics", "target_name": "dev", "node_id": "model.funding_rate_analytics.mart_daily_funding"} */
alter table "funding_rates"."staging_marts"."mart_daily_funding__dbt_tmp" rename to "mart_daily_funding"
[0m14:55:24.575823 [debug] [Thread-2 (]: SQL status: ALTER TABLE in 0.000 seconds
[0m14:55:24.576372 [debug] [Thread-2 (]: On model.funding_rate_analytics.mart_daily_funding: COMMIT
[0m14:55:24.576507 [debug] [Thread-2 (]: Using postgres connection "model.funding_rate_analytics.mart_daily_funding"
[0m14:55:24.576626 [debug] [Thread-2 (]: On model.funding_rate_analytics.mart_daily_funding: COMMIT
[0m14:55:24.582114 [debug] [Thread-2 (]: SQL status: COMMIT in 0.005 seconds
[0m14:55:24.583008 [debug] [Thread-2 (]: Applying DROP to: "funding_rates"."staging_marts"."mart_daily_funding__dbt_backup"
[0m14:55:24.584067 [debug] [Thread-2 (]: Using postgres connection "model.funding_rate_analytics.mart_daily_funding"
[0m14:55:24.584199 [debug] [Thread-2 (]: On model.funding_rate_analytics.mart_daily_funding: /* {"app": "dbt", "dbt_version": "1.12.0b2", "profile_name": "funding_rate_analytics", "target_name": "dev", "node_id": "model.funding_rate_analytics.mart_daily_funding"} */
drop table if exists "funding_rates"."staging_marts"."mart_daily_funding__dbt_backup" cascade
[0m14:55:24.586116 [debug] [Thread-2 (]: SQL status: DROP TABLE in 0.002 seconds
[0m14:55:24.586583 [debug] [Thread-2 (]: On model.funding_rate_analytics.mart_daily_funding: Close
[0m14:55:24.586842 [debug] [Thread-2 (]: Sending event: {'category': 'dbt', 'action': 'run_model', 'label': 'eeb68a9b-d127-495d-a7ed-dc0275e218a1', 'context': [<snowplow_tracker.self_describing_json.SelfDescribingJson object at 0x10f8681b0>]}
[0m14:55:24.587094 [info ] [Thread-2 (]: 2 of 4 OK created sql table model staging_marts.mart_daily_funding ............. [[32mSELECT 18437[0m in 0.44s]
[0m14:55:24.587300 [debug] [Thread-2 (]: Finished running node model.funding_rate_analytics.mart_daily_funding
[0m14:55:24.587645 [debug] [Thread-4 (]: Began running node model.funding_rate_analytics.mart_venue_comparison
[0m14:55:24.587816 [info ] [Thread-4 (]: 4 of 4 START sql table model staging_marts.mart_venue_comparison ............... [RUN]
[0m14:55:24.588007 [debug] [Thread-4 (]: Acquiring new postgres connection 'model.funding_rate_analytics.mart_venue_comparison'
[0m14:55:24.588139 [debug] [Thread-4 (]: Began compiling node model.funding_rate_analytics.mart_venue_comparison
[0m14:55:24.589403 [debug] [Thread-4 (]: Writing injected SQL for node "model.funding_rate_analytics.mart_venue_comparison"
[0m14:55:24.590285 [debug] [Thread-4 (]: Began executing node model.funding_rate_analytics.mart_venue_comparison
[0m14:55:24.592011 [debug] [Thread-4 (]: Writing runtime sql for node "model.funding_rate_analytics.mart_venue_comparison"
[0m14:55:24.592559 [debug] [Thread-4 (]: Using postgres connection "model.funding_rate_analytics.mart_venue_comparison"
[0m14:55:24.592734 [debug] [Thread-4 (]: On model.funding_rate_analytics.mart_venue_comparison: /* {"app": "dbt", "dbt_version": "1.12.0b2", "profile_name": "funding_rate_analytics", "target_name": "dev", "node_id": "model.funding_rate_analytics.mart_venue_comparison"} */

  
    

  create  table "funding_rates"."staging_marts"."mart_venue_comparison__dbt_tmp"
  
  
    as
  
  (
    WITH daily AS (
    SELECT * FROM "funding_rates"."staging_marts"."mart_daily_funding"
),
binance AS (
    SELECT date, symbol, asset_class, avg_rate_bps
    FROM daily WHERE venue = 'binance'
),
hyperliquid AS (
    SELECT date, symbol, asset_class, avg_rate_bps
    FROM daily WHERE venue = 'hyperliquid'
),
deribit AS (
    SELECT date, symbol, asset_class, avg_rate_bps
    FROM daily WHERE venue = 'deribit'
)
SELECT
    COALESCE(b.date, h.date, d.date) AS date,
    COALESCE(b.symbol, h.symbol, d.symbol) AS symbol,
    COALESCE(b.asset_class, h.asset_class, d.asset_class) AS asset_class,
    b.avg_rate_bps AS binance_rate_bps,
    h.avg_rate_bps AS hyperliquid_rate_bps,
    d.avg_rate_bps AS deribit_rate_bps,
    GREATEST(
        COALESCE(ABS(b.avg_rate_bps - h.avg_rate_bps), 0),
        COALESCE(ABS(b.avg_rate_bps - d.avg_rate_bps), 0),
        COALESCE(ABS(h.avg_rate_bps - d.avg_rate_bps), 0)
    ) AS max_cross_spread_bps,
    CASE
        WHEN ABS(COALESCE(b.avg_rate_bps, 0) - COALESCE(h.avg_rate_bps, 0))
            >= GREATEST(
                COALESCE(ABS(b.avg_rate_bps - d.avg_rate_bps), 0),
                COALESCE(ABS(h.avg_rate_bps - d.avg_rate_bps), 0)
            )
            THEN 'binance-hyperliquid'
        WHEN ABS(COALESCE(b.avg_rate_bps, 0) - COALESCE(d.avg_rate_bps, 0))
            >= COALESCE(ABS(h.avg_rate_bps - d.avg_rate_bps), 0)
            THEN 'binance-deribit'
        ELSE 'hyperliquid-deribit'
    END AS arb_venue_pair,
    0 AS arb_apy_pct
FROM binance b
FULL OUTER JOIN hyperliquid h
    ON b.date = h.date AND b.symbol = h.symbol
FULL OUTER JOIN deribit d
    ON COALESCE(b.date, h.date) = d.date
    AND COALESCE(b.symbol, h.symbol) = d.symbol
  );
  
[0m14:55:24.592901 [debug] [Thread-4 (]: Opening a new connection, currently in state init
[0m14:55:24.617604 [debug] [Thread-4 (]: SQL status: SELECT 11273 in 0.025 seconds
[0m14:55:24.619070 [debug] [Thread-4 (]: Using postgres connection "model.funding_rate_analytics.mart_venue_comparison"
[0m14:55:24.619221 [debug] [Thread-4 (]: On model.funding_rate_analytics.mart_venue_comparison: /* {"app": "dbt", "dbt_version": "1.12.0b2", "profile_name": "funding_rate_analytics", "target_name": "dev", "node_id": "model.funding_rate_analytics.mart_venue_comparison"} */
alter table "funding_rates"."staging_marts"."mart_venue_comparison" rename to "mart_venue_comparison__dbt_backup"
[0m14:55:24.619808 [debug] [Thread-4 (]: SQL status: ALTER TABLE in 0.000 seconds
[0m14:55:24.621007 [debug] [Thread-4 (]: Using postgres connection "model.funding_rate_analytics.mart_venue_comparison"
[0m14:55:24.621142 [debug] [Thread-4 (]: On model.funding_rate_analytics.mart_venue_comparison: /* {"app": "dbt", "dbt_version": "1.12.0b2", "profile_name": "funding_rate_analytics", "target_name": "dev", "node_id": "model.funding_rate_analytics.mart_venue_comparison"} */
alter table "funding_rates"."staging_marts"."mart_venue_comparison__dbt_tmp" rename to "mart_venue_comparison"
[0m14:55:24.621629 [debug] [Thread-4 (]: SQL status: ALTER TABLE in 0.000 seconds
[0m14:55:24.622154 [debug] [Thread-4 (]: On model.funding_rate_analytics.mart_venue_comparison: COMMIT
[0m14:55:24.622282 [debug] [Thread-4 (]: Using postgres connection "model.funding_rate_analytics.mart_venue_comparison"
[0m14:55:24.622403 [debug] [Thread-4 (]: On model.funding_rate_analytics.mart_venue_comparison: COMMIT
[0m14:55:24.628436 [debug] [Thread-4 (]: SQL status: COMMIT in 0.006 seconds
[0m14:55:24.630181 [debug] [Thread-4 (]: Applying DROP to: "funding_rates"."staging_marts"."mart_venue_comparison__dbt_backup"
[0m14:55:24.630621 [debug] [Thread-4 (]: Using postgres connection "model.funding_rate_analytics.mart_venue_comparison"
[0m14:55:24.630797 [debug] [Thread-4 (]: On model.funding_rate_analytics.mart_venue_comparison: /* {"app": "dbt", "dbt_version": "1.12.0b2", "profile_name": "funding_rate_analytics", "target_name": "dev", "node_id": "model.funding_rate_analytics.mart_venue_comparison"} */
drop table if exists "funding_rates"."staging_marts"."mart_venue_comparison__dbt_backup" cascade
[0m14:55:24.633480 [debug] [Thread-4 (]: SQL status: DROP TABLE in 0.002 seconds
[0m14:55:24.634758 [debug] [Thread-4 (]: On model.funding_rate_analytics.mart_venue_comparison: Close
[0m14:55:24.635284 [debug] [Thread-4 (]: Sending event: {'category': 'dbt', 'action': 'run_model', 'label': 'eeb68a9b-d127-495d-a7ed-dc0275e218a1', 'context': [<snowplow_tracker.self_describing_json.SelfDescribingJson object at 0x10f870410>]}
[0m14:55:24.635679 [info ] [Thread-4 (]: 4 of 4 OK created sql table model staging_marts.mart_venue_comparison .......... [[32mSELECT 11273[0m in 0.05s]
[0m14:55:24.635924 [debug] [Thread-4 (]: Finished running node model.funding_rate_analytics.mart_venue_comparison
[0m14:55:24.832619 [debug] [Thread-3 (]: SQL status: SELECT 260956 in 0.675 seconds
[0m14:55:24.834732 [debug] [Thread-3 (]: Using postgres connection "model.funding_rate_analytics.mart_hourly_funding"
[0m14:55:24.834944 [debug] [Thread-3 (]: On model.funding_rate_analytics.mart_hourly_funding: /* {"app": "dbt", "dbt_version": "1.12.0b2", "profile_name": "funding_rate_analytics", "target_name": "dev", "node_id": "model.funding_rate_analytics.mart_hourly_funding"} */
alter table "funding_rates"."staging_marts"."mart_hourly_funding" rename to "mart_hourly_funding__dbt_backup"
[0m14:55:24.835875 [debug] [Thread-3 (]: SQL status: ALTER TABLE in 0.001 seconds
[0m14:55:24.836981 [debug] [Thread-3 (]: Using postgres connection "model.funding_rate_analytics.mart_hourly_funding"
[0m14:55:24.837124 [debug] [Thread-3 (]: On model.funding_rate_analytics.mart_hourly_funding: /* {"app": "dbt", "dbt_version": "1.12.0b2", "profile_name": "funding_rate_analytics", "target_name": "dev", "node_id": "model.funding_rate_analytics.mart_hourly_funding"} */
alter table "funding_rates"."staging_marts"."mart_hourly_funding__dbt_tmp" rename to "mart_hourly_funding"
[0m14:55:24.838006 [debug] [Thread-3 (]: SQL status: ALTER TABLE in 0.001 seconds
[0m14:55:24.839047 [debug] [Thread-3 (]: On model.funding_rate_analytics.mart_hourly_funding: COMMIT
[0m14:55:24.839254 [debug] [Thread-3 (]: Using postgres connection "model.funding_rate_analytics.mart_hourly_funding"
[0m14:55:24.839426 [debug] [Thread-3 (]: On model.funding_rate_analytics.mart_hourly_funding: COMMIT
[0m14:55:24.849090 [debug] [Thread-3 (]: SQL status: COMMIT in 0.009 seconds
[0m14:55:24.850392 [debug] [Thread-3 (]: Applying DROP to: "funding_rates"."staging_marts"."mart_hourly_funding__dbt_backup"
[0m14:55:24.850721 [debug] [Thread-3 (]: Using postgres connection "model.funding_rate_analytics.mart_hourly_funding"
[0m14:55:24.850869 [debug] [Thread-3 (]: On model.funding_rate_analytics.mart_hourly_funding: /* {"app": "dbt", "dbt_version": "1.12.0b2", "profile_name": "funding_rate_analytics", "target_name": "dev", "node_id": "model.funding_rate_analytics.mart_hourly_funding"} */
drop table if exists "funding_rates"."staging_marts"."mart_hourly_funding__dbt_backup" cascade
[0m14:55:24.852791 [debug] [Thread-3 (]: SQL status: DROP TABLE in 0.002 seconds
[0m14:55:24.853315 [debug] [Thread-3 (]: On model.funding_rate_analytics.mart_hourly_funding: Close
[0m14:55:24.853554 [debug] [Thread-3 (]: Sending event: {'category': 'dbt', 'action': 'run_model', 'label': 'eeb68a9b-d127-495d-a7ed-dc0275e218a1', 'context': [<snowplow_tracker.self_describing_json.SelfDescribingJson object at 0x10f6b0450>]}
[0m14:55:24.853805 [info ] [Thread-3 (]: 3 of 4 OK created sql table model staging_marts.mart_hourly_funding ............ [[32mSELECT 260956[0m in 0.71s]
[0m14:55:24.854012 [debug] [Thread-3 (]: Finished running node model.funding_rate_analytics.mart_hourly_funding
[0m14:55:24.854637 [debug] [MainThread]: On master: COMMIT
[0m14:55:24.854768 [debug] [MainThread]: Using postgres connection "master"
[0m14:55:24.854877 [debug] [MainThread]: On master: COMMIT
[0m14:55:24.854984 [debug] [MainThread]: Opening a new connection, currently in state closed
[0m14:55:24.861514 [debug] [MainThread]: SQL status: COMMIT in 0.006 seconds
[0m14:55:24.861766 [debug] [MainThread]: On master: Close
[0m14:55:24.861977 [debug] [MainThread]: Connection 'master' was properly closed.
[0m14:55:24.862090 [debug] [MainThread]: Connection 'model.funding_rate_analytics.stg_funding_events' was properly closed.
[0m14:55:24.862193 [debug] [MainThread]: Connection 'model.funding_rate_analytics.mart_daily_funding' was properly closed.
[0m14:55:24.862286 [debug] [MainThread]: Connection 'model.funding_rate_analytics.mart_hourly_funding' was properly closed.
[0m14:55:24.862377 [debug] [MainThread]: Connection 'model.funding_rate_analytics.mart_venue_comparison' was properly closed.
[0m14:55:24.862543 [info ] [MainThread]: 
[0m14:55:24.862679 [info ] [MainThread]: Finished running 3 table models, 1 view model in 0 hours 0 minutes and 0.94 seconds (0.94s).
[0m14:55:24.863098 [debug] [MainThread]: Command end result
[0m14:55:24.882556 [debug] [MainThread]: Wrote artifact WritableManifest to /Users/nformenton/Dev/funding-rate-analytics/dbt/target/manifest.json
[0m14:55:24.884672 [debug] [MainThread]: Wrote artifact SemanticManifest to /Users/nformenton/Dev/funding-rate-analytics/dbt/target/semantic_manifest.json
[0m14:55:24.886037 [debug] [MainThread]: Wrote artifact OsiDocument to /Users/nformenton/Dev/funding-rate-analytics/dbt/target/osi_document.json
[0m14:55:24.889387 [debug] [MainThread]: Wrote artifact RunExecutionResult to /Users/nformenton/Dev/funding-rate-analytics/dbt/target/run_results.json
[0m14:55:24.889514 [info ] [MainThread]: 
[0m14:55:24.889658 [info ] [MainThread]: [32mCompleted successfully[0m
[0m14:55:24.889767 [info ] [MainThread]: 
[0m14:55:24.889890 [info ] [MainThread]: Done. PASS=4 WARN=0 ERROR=0 SKIP=0 NO-OP=0 REUSED=0 TOTAL=4
[0m14:55:24.891996 [debug] [MainThread]: Resource report: {"command_name": "run", "command_success": true, "command_wall_clock_time": 1.4439735, "process_in_blocks": "0", "process_kernel_time": 0.210542, "process_mem_max_rss": "167739392", "process_out_blocks": "0", "process_user_time": 1.024483}
[0m14:55:24.892191 [debug] [MainThread]: Command `dbt run` succeeded at 14:55:24.892160 after 1.44 seconds
[0m14:55:24.892338 [debug] [MainThread]: Sending event: {'category': 'dbt', 'action': 'invocation', 'label': 'end', 'context': [<snowplow_tracker.self_describing_json.SelfDescribingJson object at 0x10df93930>, <snowplow_tracker.self_describing_json.SelfDescribingJson object at 0x10dd50e50>, <snowplow_tracker.self_describing_json.SelfDescribingJson object at 0x10dccf7d0>]}
[0m14:55:24.892475 [debug] [MainThread]: Flushing usage events
[0m14:55:25.523897 [debug] [MainThread]: An error was encountered while trying to flush usage events
